customer_id,true_group
C00001,low_engagement
C00002,everyday_spender
C00003,low_engagement
C00004,low_engagement
C00005,affluent_traveller
C00006,dormant
C00007,low_engagement
C00008,low_engagement
C00009,affluent_traveller
C00010,digital_shopper
C00011,everyday_spender
C00012,dormant
C00013,digital_shopper
C00014,low_engagement
C00015,digital_shopper
C00016,everyday_spender
C00017,digital_shopper
C00018,affluent_traveller
C00019,low_engagement
C00020,digital_shopper
C00021,low_engagement
C00022,everyday_spender
C00023,dormant
C00024,dormant
C00025,low_engagement
C00026,everyday_spender
C00027,digital_shopper
C00028,affluent_traveller
C00029,everyday_spender
C00030,low_engagement
C00031,low_engagement
C00032,dormant
C00033,everyday_spender
C00034,everyday_spender
C00035,digital_shopper
C00036,everyday_spender
C00037,affluent_traveller
C00038,digital_shopper
C00039,everyday_spender
C00040,low_engagement
C00041,everyday_spender
C00042,low_engagement
C00043,low_engagement
C00044,everyday_spender
C00045,low_engagement
C00046,low_engagement
C00047,everyday_spender
C00048,everyday_spender
C00049,low_engagement
C00050,affluent_traveller
C00051,everyday_spender
C00052,affluent_traveller
C00053,low_engagement
C00054,low_engagement
C00055,low_engagement
C00056,low_engagement
C00057,digital_shopper
C00058,digital_shopper
C00059,affluent_traveller
C00060,affluent_traveller
C00061,low_engagement
C00062,digital_shopper
C00063,digital_shopper
C00064,low_engagement
C00065,digital_shopper
C00066,digital_shopper
C00067,digital_shopper
C00068,everyday_spender
C00069,affluent_traveller
C00070,everyday_spender
C00071,everyday_spender
C00072,everyday_spender
C00073,low_engagement
C00074,everyday_spender
C00075,affluent_traveller
C00076,everyday_spender
C00077,everyday_spender
C00078,low_engagement
C00079,digital_shopper
C00080,low_engagement
C00081,low_engagement
C00082,everyday_spender
C00083,low_engagement
C00084,everyday_spender
C00085,affluent_traveller
C00086,affluent_traveller
C00087,low_engagement
C00088,digital_shopper
C00089,everyday_spender
C00090,digital_shopper
C00091,everyday_spender
C00092,low_engagement
C00093,digital_shopper
C00094,everyday_spender
C00095,everyday_spender
C00096,digital_shopper
C00097,everyday_spender
C00098,affluent_traveller
C00099,affluent_traveller
C00100,dormant
C00101,dormant
C00102,low_engagement
C00103,everyday_spender
C00104,dormant
C00105,low_engagement
C00106,low_engagement
C00107,digital_shopper
C00108,everyday_spender
C00109,affluent_traveller
C00110,dormant
C00111,digital_shopper
C00112,everyday_spender
C00113,everyday_spender
C00114,digital_shopper
C00115,everyday_spender
C00116,low_engagement
C00117,low_engagement
C00118,low_engagement
C00119,everyday_spender
C00120,digital_shopper
C00121,digital_shopper
C00122,digital_shopper
C00123,affluent_traveller
C00124,everyday_spender
C00125,affluent_traveller
C00126,digital_shopper
C00127,everyday_spender
C00128,everyday_spender
C00129,affluent_traveller
C00130,digital_shopper
C00131,everyday_spender
C00132,dormant
C00133,digital_shopper
C00134,everyday_spender
C00135,digital_shopper
C00136,affluent_traveller
C00137,dormant
C00138,digital_shopper
C00139,low_engagement
C00140,affluent_traveller
C00141,digital_shopper
C00142,digital_shopper
C00143,dormant
C00144,digital_shopper
C00145,digital_shopper
C00146,everyday_spender
C00147,everyday_spender
C00148,digital_shopper
C00149,everyday_spender
C00150,affluent_traveller
C00151,low_engagement
C00152,dormant
C00153,everyday_spender
C00154,digital_shopper
C00155,affluent_traveller
C00156,low_engagement
C00157,everyday_spender
C00158,digital_shopper
C00159,low_engagement
C00160,low_engagement
C00161,affluent_traveller
C00162,dormant
C00163,everyday_spender
C00164,affluent_traveller
C00165,digital_shopper
C00166,everyday_spender
C00167,low_engagement
C00168,low_engagement
C00169,everyday_spender
C00170,dormant
C00171,everyday_spender
C00172,digital_shopper
C00173,everyday_spender
C00174,dormant
C00175,everyday_spender
C00176,affluent_traveller
C00177,everyday_spender
C00178,dormant
C00179,dormant
C00180,low_engagement
C00181,dormant
C00182,dormant
C00183,digital_shopper
C00184,everyday_spender
C00185,low_engagement
C00186,low_engagement
C00187,everyday_spender
C00188,affluent_traveller
C00189,low_engagement
C00190,everyday_spender
C00191,dormant
C00192,everyday_spender
C00193,affluent_traveller
C00194,low_engagement
C00195,everyday_spender
C00196,everyday_spender
C00197,digital_shopper
C00198,dormant
C00199,everyday_spender
C00200,everyday_spender
C00201,low_engagement
C00202,dormant
C00203,digital_shopper
C00204,everyday_spender
C00205,affluent_traveller
C00206,everyday_spender
C00207,affluent_traveller
C00208,low_engagement
C00209,affluent_traveller
C00210,digital_shopper
C00211,low_engagement
C00212,digital_shopper
C00213,everyday_spender
C00214,low_engagement
C00215,low_engagement
C00216,low_engagement
C00217,affluent_traveller
C00218,affluent_traveller
C00219,dormant
C00220,everyday_spender
C00221,everyday_spender
C00222,digital_shopper
C00223,low_engagement
C00224,dormant
C00225,everyday_spender
C00226,dormant
C00227,affluent_traveller
C00228,digital_shopper
C00229,digital_shopper
C00230,affluent_traveller
C00231,everyday_spender
C00232,everyday_spender
C00233,dormant
C00234,digital_shopper
C00235,dormant
C00236,low_engagement
C00237,digital_shopper
C00238,low_engagement
C00239,affluent_traveller
C00240,affluent_traveller
C00241,low_engagement
C00242,low_engagement
C00243,everyday_spender
C00244,digital_shopper
C00245,digital_shopper
C00246,dormant
C00247,digital_shopper
C00248,everyday_spender
C00249,everyday_spender
C00250,everyday_spender
C00251,digital_shopper
C00252,dormant
C00253,digital_shopper
C00254,everyday_spender
C00255,everyday_spender
C00256,low_engagement
C00257,low_engagement
C00258,affluent_traveller
C00259,affluent_traveller
C00260,digital_shopper
C00261,everyday_spender
C00262,low_engagement
C00263,everyday_spender
C00264,everyday_spender
C00265,dormant
C00266,everyday_spender
C00267,everyday_spender
C00268,everyday_spender
C00269,affluent_traveller
C00270,affluent_traveller
C00271,affluent_traveller
C00272,everyday_spender
C00273,affluent_traveller
C00274,digital_shopper
C00275,low_engagement
C00276,everyday_spender
C00277,everyday_spender
C00278,digital_shopper
C00279,dormant
C00280,low_engagement
C00281,affluent_traveller
C00282,everyday_spender
C00283,everyday_spender
C00284,everyday_spender
C00285,digital_shopper
C00286,everyday_spender
C00287,affluent_traveller
C00288,everyday_spender
C00289,digital_shopper
C00290,affluent_traveller
C00291,low_engagement
C00292,affluent_traveller
C00293,dormant
C00294,affluent_traveller
C00295,low_engagement
C00296,dormant
C00297,dormant
C00298,low_engagement
C00299,low_engagement
C00300,digital_shopper
C00301,low_engagement
C00302,affluent_traveller
C00303,digital_shopper
C00304,digital_shopper
C00305,low_engagement
C00306,digital_shopper
C00307,everyday_spender
C00308,digital_shopper
C00309,everyday_spender
C00310,affluent_traveller
C00311,digital_shopper
C00312,everyday_spender
C00313,everyday_spender
C00314,everyday_spender
C00315,everyday_spender
C00316,everyday_spender
C00317,everyday_spender
C00318,low_engagement
C00319,everyday_spender
C00320,dormant
C00321,dormant
C00322,digital_shopper
C00323,everyday_spender
C00324,digital_shopper
C00325,low_engagement
C00326,digital_shopper
C00327,low_engagement
C00328,digital_shopper
C00329,digital_shopper
C00330,everyday_spender
C00331,low_engagement
C00332,everyday_spender
C00333,low_engagement
C00334,dormant
C00335,affluent_traveller
C00336,digital_shopper
C00337,affluent_traveller
C00338,low_engagement
C00339,affluent_traveller
C00340,dormant
C00341,affluent_traveller
C00342,dormant
C00343,low_engagement
C00344,digital_shopper
C00345,low_engagement
C00346,low_engagement
C00347,dormant
C00348,everyday_spender
C00349,digital_shopper
C00350,affluent_traveller
C00351,digital_shopper
C00352,everyday_spender
C00353,digital_shopper
C00354,digital_shopper
C00355,digital_shopper
C00356,digital_shopper
C00357,low_engagement
C00358,low_engagement
C00359,digital_shopper
C00360,digital_shopper
C00361,dormant
C00362,affluent_traveller
C00363,affluent_traveller
C00364,affluent_traveller
C00365,digital_shopper
C00366,everyday_spender
C00367,low_engagement
C00368,low_engagement
C00369,everyday_spender
C00370,dormant
C00371,low_engagement
C00372,everyday_spender
C00373,everyday_spender
C00374,everyday_spender
C00375,everyday_spender
C00376,everyday_spender
C00377,dormant
C00378,everyday_spender
C00379,everyday_spender
C00380,low_engagement
C00381,digital_shopper
C00382,dormant
C00383,low_engagement
C00384,digital_shopper
C00385,everyday_spender
C00386,dormant
C00387,low_engagement
C00388,dormant
C00389,affluent_traveller
C00390,low_engagement
C00391,digital_shopper
C00392,affluent_traveller
C00393,digital_shopper
C00394,low_engagement
C00395,affluent_traveller
C00396,digital_shopper
C00397,low_engagement
C00398,everyday_spender
C00399,digital_shopper
C00400,digital_shopper
C00401,everyday_spender
C00402,dormant
C00403,low_engagement
C00404,affluent_traveller
C00405,dormant
C00406,dormant
C00407,everyday_spender
C00408,low_engagement
C00409,affluent_traveller
C00410,dormant
C00411,low_engagement
C00412,digital_shopper
C00413,affluent_traveller
C00414,dormant
C00415,affluent_traveller
C00416,everyday_spender
C00417,everyday_spender
C00418,low_engagement
C00419,everyday_spender
C00420,dormant
C00421,digital_shopper
C00422,affluent_traveller
C00423,affluent_traveller
C00424,affluent_traveller
C00425,digital_shopper
C00426,low_engagement
C00427,everyday_spender
C00428,low_engagement
C00429,affluent_traveller
C00430,low_engagement
C00431,dormant
C00432,low_engagement
C00433,low_engagement
C00434,low_engagement
C00435,affluent_traveller
C00436,everyday_spender
C00437,affluent_traveller
C00438,digital_shopper
C00439,low_engagement
C00440,digital_shopper
C00441,low_engagement
C00442,everyday_spender
C00443,low_engagement
C00444,everyday_spender
C00445,everyday_spender
C00446,low_engagement
C00447,dormant
C00448,digital_shopper
C00449,affluent_traveller
C00450,digital_shopper
C00451,affluent_traveller
C00452,dormant
C00453,low_engagement
C00454,everyday_spender
C00455,affluent_traveller
C00456,everyday_spender
C00457,dormant
C00458,digital_shopper
C00459,low_engagement
C00460,digital_shopper
C00461,digital_shopper
C00462,everyday_spender
C00463,dormant
C00464,everyday_spender
C00465,digital_shopper
C00466,low_engagement
C00467,digital_shopper
C00468,dormant
C00469,everyday_spender
C00470,digital_shopper
C00471,everyday_spender
C00472,digital_shopper
C00473,affluent_traveller
C00474,affluent_traveller
C00475,everyday_spender
C00476,everyday_spender
C00477,everyday_spender
C00478,digital_shopper
C00479,digital_shopper
C00480,everyday_spender
C00481,everyday_spender
C00482,everyday_spender
C00483,digital_shopper
C00484,everyday_spender
C00485,affluent_traveller
C00486,everyday_spender
C00487,digital_shopper
C00488,everyday_spender
C00489,digital_shopper
C00490,digital_shopper
C00491,low_engagement
C00492,digital_shopper
C00493,digital_shopper
C00494,everyday_spender
C00495,low_engagement
C00496,digital_shopper
C00497,everyday_spender
C00498,digital_shopper
C00499,everyday_spender
C00500,digital_shopper
C00501,low_engagement
C00502,dormant
C00503,dormant
C00504,digital_shopper
C00505,digital_shopper
C00506,low_engagement
C00507,everyday_spender
C00508,low_engagement
C00509,digital_shopper
C00510,affluent_traveller
C00511,affluent_traveller
C00512,low_engagement
C00513,affluent_traveller
C00514,everyday_spender
C00515,everyday_spender
C00516,everyday_spender
C00517,everyday_spender
C00518,low_engagement
C00519,affluent_traveller
C00520,low_engagement
C00521,low_engagement
C00522,everyday_spender
C00523,everyday_spender
C00524,digital_shopper
C00525,affluent_traveller
C00526,everyday_spender
C00527,dormant
C00528,dormant
C00529,low_engagement
C00530,everyday_spender
C00531,low_engagement
C00532,low_engagement
C00533,everyday_spender
C00534,digital_shopper
C00535,affluent_traveller
C00536,everyday_spender
C00537,digital_shopper
C00538,everyday_spender
C00539,everyday_spender
C00540,low_engagement
C00541,dormant
C00542,digital_shopper
C00543,low_engagement
C00544,dormant
C00545,everyday_spender
C00546,digital_shopper
C00547,everyday_spender
C00548,affluent_traveller
C00549,low_engagement
C00550,everyday_spender
C00551,digital_shopper
C00552,everyday_spender
C00553,everyday_spender
C00554,dormant
C00555,affluent_traveller
C00556,everyday_spender
C00557,everyday_spender
C00558,digital_shopper
C00559,digital_shopper
C00560,digital_shopper
C00561,affluent_traveller
C00562,everyday_spender
C00563,low_engagement
C00564,digital_shopper
C00565,digital_shopper
C00566,low_engagement
C00567,low_engagement
C00568,affluent_traveller
C00569,everyday_spender
C00570,digital_shopper
C00571,everyday_spender
C00572,low_engagement
C00573,digital_shopper
C00574,low_engagement
C00575,low_engagement
C00576,digital_shopper
C00577,dormant
C00578,digital_shopper
C00579,low_engagement
C00580,everyday_spender
C00581,digital_shopper
C00582,digital_shopper
C00583,affluent_traveller
C00584,everyday_spender
C00585,dormant
C00586,digital_shopper
C00587,everyday_spender
C00588,everyday_spender
C00589,everyday_spender
C00590,affluent_traveller
C00591,dormant
C00592,digital_shopper
C00593,everyday_spender
C00594,digital_shopper
C00595,affluent_traveller
C00596,everyday_spender
C00597,low_engagement
C00598,digital_shopper
C00599,dormant
C00600,digital_shopper
C00601,digital_shopper
C00602,low_engagement
C00603,dormant
C00604,low_engagement
C00605,dormant
C00606,low_engagement
C00607,dormant
C00608,affluent_traveller
C00609,low_engagement
C00610,digital_shopper
C00611,digital_shopper
C00612,digital_shopper
C00613,dormant
C00614,dormant
C00615,everyday_spender
C00616,low_engagement
C00617,low_engagement
C00618,everyday_spender
C00619,affluent_traveller
C00620,affluent_traveller
C00621,low_engagement
C00622,digital_shopper
C00623,dormant
C00624,digital_shopper
C00625,dormant
C00626,everyday_spender
C00627,low_engagement
C00628,affluent_traveller
C00629,digital_shopper
C00630,low_engagement
C00631,dormant
C00632,low_engagement
C00633,affluent_traveller
C00634,everyday_spender
C00635,affluent_traveller
C00636,affluent_traveller
C00637,low_engagement
C00638,low_engagement
C00639,low_engagement
C00640,dormant
C00641,low_engagement
C00642,low_engagement
C00643,affluent_traveller
C00644,everyday_spender
C00645,digital_shopper
C00646,low_engagement
C00647,affluent_traveller
C00648,digital_shopper
C00649,low_engagement
C00650,affluent_traveller
C00651,everyday_spender
C00652,dormant
C00653,low_engagement
C00654,everyday_spender
C00655,low_engagement
C00656,everyday_spender
C00657,low_engagement
C00658,everyday_spender
C00659,digital_shopper
C00660,everyday_spender
C00661,everyday_spender
C00662,dormant
C00663,everyday_spender
C00664,affluent_traveller
C00665,everyday_spender
C00666,low_engagement
C00667,low_engagement
C00668,dormant
C00669,everyday_spender
C00670,everyday_spender
C00671,affluent_traveller
C00672,digital_shopper
C00673,dormant
C00674,low_engagement
C00675,digital_shopper
C00676,everyday_spender
C00677,dormant
C00678,digital_shopper
C00679,affluent_traveller
C00680,everyday_spender
C00681,affluent_traveller
C00682,everyday_spender
C00683,affluent_traveller
C00684,digital_shopper
C00685,digital_shopper
C00686,everyday_spender
C00687,everyday_spender
C00688,dormant
C00689,low_engagement
C00690,digital_shopper
C00691,everyday_spender
C00692,dormant
C00693,everyday_spender
C00694,everyday_spender
C00695,dormant
C00696,digital_shopper
C00697,low_engagement
C00698,digital_shopper
C00699,digital_shopper
C00700,everyday_spender
C00701,everyday_spender
C00702,everyday_spender
C00703,everyday_spender
C00704,dormant
C00705,everyday_spender
C00706,digital_shopper
C00707,low_engagement
C00708,low_engagement
C00709,everyday_spender
C00710,digital_shopper
C00711,dormant
C00712,low_engagement
C00713,low_engagement
C00714,dormant
C00715,low_engagement
C00716,everyday_spender
C00717,digital_shopper
C00718,affluent_traveller
C00719,digital_shopper
C00720,dormant
C00721,digital_shopper
C00722,everyday_spender
C00723,affluent_traveller
C00724,dormant
C00725,affluent_traveller
C00726,affluent_traveller
C00727,everyday_spender
C00728,affluent_traveller
C00729,digital_shopper
C00730,digital_shopper
C00731,everyday_spender
C00732,affluent_traveller
C00733,affluent_traveller
C00734,everyday_spender
C00735,affluent_traveller
C00736,low_engagement
C00737,everyday_spender
C00738,everyday_spender
C00739,everyday_spender
C00740,everyday_spender
C00741,affluent_traveller
C00742,affluent_traveller
C00743,dormant
C00744,affluent_traveller
C00745,digital_shopper
C00746,digital_shopper
C00747,everyday_spender
C00748,everyday_spender
C00749,low_engagement
C00750,low_engagement
C00751,everyday_spender
C00752,everyday_spender
C00753,everyday_spender
C00754,digital_shopper
C00755,low_engagement
C00756,everyday_spender
C00757,everyday_spender
C00758,dormant
C00759,affluent_traveller
C00760,digital_shopper
C00761,low_engagement
C00762,everyday_spender
C00763,affluent_traveller
C00764,affluent_traveller
C00765,dormant
C00766,affluent_traveller
C00767,everyday_spender
C00768,affluent_traveller
C00769,affluent_traveller
C00770,digital_shopper
C00771,everyday_spender
C00772,digital_shopper
C00773,digital_shopper
C00774,low_engagement
C00775,affluent_traveller
C00776,low_engagement
C00777,digital_shopper
C00778,everyday_spender
C00779,low_engagement
C00780,low_engagement
C00781,everyday_spender
C00782,dormant
C00783,digital_shopper
C00784,digital_shopper
C00785,dormant
C00786,everyday_spender
C00787,low_engagement
C00788,everyday_spender
C00789,low_engagement
C00790,digital_shopper
C00791,everyday_spender
C00792,everyday_spender
C00793,everyday_spender
C00794,affluent_traveller
C00795,affluent_traveller
C00796,everyday_spender
C00797,affluent_traveller
C00798,everyday_spender
C00799,low_engagement
C00800,low_engagement
C00801,low_engagement
C00802,everyday_spender
C00803,dormant
C00804,digital_shopper
C00805,affluent_traveller
C00806,everyday_spender
C00807,low_engagement
C00808,everyday_spender
C00809,digital_shopper
C00810,dormant
C00811,affluent_traveller
C00812,affluent_traveller
C00813,dormant
C00814,digital_shopper
C00815,affluent_traveller
C00816,dormant
C00817,dormant
C00818,digital_shopper
C00819,digital_shopper
C00820,everyday_spender
C00821,affluent_traveller
C00822,digital_shopper
C00823,everyday_spender
C00824,low_engagement
C00825,low_engagement
C00826,affluent_traveller
C00827,digital_shopper
C00828,everyday_spender
C00829,dormant
C00830,everyday_spender
C00831,digital_shopper
C00832,digital_shopper
C00833,everyday_spender
C00834,low_engagement
C00835,low_engagement
C00836,digital_shopper
C00837,low_engagement
C00838,dormant
C00839,everyday_spender
C00840,digital_shopper
C00841,affluent_traveller
C00842,low_engagement
C00843,digital_shopper
C00844,everyday_spender
C00845,affluent_traveller
C00846,dormant
C00847,everyday_spender
C00848,low_engagement
C00849,everyday_spender
C00850,dormant
C00851,everyday_spender
C00852,everyday_spender
C00853,low_engagement
C00854,dormant
C00855,everyday_spender
C00856,digital_shopper
C00857,low_engagement
C00858,dormant
C00859,everyday_spender
C00860,digital_shopper
C00861,low_engagement
C00862,low_engagement
C00863,low_engagement
C00864,digital_shopper
C00865,affluent_traveller
C00866,dormant
C00867,dormant
C00868,low_engagement
C00869,affluent_traveller
C00870,everyday_spender
C00871,low_engagement
C00872,affluent_traveller
C00873,dormant
C00874,everyday_spender
C00875,low_engagement
C00876,dormant
C00877,everyday_spender
C00878,everyday_spender
C00879,digital_shopper
C00880,digital_shopper
C00881,everyday_spender
C00882,digital_shopper
C00883,dormant
C00884,digital_shopper
C00885,everyday_spender
C00886,everyday_spender
C00887,everyday_spender
C00888,affluent_traveller
C00889,everyday_spender
C00890,low_engagement
C00891,everyday_spender
C00892,dormant
C00893,everyday_spender
C00894,affluent_traveller
C00895,low_engagement
C00896,dormant
C00897,everyday_spender
C00898,everyday_spender
C00899,everyday_spender
C00900,digital_shopper
C00901,digital_shopper
C00902,everyday_spender
C00903,affluent_traveller
C00904,digital_shopper
C00905,dormant
C00906,digital_shopper
C00907,digital_shopper
C00908,affluent_traveller
C00909,everyday_spender
C00910,everyday_spender
C00911,low_engagement
C00912,dormant
C00913,dormant
C00914,dormant
C00915,dormant
C00916,dormant
C00917,affluent_traveller
C00918,affluent_traveller
C00919,everyday_spender
C00920,digital_shopper
C00921,affluent_traveller
C00922,low_engagement
C00923,digital_shopper
C00924,digital_shopper
C00925,everyday_spender
C00926,everyday_spender
C00927,everyday_spender
C00928,low_engagement
C00929,digital_shopper
C00930,low_engagement
C00931,everyday_spender
C00932,everyday_spender
C00933,everyday_spender
C00934,low_engagement
C00935,low_engagement
C00936,everyday_spender
C00937,dormant
C00938,affluent_traveller
C00939,dormant
C00940,affluent_traveller
C00941,everyday_spender
C00942,low_engagement
C00943,everyday_spender
C00944,everyday_spender
C00945,digital_shopper
C00946,everyday_spender
C00947,low_engagement
C00948,low_engagement
C00949,dormant
C00950,everyday_spender
C00951,digital_shopper
C00952,everyday_spender
C00953,everyday_spender
C00954,everyday_spender
C00955,dormant
C00956,dormant
C00957,low_engagement
C00958,digital_shopper
C00959,digital_shopper
C00960,digital_shopper
C00961,digital_shopper
C00962,everyday_spender
C00963,affluent_traveller
C00964,affluent_traveller
C00965,dormant
C00966,digital_shopper
C00967,dormant
C00968,everyday_spender
C00969,digital_shopper
C00970,everyday_spender
C00971,everyday_spender
C00972,affluent_traveller
C00973,affluent_traveller
C00974,dormant
C00975,everyday_spender
C00976,digital_shopper
C00977,digital_shopper
C00978,everyday_spender
C00979,digital_shopper
C00980,everyday_spender
C00981,dormant
C00982,low_engagement
C00983,low_engagement
C00984,digital_shopper
C00985,everyday_spender
C00986,dormant
C00987,everyday_spender
C00988,affluent_traveller
C00989,everyday_spender
C00990,low_engagement
C00991,digital_shopper
C00992,low_engagement
C00993,low_engagement
C00994,everyday_spender
C00995,dormant
C00996,everyday_spender
C00997,digital_shopper
C00998,affluent_traveller
C00999,dormant
C01000,everyday_spender
C01001,affluent_traveller
C01002,digital_shopper
C01003,affluent_traveller
C01004,everyday_spender
C01005,digital_shopper
C01006,everyday_spender
C01007,dormant
C01008,everyday_spender
C01009,low_engagement
C01010,digital_shopper
C01011,digital_shopper
C01012,digital_shopper
C01013,digital_shopper
C01014,dormant
C01015,everyday_spender
C01016,everyday_spender
C01017,low_engagement
C01018,low_engagement
C01019,affluent_traveller
C01020,digital_shopper
C01021,dormant
C01022,low_engagement
C01023,dormant
C01024,digital_shopper
C01025,digital_shopper
C01026,everyday_spender
C01027,dormant
C01028,everyday_spender
C01029,low_engagement
C01030,everyday_spender
C01031,digital_shopper
C01032,low_engagement
C01033,digital_shopper
C01034,dormant
C01035,everyday_spender
C01036,digital_shopper
C01037,everyday_spender
C01038,everyday_spender
C01039,digital_shopper
C01040,affluent_traveller
C01041,affluent_traveller
C01042,low_engagement
C01043,digital_shopper
C01044,low_engagement
C01045,affluent_traveller
C01046,everyday_spender
C01047,everyday_spender
C01048,low_engagement
C01049,dormant
C01050,everyday_spender
C01051,low_engagement
C01052,affluent_traveller
C01053,everyday_spender
C01054,affluent_traveller
C01055,everyday_spender
C01056,low_engagement
C01057,dormant
C01058,everyday_spender
C01059,digital_shopper
C01060,low_engagement
C01061,dormant
C01062,digital_shopper
C01063,everyday_spender
C01064,digital_shopper
C01065,everyday_spender
C01066,dormant
C01067,everyday_spender
C01068,low_engagement
C01069,affluent_traveller
C01070,everyday_spender
C01071,dormant
C01072,digital_shopper
C01073,digital_shopper
C01074,dormant
C01075,low_engagement
C01076,everyday_spender
C01077,digital_shopper
C01078,digital_shopper
C01079,digital_shopper
C01080,everyday_spender
C01081,everyday_spender
C01082,dormant
C01083,dormant
C01084,low_engagement
C01085,dormant
C01086,low_engagement
C01087,low_engagement
C01088,low_engagement
C01089,digital_shopper
C01090,digital_shopper
C01091,everyday_spender
C01092,digital_shopper
C01093,everyday_spender
C01094,everyday_spender
C01095,digital_shopper
C01096,everyday_spender
C01097,everyday_spender
C01098,low_engagement
C01099,dormant
C01100,everyday_spender
C01101,affluent_traveller
C01102,everyday_spender
C01103,low_engagement
C01104,low_engagement
C01105,affluent_traveller
C01106,low_engagement
C01107,affluent_traveller
C01108,everyday_spender
C01109,dormant
C01110,everyday_spender
C01111,everyday_spender
C01112,everyday_spender
C01113,digital_shopper
C01114,dormant
C01115,dormant
C01116,affluent_traveller
C01117,affluent_traveller
C01118,low_engagement
C01119,everyday_spender
C01120,dormant
C01121,low_engagement
C01122,affluent_traveller
C01123,low_engagement
C01124,everyday_spender
C01125,everyday_spender
C01126,digital_shopper
C01127,digital_shopper
C01128,low_engagement
C01129,digital_shopper
C01130,dormant
C01131,dormant
C01132,digital_shopper
C01133,affluent_traveller
C01134,low_engagement
C01135,dormant
C01136,everyday_spender
C01137,digital_shopper
C01138,everyday_spender
C01139,affluent_traveller
C01140,low_engagement
C01141,everyday_spender
C01142,low_engagement
C01143,low_engagement
C01144,low_engagement
C01145,everyday_spender
C01146,everyday_spender
C01147,low_engagement
C01148,low_engagement
C01149,digital_shopper
C01150,dormant
C01151,everyday_spender
C01152,dormant
C01153,affluent_traveller
C01154,everyday_spender
C01155,digital_shopper
C01156,affluent_traveller
C01157,affluent_traveller
C01158,affluent_traveller
C01159,everyday_spender
C01160,low_engagement
C01161,affluent_traveller
C01162,digital_shopper
C01163,low_engagement
C01164,everyday_spender
C01165,everyday_spender
C01166,dormant
C01167,low_engagement
C01168,digital_shopper
C01169,low_engagement
C01170,affluent_traveller
C01171,everyday_spender
C01172,low_engagement
C01173,everyday_spender
C01174,low_engagement
C01175,digital_shopper
C01176,low_engagement
C01177,digital_shopper
C01178,everyday_spender
C01179,everyday_spender
C01180,everyday_spender
C01181,low_engagement
C01182,affluent_traveller
C01183,affluent_traveller
C01184,everyday_spender
C01185,everyday_spender
C01186,low_engagement
C01187,everyday_spender
C01188,dormant
C01189,affluent_traveller
C01190,digital_shopper
C01191,digital_shopper
C01192,everyday_spender
C01193,dormant
C01194,dormant
C01195,dormant
C01196,everyday_spender
C01197,everyday_spender
C01198,digital_shopper
C01199,everyday_spender
C01200,low_engagement
C01201,digital_shopper
C01202,digital_shopper
C01203,low_engagement
C01204,low_engagement
C01205,affluent_traveller
C01206,affluent_traveller
C01207,digital_shopper
C01208,digital_shopper
C01209,everyday_spender
C01210,everyday_spender
C01211,low_engagement
C01212,low_engagement
C01213,digital_shopper
C01214,everyday_spender
C01215,everyday_spender
C01216,digital_shopper
C01217,everyday_spender
C01218,digital_shopper
C01219,low_engagement
C01220,affluent_traveller
C01221,affluent_traveller
C01222,everyday_spender
C01223,dormant
C01224,digital_shopper
C01225,everyday_spender
C01226,dormant
C01227,digital_shopper
C01228,digital_shopper
C01229,dormant
C01230,affluent_traveller
C01231,everyday_spender
C01232,digital_shopper
C01233,everyday_spender
C01234,low_engagement
C01235,everyday_spender
C01236,affluent_traveller
C01237,everyday_spender
C01238,everyday_spender
C01239,everyday_spender
C01240,affluent_traveller
C01241,dormant
C01242,everyday_spender
C01243,everyday_spender
C01244,affluent_traveller
C01245,everyday_spender
C01246,everyday_spender
C01247,digital_shopper
C01248,everyday_spender
C01249,dormant
C01250,dormant
C01251,affluent_traveller
C01252,affluent_traveller
C01253,affluent_traveller
C01254,digital_shopper
C01255,affluent_traveller
C01256,low_engagement
C01257,low_engagement
C01258,low_engagement
C01259,digital_shopper
C01260,dormant
C01261,affluent_traveller
C01262,everyday_spender
C01263,everyday_spender
C01264,dormant
C01265,digital_shopper
C01266,low_engagement
C01267,everyday_spender
C01268,dormant
C01269,digital_shopper
C01270,digital_shopper
C01271,dormant
C01272,everyday_spender
C01273,everyday_spender
C01274,digital_shopper
C01275,affluent_traveller
C01276,everyday_spender
C01277,everyday_spender
C01278,affluent_traveller
C01279,dormant
C01280,digital_shopper
C01281,everyday_spender
C01282,everyday_spender
C01283,everyday_spender
C01284,digital_shopper
C01285,dormant
C01286,dormant
C01287,everyday_spender
C01288,everyday_spender
C01289,digital_shopper
C01290,digital_shopper
C01291,digital_shopper
C01292,digital_shopper
C01293,digital_shopper
C01294,everyday_spender
C01295,everyday_spender
C01296,everyday_spender
C01297,affluent_traveller
C01298,everyday_spender
C01299,low_engagement
C01300,everyday_spender
C01301,everyday_spender
C01302,digital_shopper
C01303,low_engagement
C01304,everyday_spender
C01305,low_engagement
C01306,dormant
C01307,digital_shopper
C01308,low_engagement
C01309,affluent_traveller
C01310,dormant
C01311,everyday_spender
C01312,dormant
C01313,digital_shopper
C01314,affluent_traveller
C01315,affluent_traveller
C01316,low_engagement
C01317,digital_shopper
C01318,affluent_traveller
C01319,low_engagement
C01320,low_engagement
C01321,digital_shopper
C01322,digital_shopper
C01323,affluent_traveller
C01324,low_engagement
C01325,everyday_spender
C01326,dormant
C01327,everyday_spender
C01328,digital_shopper
C01329,everyday_spender
C01330,everyday_spender
C01331,low_engagement
C01332,digital_shopper
C01333,digital_shopper
C01334,dormant
C01335,dormant
C01336,low_engagement
C01337,everyday_spender
C01338,digital_shopper
C01339,dormant
C01340,everyday_spender
C01341,affluent_traveller
C01342,low_engagement
C01343,digital_shopper
C01344,digital_shopper
C01345,dormant
C01346,digital_shopper
C01347,everyday_spender
C01348,everyday_spender
C01349,everyday_spender
C01350,affluent_traveller
C01351,low_engagement
C01352,low_engagement
C01353,everyday_spender
C01354,everyday_spender
C01355,dormant
C01356,affluent_traveller
C01357,digital_shopper
C01358,digital_shopper
C01359,low_engagement
C01360,everyday_spender
C01361,low_engagement
C01362,everyday_spender
C01363,digital_shopper
C01364,affluent_traveller
C01365,digital_shopper
C01366,digital_shopper
C01367,everyday_spender
C01368,affluent_traveller
C01369,everyday_spender
C01370,everyday_spender
C01371,affluent_traveller
C01372,dormant
C01373,everyday_spender
C01374,low_engagement
C01375,dormant
C01376,affluent_traveller
C01377,digital_shopper
C01378,dormant
C01379,digital_shopper
C01380,everyday_spender
C01381,everyday_spender
C01382,affluent_traveller
C01383,digital_shopper
C01384,dormant
C01385,dormant
C01386,affluent_traveller
C01387,low_engagement
C01388,everyday_spender
C01389,dormant
C01390,affluent_traveller
C01391,dormant
C01392,low_engagement
C01393,affluent_traveller
C01394,affluent_traveller
C01395,low_engagement
C01396,everyday_spender
C01397,digital_shopper
C01398,dormant
C01399,digital_shopper
C01400,everyday_spender
C01401,digital_shopper
C01402,affluent_traveller
C01403,dormant
C01404,everyday_spender
C01405,everyday_spender
C01406,everyday_spender
C01407,dormant
C01408,affluent_traveller
C01409,dormant
C01410,low_engagement
C01411,low_engagement
C01412,dormant
C01413,low_engagement
C01414,dormant
C01415,affluent_traveller
C01416,low_engagement
C01417,digital_shopper
C01418,digital_shopper
C01419,dormant
C01420,dormant
C01421,low_engagement
C01422,digital_shopper
C01423,digital_shopper
C01424,everyday_spender
C01425,everyday_spender
C01426,everyday_spender
C01427,affluent_traveller
C01428,affluent_traveller
C01429,low_engagement
C01430,digital_shopper
C01431,dormant
C01432,digital_shopper
C01433,affluent_traveller
C01434,everyday_spender
C01435,everyday_spender
C01436,dormant
C01437,everyday_spender
C01438,digital_shopper
C01439,dormant
C01440,dormant
C01441,everyday_spender
C01442,affluent_traveller
C01443,everyday_spender
C01444,affluent_traveller
C01445,everyday_spender
C01446,digital_shopper
C01447,dormant
C01448,digital_shopper
C01449,digital_shopper
C01450,everyday_spender
C01451,low_engagement
C01452,digital_shopper
C01453,dormant
C01454,dormant
C01455,everyday_spender
C01456,affluent_traveller
C01457,everyday_spender
C01458,everyday_spender
C01459,dormant
C01460,everyday_spender
C01461,low_engagement
C01462,digital_shopper
C01463,everyday_spender
C01464,everyday_spender
C01465,digital_shopper
C01466,low_engagement
C01467,everyday_spender
C01468,everyday_spender
C01469,low_engagement
C01470,everyday_spender
C01471,dormant
C01472,everyday_spender
C01473,affluent_traveller
C01474,digital_shopper
C01475,digital_shopper
C01476,digital_shopper
C01477,everyday_spender
C01478,dormant
C01479,digital_shopper
C01480,digital_shopper
C01481,everyday_spender
C01482,affluent_traveller
C01483,digital_shopper
C01484,everyday_spender
C01485,digital_shopper
C01486,affluent_traveller
C01487,dormant
C01488,digital_shopper
C01489,dormant
C01490,digital_shopper
C01491,affluent_traveller
C01492,low_engagement
C01493,digital_shopper
C01494,low_engagement
C01495,everyday_spender
C01496,digital_shopper
C01497,low_engagement
C01498,digital_shopper
C01499,everyday_spender
C01500,low_engagement
C01501,low_engagement
C01502,dormant
C01503,everyday_spender
C01504,everyday_spender
C01505,low_engagement
C01506,digital_shopper
C01507,low_engagement
C01508,digital_shopper
C01509,everyday_spender
C01510,low_engagement
C01511,affluent_traveller
C01512,everyday_spender
C01513,digital_shopper
C01514,low_engagement
C01515,dormant
C01516,everyday_spender
C01517,affluent_traveller
C01518,dormant
C01519,everyday_spender
C01520,everyday_spender
C01521,everyday_spender
C01522,digital_shopper
C01523,dormant
C01524,low_engagement
C01525,low_engagement
C01526,everyday_spender
C01527,everyday_spender
C01528,digital_shopper
C01529,everyday_spender
C01530,everyday_spender
C01531,everyday_spender
C01532,affluent_traveller
C01533,digital_shopper
C01534,low_engagement
C01535,affluent_traveller
C01536,digital_shopper
C01537,low_engagement
C01538,low_engagement
C01539,low_engagement
C01540,digital_shopper
C01541,low_engagement
C01542,everyday_spender
C01543,everyday_spender
C01544,everyday_spender
C01545,digital_shopper
C01546,everyday_spender
C01547,everyday_spender
C01548,low_engagement
C01549,everyday_spender
C01550,everyday_spender
C01551,affluent_traveller
C01552,everyday_spender
C01553,everyday_spender
C01554,everyday_spender
C01555,everyday_spender
C01556,low_engagement
C01557,dormant
C01558,digital_shopper
C01559,digital_shopper
C01560,dormant
C01561,dormant
C01562,digital_shopper
C01563,dormant
C01564,dormant
C01565,low_engagement
C01566,digital_shopper
C01567,affluent_traveller
C01568,affluent_traveller
C01569,digital_shopper
C01570,digital_shopper
C01571,everyday_spender
C01572,digital_shopper
C01573,digital_shopper
C01574,low_engagement
C01575,affluent_traveller
C01576,everyday_spender
C01577,low_engagement
C01578,low_engagement
C01579,dormant
C01580,dormant
C01581,dormant
C01582,everyday_spender
C01583,everyday_spender
C01584,everyday_spender
C01585,digital_shopper
C01586,dormant
C01587,everyday_spender
C01588,digital_shopper
C01589,everyday_spender
C01590,everyday_spender
C01591,everyday_spender
C01592,affluent_traveller
C01593,dormant
C01594,everyday_spender
C01595,low_engagement
C01596,low_engagement
C01597,everyday_spender
C01598,everyday_spender
C01599,low_engagement
C01600,everyday_spender
C01601,dormant
C01602,everyday_spender
C01603,low_engagement
C01604,low_engagement
C01605,everyday_spender
C01606,everyday_spender
C01607,dormant
C01608,everyday_spender
C01609,everyday_spender
C01610,everyday_spender
C01611,everyday_spender
C01612,low_engagement
C01613,low_engagement
C01614,everyday_spender
C01615,low_engagement
C01616,everyday_spender
C01617,affluent_traveller
C01618,digital_shopper
C01619,dormant
C01620,affluent_traveller
C01621,everyday_spender
C01622,digital_shopper
C01623,low_engagement
C01624,affluent_traveller
C01625,everyday_spender
C01626,low_engagement
C01627,everyday_spender
C01628,everyday_spender
C01629,everyday_spender
C01630,everyday_spender
C01631,digital_shopper
C01632,dormant
C01633,digital_shopper
C01634,low_engagement
C01635,dormant
C01636,everyday_spender
C01637,everyday_spender
C01638,dormant
C01639,everyday_spender
C01640,low_engagement
C01641,low_engagement
C01642,affluent_traveller
C01643,digital_shopper
C01644,everyday_spender
C01645,everyday_spender
C01646,digital_shopper
C01647,everyday_spender
C01648,low_engagement
C01649,dormant
C01650,low_engagement
C01651,everyday_spender
C01652,everyday_spender
C01653,everyday_spender
C01654,affluent_traveller
C01655,dormant
C01656,everyday_spender
C01657,everyday_spender
C01658,low_engagement
C01659,everyday_spender
C01660,affluent_traveller
C01661,everyday_spender
C01662,digital_shopper
C01663,low_engagement
C01664,everyday_spender
C01665,dormant
C01666,low_engagement
C01667,low_engagement
C01668,everyday_spender
C01669,affluent_traveller
C01670,dormant
C01671,everyday_spender
C01672,digital_shopper
C01673,low_engagement
C01674,affluent_traveller
C01675,low_engagement
C01676,dormant
C01677,low_engagement
C01678,digital_shopper
C01679,dormant
C01680,digital_shopper
C01681,low_engagement
C01682,low_engagement
C01683,low_engagement
C01684,everyday_spender
C01685,affluent_traveller
C01686,everyday_spender
C01687,digital_shopper
C01688,digital_shopper
C01689,digital_shopper
C01690,everyday_spender
C01691,low_engagement
C01692,dormant
C01693,everyday_spender
C01694,low_engagement
C01695,low_engagement
C01696,digital_shopper
C01697,everyday_spender
C01698,low_engagement
C01699,dormant
C01700,low_engagement
C01701,dormant
C01702,dormant
C01703,everyday_spender
C01704,digital_shopper
C01705,digital_shopper
C01706,dormant
C01707,affluent_traveller
C01708,everyday_spender
C01709,dormant
C01710,everyday_spender
C01711,low_engagement
C01712,everyday_spender
C01713,dormant
C01714,dormant
C01715,everyday_spender
C01716,low_engagement
C01717,everyday_spender
C01718,digital_shopper
C01719,digital_shopper
C01720,low_engagement
C01721,affluent_traveller
C01722,everyday_spender
C01723,low_engagement
C01724,digital_shopper
C01725,digital_shopper
C01726,affluent_traveller
C01727,everyday_spender
C01728,dormant
C01729,affluent_traveller
C01730,everyday_spender
C01731,dormant
C01732,affluent_traveller
C01733,low_engagement
C01734,everyday_spender
C01735,dormant
C01736,low_engagement
C01737,dormant
C01738,everyday_spender
C01739,digital_shopper
C01740,low_engagement
C01741,everyday_spender
C01742,everyday_spender
C01743,affluent_traveller
C01744,dormant
C01745,low_engagement
C01746,digital_shopper
C01747,low_engagement
C01748,digital_shopper
C01749,digital_shopper
C01750,digital_shopper
C01751,digital_shopper
C01752,everyday_spender
C01753,dormant
C01754,low_engagement
C01755,everyday_spender
C01756,digital_shopper
C01757,everyday_spender
C01758,dormant
C01759,dormant
C01760,dormant
C01761,everyday_spender
C01762,everyday_spender
C01763,everyday_spender
C01764,affluent_traveller
C01765,affluent_traveller
C01766,affluent_traveller
C01767,dormant
C01768,affluent_traveller
C01769,affluent_traveller
C01770,low_engagement
C01771,digital_shopper
C01772,low_engagement
C01773,digital_shopper
C01774,dormant
C01775,digital_shopper
C01776,digital_shopper
C01777,low_engagement
C01778,digital_shopper
C01779,everyday_spender
C01780,digital_shopper
C01781,everyday_spender
C01782,low_engagement
C01783,everyday_spender
C01784,everyday_spender
C01785,everyday_spender
C01786,low_engagement
C01787,everyday_spender
C01788,low_engagement
C01789,low_engagement
C01790,affluent_traveller
C01791,low_engagement
C01792,everyday_spender
C01793,everyday_spender
C01794,low_engagement
C01795,dormant
C01796,everyday_spender
C01797,digital_shopper
C01798,everyday_spender
C01799,digital_shopper
C01800,digital_shopper
C01801,digital_shopper
C01802,digital_shopper
C01803,affluent_traveller
C01804,low_engagement
C01805,low_engagement
C01806,low_engagement
C01807,affluent_traveller
C01808,digital_shopper
C01809,everyday_spender
C01810,affluent_traveller
C01811,everyday_spender
C01812,digital_shopper
C01813,low_engagement
C01814,everyday_spender
C01815,low_engagement
C01816,digital_shopper
C01817,low_engagement
C01818,digital_shopper
C01819,digital_shopper
C01820,digital_shopper
C01821,dormant
C01822,digital_shopper
C01823,digital_shopper
C01824,digital_shopper
C01825,low_engagement
C01826,affluent_traveller
C01827,digital_shopper
C01828,digital_shopper
C01829,dormant
C01830,digital_shopper
C01831,digital_shopper
C01832,dormant
C01833,digital_shopper
C01834,everyday_spender
C01835,everyday_spender
C01836,affluent_traveller
C01837,affluent_traveller
C01838,everyday_spender
C01839,low_engagement
C01840,low_engagement
C01841,affluent_traveller
C01842,digital_shopper
C01843,everyday_spender
C01844,dormant
C01845,everyday_spender
C01846,digital_shopper
C01847,everyday_spender
C01848,digital_shopper
C01849,everyday_spender
C01850,low_engagement
C01851,everyday_spender
C01852,dormant
C01853,digital_shopper
C01854,low_engagement
C01855,low_engagement
C01856,dormant
C01857,everyday_spender
C01858,everyday_spender
C01859,everyday_spender
C01860,everyday_spender
C01861,digital_shopper
C01862,dormant
C01863,dormant
C01864,digital_shopper
C01865,digital_shopper
C01866,low_engagement
C01867,dormant
C01868,everyday_spender
C01869,digital_shopper
C01870,low_engagement
C01871,everyday_spender
C01872,everyday_spender
C01873,dormant
C01874,dormant
C01875,dormant
C01876,low_engagement
C01877,everyday_spender
C01878,everyday_spender
C01879,digital_shopper
C01880,digital_shopper
C01881,digital_shopper
C01882,digital_shopper
C01883,everyday_spender
C01884,low_engagement
C01885,everyday_spender
C01886,everyday_spender
C01887,affluent_traveller
C01888,everyday_spender
C01889,low_engagement
C01890,digital_shopper
C01891,everyday_spender
C01892,low_engagement
C01893,digital_shopper
C01894,affluent_traveller
C01895,everyday_spender
C01896,everyday_spender
C01897,digital_shopper
C01898,everyday_spender
C01899,affluent_traveller
C01900,affluent_traveller
C01901,digital_shopper
C01902,affluent_traveller
C01903,low_engagement
C01904,everyday_spender
C01905,digital_shopper
C01906,digital_shopper
C01907,digital_shopper
C01908,affluent_traveller
C01909,low_engagement
C01910,dormant
C01911,affluent_traveller
C01912,everyday_spender
C01913,dormant
C01914,digital_shopper
C01915,everyday_spender
C01916,everyday_spender
C01917,digital_shopper
C01918,low_engagement
C01919,digital_shopper
C01920,dormant
C01921,digital_shopper
C01922,everyday_spender
C01923,digital_shopper
C01924,everyday_spender
C01925,everyday_spender
C01926,affluent_traveller
C01927,everyday_spender
C01928,low_engagement
C01929,affluent_traveller
C01930,everyday_spender
C01931,digital_shopper
C01932,digital_shopper
C01933,low_engagement
C01934,low_engagement
C01935,low_engagement
C01936,affluent_traveller
C01937,digital_shopper
C01938,digital_shopper
C01939,everyday_spender
C01940,affluent_traveller
C01941,everyday_spender
C01942,digital_shopper
C01943,everyday_spender
C01944,everyday_spender
C01945,low_engagement
C01946,dormant
C01947,everyday_spender
C01948,dormant
C01949,affluent_traveller
C01950,dormant
C01951,dormant
C01952,affluent_traveller
C01953,low_engagement
C01954,dormant
C01955,dormant
C01956,dormant
C01957,digital_shopper
C01958,affluent_traveller
C01959,low_engagement
C01960,digital_shopper
C01961,digital_shopper
C01962,everyday_spender
C01963,digital_shopper
C01964,everyday_spender
C01965,low_engagement
C01966,affluent_traveller
C01967,low_engagement
C01968,low_engagement
C01969,digital_shopper
C01970,digital_shopper
C01971,everyday_spender
C01972,dormant
C01973,low_engagement
C01974,everyday_spender
C01975,everyday_spender
C01976,everyday_spender
C01977,digital_shopper
C01978,dormant
C01979,low_engagement
C01980,everyday_spender
C01981,low_engagement
C01982,everyday_spender
C01983,low_engagement
C01984,everyday_spender
C01985,digital_shopper
C01986,dormant
C01987,everyday_spender
C01988,low_engagement
C01989,dormant
C01990,everyday_spender
C01991,affluent_traveller
C01992,low_engagement
C01993,everyday_spender
C01994,affluent_traveller
C01995,digital_shopper
C01996,low_engagement
C01997,everyday_spender
C01998,everyday_spender
C01999,low_engagement
C02000,digital_shopper
C02001,low_engagement
C02002,digital_shopper
C02003,dormant
C02004,digital_shopper
C02005,affluent_traveller
C02006,dormant
C02007,digital_shopper
C02008,everyday_spender
C02009,everyday_spender
C02010,low_engagement
C02011,affluent_traveller
C02012,everyday_spender
C02013,affluent_traveller
C02014,digital_shopper
C02015,everyday_spender
C02016,digital_shopper
C02017,everyday_spender
C02018,affluent_traveller
C02019,digital_shopper
C02020,everyday_spender
C02021,digital_shopper
C02022,affluent_traveller
C02023,affluent_traveller
C02024,everyday_spender
C02025,digital_shopper
C02026,everyday_spender
C02027,low_engagement
C02028,everyday_spender
C02029,digital_shopper
C02030,digital_shopper
C02031,affluent_traveller
C02032,digital_shopper
C02033,everyday_spender
C02034,everyday_spender
C02035,affluent_traveller
C02036,low_engagement
C02037,dormant
C02038,affluent_traveller
C02039,digital_shopper
C02040,low_engagement
C02041,everyday_spender
C02042,low_engagement
C02043,digital_shopper
C02044,dormant
C02045,dormant
C02046,affluent_traveller
C02047,digital_shopper
C02048,digital_shopper
C02049,everyday_spender
C02050,everyday_spender
C02051,dormant
C02052,affluent_traveller
C02053,digital_shopper
C02054,low_engagement
C02055,everyday_spender
C02056,digital_shopper
C02057,dormant
C02058,digital_shopper
C02059,affluent_traveller
C02060,affluent_traveller
C02061,dormant
C02062,everyday_spender
C02063,digital_shopper
C02064,affluent_traveller
C02065,everyday_spender
C02066,dormant
C02067,digital_shopper
C02068,dormant
C02069,everyday_spender
C02070,digital_shopper
C02071,low_engagement
C02072,digital_shopper
C02073,everyday_spender
C02074,low_engagement
C02075,everyday_spender
C02076,digital_shopper
C02077,dormant
C02078,everyday_spender
C02079,everyday_spender
C02080,affluent_traveller
C02081,everyday_spender
C02082,everyday_spender
C02083,low_engagement
C02084,everyday_spender
C02085,low_engagement
C02086,everyday_spender
C02087,everyday_spender
C02088,everyday_spender
C02089,low_engagement
C02090,digital_shopper
C02091,everyday_spender
C02092,low_engagement
C02093,digital_shopper
C02094,everyday_spender
C02095,dormant
C02096,everyday_spender
C02097,affluent_traveller
C02098,digital_shopper
C02099,affluent_traveller
C02100,everyday_spender
C02101,low_engagement
C02102,affluent_traveller
C02103,low_engagement
C02104,dormant
C02105,digital_shopper
C02106,low_engagement
C02107,low_engagement
C02108,dormant
C02109,everyday_spender
C02110,everyday_spender
C02111,digital_shopper
C02112,digital_shopper
C02113,everyday_spender
C02114,digital_shopper
C02115,affluent_traveller
C02116,dormant
C02117,everyday_spender
C02118,affluent_traveller
C02119,affluent_traveller
C02120,everyday_spender
C02121,everyday_spender
C02122,affluent_traveller
C02123,everyday_spender
C02124,everyday_spender
C02125,everyday_spender
C02126,everyday_spender
C02127,everyday_spender
C02128,everyday_spender
C02129,affluent_traveller
C02130,affluent_traveller
C02131,everyday_spender
C02132,low_engagement
C02133,dormant
C02134,dormant
C02135,digital_shopper
C02136,digital_shopper
C02137,everyday_spender
C02138,low_engagement
C02139,low_engagement
C02140,low_engagement
C02141,dormant
C02142,everyday_spender
C02143,low_engagement
C02144,low_engagement
C02145,everyday_spender
C02146,dormant
C02147,affluent_traveller
C02148,dormant
C02149,low_engagement
C02150,affluent_traveller
C02151,digital_shopper
C02152,affluent_traveller
C02153,low_engagement
C02154,low_engagement
C02155,digital_shopper
C02156,low_engagement
C02157,affluent_traveller
C02158,everyday_spender
C02159,everyday_spender
C02160,affluent_traveller
C02161,digital_shopper
C02162,everyday_spender
C02163,everyday_spender
C02164,everyday_spender
C02165,dormant
C02166,everyday_spender
C02167,dormant
C02168,everyday_spender
C02169,everyday_spender
C02170,digital_shopper
C02171,everyday_spender
C02172,everyday_spender
C02173,digital_shopper
C02174,everyday_spender
C02175,everyday_spender
C02176,digital_shopper
C02177,everyday_spender
C02178,low_engagement
C02179,everyday_spender
C02180,dormant
C02181,low_engagement
C02182,dormant
C02183,low_engagement
C02184,everyday_spender
C02185,digital_shopper
C02186,everyday_spender
C02187,low_engagement
C02188,digital_shopper
C02189,everyday_spender
C02190,dormant
C02191,affluent_traveller
C02192,digital_shopper
C02193,low_engagement
C02194,affluent_traveller
C02195,digital_shopper
C02196,low_engagement
C02197,affluent_traveller
C02198,digital_shopper
C02199,everyday_spender
C02200,low_engagement
C02201,affluent_traveller
C02202,dormant
C02203,dormant
C02204,everyday_spender
C02205,everyday_spender
C02206,digital_shopper
C02207,low_engagement
C02208,digital_shopper
C02209,everyday_spender
C02210,affluent_traveller
C02211,dormant
C02212,digital_shopper
C02213,dormant
C02214,digital_shopper
C02215,dormant
C02216,affluent_traveller
C02217,affluent_traveller
C02218,dormant
C02219,dormant
C02220,everyday_spender
C02221,everyday_spender
C02222,digital_shopper
C02223,everyday_spender
C02224,everyday_spender
C02225,dormant
C02226,everyday_spender
C02227,low_engagement
C02228,affluent_traveller
C02229,affluent_traveller
C02230,digital_shopper
C02231,everyday_spender
C02232,digital_shopper
C02233,affluent_traveller
C02234,dormant
C02235,low_engagement
C02236,dormant
C02237,affluent_traveller
C02238,everyday_spender
C02239,everyday_spender
C02240,digital_shopper
C02241,everyday_spender
C02242,affluent_traveller
C02243,everyday_spender
C02244,everyday_spender
C02245,everyday_spender
C02246,everyday_spender
C02247,everyday_spender
C02248,digital_shopper
C02249,everyday_spender
C02250,everyday_spender
C02251,digital_shopper
C02252,low_engagement
C02253,everyday_spender
C02254,digital_shopper
C02255,dormant
C02256,digital_shopper
C02257,dormant
C02258,low_engagement
C02259,affluent_traveller
C02260,everyday_spender
C02261,low_engagement
C02262,dormant
C02263,digital_shopper
C02264,affluent_traveller
C02265,digital_shopper
C02266,affluent_traveller
C02267,low_engagement
C02268,digital_shopper
C02269,low_engagement
C02270,dormant
C02271,digital_shopper
C02272,digital_shopper
C02273,low_engagement
C02274,low_engagement
C02275,dormant
C02276,affluent_traveller
C02277,digital_shopper
C02278,everyday_spender
C02279,dormant
C02280,digital_shopper
C02281,everyday_spender
C02282,everyday_spender
C02283,everyday_spender
C02284,low_engagement
C02285,everyday_spender
C02286,affluent_traveller
C02287,dormant
C02288,low_engagement
C02289,everyday_spender
C02290,everyday_spender
C02291,dormant
C02292,low_engagement
C02293,digital_shopper
C02294,everyday_spender
C02295,everyday_spender
C02296,affluent_traveller
C02297,low_engagement
C02298,affluent_traveller
C02299,affluent_traveller
C02300,low_engagement
C02301,dormant
C02302,low_engagement
C02303,digital_shopper
C02304,digital_shopper
C02305,everyday_spender
C02306,everyday_spender
C02307,digital_shopper
C02308,everyday_spender
C02309,digital_shopper
C02310,dormant
C02311,dormant
C02312,affluent_traveller
C02313,everyday_spender
C02314,everyday_spender
C02315,everyday_spender
C02316,everyday_spender
C02317,everyday_spender
C02318,low_engagement
C02319,digital_shopper
C02320,dormant
C02321,affluent_traveller
C02322,affluent_traveller
C02323,everyday_spender
C02324,affluent_traveller
C02325,everyday_spender
C02326,dormant
C02327,everyday_spender
C02328,everyday_spender
C02329,digital_shopper
C02330,digital_shopper
C02331,digital_shopper
C02332,everyday_spender
C02333,low_engagement
C02334,affluent_traveller
C02335,everyday_spender
C02336,low_engagement
C02337,dormant
C02338,everyday_spender
C02339,digital_shopper
C02340,affluent_traveller
C02341,everyday_spender
C02342,affluent_traveller
C02343,low_engagement
C02344,everyday_spender
C02345,low_engagement
C02346,affluent_traveller
C02347,dormant
C02348,low_engagement
C02349,affluent_traveller
C02350,affluent_traveller
C02351,affluent_traveller
C02352,low_engagement
C02353,everyday_spender
C02354,digital_shopper
C02355,everyday_spender
C02356,low_engagement
C02357,digital_shopper
C02358,digital_shopper
C02359,dormant
C02360,everyday_spender
C02361,low_engagement
C02362,affluent_traveller
C02363,digital_shopper
C02364,dormant
C02365,low_engagement
C02366,low_engagement
C02367,everyday_spender
C02368,everyday_spender
C02369,everyday_spender
C02370,digital_shopper
C02371,digital_shopper
C02372,everyday_spender
C02373,everyday_spender
C02374,everyday_spender
C02375,everyday_spender
C02376,everyday_spender
C02377,dormant
C02378,digital_shopper
C02379,affluent_traveller
C02380,low_engagement
C02381,low_engagement
C02382,everyday_spender
C02383,everyday_spender
C02384,affluent_traveller
C02385,affluent_traveller
C02386,low_engagement
C02387,dormant
C02388,affluent_traveller
C02389,low_engagement
C02390,affluent_traveller
C02391,digital_shopper
C02392,low_engagement
C02393,everyday_spender
C02394,affluent_traveller
C02395,digital_shopper
C02396,dormant
C02397,everyday_spender
C02398,everyday_spender
C02399,affluent_traveller
C02400,digital_shopper
C02401,digital_shopper
C02402,low_engagement
C02403,low_engagement
C02404,dormant
C02405,low_engagement
C02406,everyday_spender
C02407,digital_shopper
C02408,everyday_spender
C02409,everyday_spender
C02410,dormant
C02411,low_engagement
C02412,dormant
C02413,everyday_spender
C02414,digital_shopper
C02415,digital_shopper
C02416,affluent_traveller
C02417,everyday_spender
C02418,digital_shopper
C02419,affluent_traveller
C02420,dormant
C02421,affluent_traveller
C02422,everyday_spender
C02423,low_engagement
C02424,affluent_traveller
C02425,dormant
C02426,low_engagement
C02427,affluent_traveller
C02428,low_engagement
C02429,digital_shopper
C02430,low_engagement
C02431,low_engagement
C02432,low_engagement
C02433,digital_shopper
C02434,everyday_spender
C02435,low_engagement
C02436,dormant
C02437,digital_shopper
C02438,low_engagement
C02439,everyday_spender
C02440,low_engagement
C02441,dormant
C02442,everyday_spender
C02443,everyday_spender
C02444,digital_shopper
C02445,digital_shopper
C02446,digital_shopper
C02447,affluent_traveller
C02448,everyday_spender
C02449,digital_shopper
C02450,digital_shopper
C02451,digital_shopper
C02452,low_engagement
C02453,digital_shopper
C02454,low_engagement
C02455,digital_shopper
C02456,digital_shopper
C02457,digital_shopper
C02458,affluent_traveller
C02459,everyday_spender
C02460,digital_shopper
C02461,dormant
C02462,low_engagement
C02463,affluent_traveller
C02464,digital_shopper
C02465,everyday_spender
C02466,low_engagement
C02467,low_engagement
C02468,digital_shopper
C02469,digital_shopper
C02470,everyday_spender
C02471,digital_shopper
C02472,dormant
C02473,low_engagement
C02474,digital_shopper
C02475,everyday_spender
C02476,affluent_traveller
C02477,everyday_spender
C02478,everyday_spender
C02479,everyday_spender
C02480,dormant
C02481,digital_shopper
C02482,everyday_spender
C02483,affluent_traveller
C02484,everyday_spender
C02485,low_engagement
C02486,everyday_spender
C02487,low_engagement
C02488,low_engagement
C02489,affluent_traveller
C02490,digital_shopper
C02491,dormant
C02492,everyday_spender
C02493,affluent_traveller
C02494,dormant
C02495,dormant
C02496,digital_shopper
C02497,digital_shopper
C02498,everyday_spender
C02499,low_engagement
C02500,digital_shopper
C02501,affluent_traveller
C02502,low_engagement
C02503,dormant
C02504,low_engagement
C02505,everyday_spender
C02506,affluent_traveller
C02507,dormant
C02508,dormant
C02509,digital_shopper
C02510,digital_shopper
C02511,digital_shopper
C02512,everyday_spender
C02513,affluent_traveller
C02514,affluent_traveller
C02515,everyday_spender
C02516,low_engagement
C02517,everyday_spender
C02518,everyday_spender
C02519,digital_shopper
C02520,everyday_spender
C02521,everyday_spender
C02522,digital_shopper
C02523,everyday_spender
C02524,digital_shopper
C02525,dormant
C02526,everyday_spender
C02527,dormant
C02528,dormant
C02529,low_engagement
C02530,digital_shopper
C02531,digital_shopper
C02532,digital_shopper
C02533,low_engagement
C02534,affluent_traveller
C02535,dormant
C02536,digital_shopper
C02537,low_engagement
C02538,everyday_spender
C02539,affluent_traveller
C02540,digital_shopper
C02541,digital_shopper
C02542,everyday_spender
C02543,everyday_spender
C02544,everyday_spender
C02545,digital_shopper
C02546,everyday_spender
C02547,dormant
C02548,everyday_spender
C02549,everyday_spender
C02550,everyday_spender
C02551,digital_shopper
C02552,digital_shopper
C02553,digital_shopper
C02554,dormant
C02555,everyday_spender
C02556,low_engagement
C02557,affluent_traveller
C02558,everyday_spender
C02559,digital_shopper
C02560,affluent_traveller
C02561,digital_shopper
C02562,low_engagement
C02563,low_engagement
C02564,digital_shopper
C02565,digital_shopper
C02566,everyday_spender
C02567,affluent_traveller
C02568,affluent_traveller
C02569,digital_shopper
C02570,dormant
C02571,affluent_traveller
C02572,digital_shopper
C02573,low_engagement
C02574,low_engagement
C02575,digital_shopper
C02576,digital_shopper
C02577,low_engagement
C02578,low_engagement
C02579,affluent_traveller
C02580,dormant
C02581,affluent_traveller
C02582,low_engagement
C02583,affluent_traveller
C02584,everyday_spender
C02585,affluent_traveller
C02586,digital_shopper
C02587,everyday_spender
C02588,everyday_spender
C02589,digital_shopper
C02590,everyday_spender
C02591,low_engagement
C02592,dormant
C02593,digital_shopper
C02594,affluent_traveller
C02595,everyday_spender
C02596,dormant
C02597,affluent_traveller
C02598,everyday_spender
C02599,dormant
C02600,dormant
C02601,everyday_spender
C02602,low_engagement
C02603,digital_shopper
C02604,low_engagement
C02605,affluent_traveller
C02606,everyday_spender
C02607,digital_shopper
C02608,everyday_spender
C02609,low_engagement
C02610,everyday_spender
C02611,dormant
C02612,low_engagement
C02613,digital_shopper
C02614,low_engagement
C02615,everyday_spender
C02616,digital_shopper
C02617,everyday_spender
C02618,dormant
C02619,low_engagement
C02620,dormant
C02621,dormant
C02622,dormant
C02623,everyday_spender
C02624,dormant
C02625,digital_shopper
C02626,everyday_spender
C02627,digital_shopper
C02628,everyday_spender
C02629,everyday_spender
C02630,everyday_spender
C02631,affluent_traveller
C02632,digital_shopper
C02633,dormant
C02634,digital_shopper
C02635,digital_shopper
C02636,everyday_spender
C02637,digital_shopper
C02638,everyday_spender
C02639,low_engagement
C02640,everyday_spender
C02641,low_engagement
C02642,low_engagement
C02643,digital_shopper
C02644,dormant
C02645,everyday_spender
C02646,dormant
C02647,low_engagement
C02648,low_engagement
C02649,low_engagement
C02650,low_engagement
C02651,dormant
C02652,everyday_spender
C02653,low_engagement
C02654,low_engagement
C02655,digital_shopper
C02656,dormant
C02657,everyday_spender
C02658,digital_shopper
C02659,affluent_traveller
C02660,everyday_spender
C02661,low_engagement
C02662,everyday_spender
C02663,everyday_spender
C02664,everyday_spender
C02665,digital_shopper
C02666,low_engagement
C02667,dormant
C02668,affluent_traveller
C02669,digital_shopper
C02670,digital_shopper
C02671,digital_shopper
C02672,digital_shopper
C02673,everyday_spender
C02674,digital_shopper
C02675,digital_shopper
C02676,digital_shopper
C02677,digital_shopper
C02678,low_engagement
C02679,low_engagement
C02680,everyday_spender
C02681,low_engagement
C02682,low_engagement
C02683,everyday_spender
C02684,digital_shopper
C02685,everyday_spender
C02686,low_engagement
C02687,everyday_spender
C02688,low_engagement
C02689,everyday_spender
C02690,digital_shopper
C02691,dormant
C02692,everyday_spender
C02693,dormant
C02694,dormant
C02695,dormant
C02696,everyday_spender
C02697,low_engagement
C02698,affluent_traveller
C02699,everyday_spender
C02700,dormant
C02701,low_engagement
C02702,digital_shopper
C02703,everyday_spender
C02704,low_engagement
C02705,low_engagement
C02706,digital_shopper
C02707,dormant
C02708,everyday_spender
C02709,everyday_spender
C02710,digital_shopper
C02711,dormant
C02712,everyday_spender
C02713,everyday_spender
C02714,affluent_traveller
C02715,dormant
C02716,everyday_spender
C02717,digital_shopper
C02718,dormant
C02719,affluent_traveller
C02720,digital_shopper
C02721,digital_shopper
C02722,low_engagement
C02723,everyday_spender
C02724,everyday_spender
C02725,everyday_spender
C02726,low_engagement
C02727,low_engagement
C02728,affluent_traveller
C02729,everyday_spender
C02730,dormant
C02731,affluent_traveller
C02732,everyday_spender
C02733,digital_shopper
C02734,everyday_spender
C02735,everyday_spender
C02736,digital_shopper
C02737,everyday_spender
C02738,digital_shopper
C02739,low_engagement
C02740,digital_shopper
C02741,affluent_traveller
C02742,low_engagement
C02743,everyday_spender
C02744,low_engagement
C02745,everyday_spender
C02746,low_engagement
C02747,everyday_spender
C02748,everyday_spender
C02749,digital_shopper
C02750,affluent_traveller
C02751,everyday_spender
C02752,low_engagement
C02753,low_engagement
C02754,affluent_traveller
C02755,dormant
C02756,low_engagement
C02757,dormant
C02758,low_engagement
C02759,low_engagement
C02760,digital_shopper
C02761,digital_shopper
C02762,dormant
C02763,affluent_traveller
C02764,everyday_spender
C02765,affluent_traveller
C02766,dormant
C02767,digital_shopper
C02768,low_engagement
C02769,low_engagement
C02770,dormant
C02771,everyday_spender
C02772,low_engagement
C02773,dormant
C02774,affluent_traveller
C02775,low_engagement
C02776,everyday_spender
C02777,digital_shopper
C02778,digital_shopper
C02779,everyday_spender
C02780,affluent_traveller
C02781,affluent_traveller
C02782,affluent_traveller
C02783,digital_shopper
C02784,everyday_spender
C02785,everyday_spender
C02786,low_engagement
C02787,low_engagement
C02788,digital_shopper
C02789,dormant
C02790,everyday_spender
C02791,low_engagement
C02792,affluent_traveller
C02793,low_engagement
C02794,dormant
C02795,low_engagement
C02796,digital_shopper
C02797,digital_shopper
C02798,everyday_spender
C02799,low_engagement
C02800,low_engagement
C02801,dormant
C02802,digital_shopper
C02803,affluent_traveller
C02804,digital_shopper
C02805,affluent_traveller
C02806,everyday_spender
C02807,everyday_spender
C02808,low_engagement
C02809,everyday_spender
C02810,everyday_spender
C02811,affluent_traveller
C02812,dormant
C02813,low_engagement
C02814,affluent_traveller
C02815,affluent_traveller
C02816,digital_shopper
C02817,everyday_spender
C02818,digital_shopper
C02819,everyday_spender
C02820,dormant
C02821,everyday_spender
C02822,low_engagement
C02823,affluent_traveller
C02824,dormant
C02825,dormant
C02826,low_engagement
C02827,digital_shopper
C02828,everyday_spender
C02829,low_engagement
C02830,low_engagement
C02831,everyday_spender
C02832,digital_shopper
C02833,digital_shopper
C02834,low_engagement
C02835,low_engagement
C02836,digital_shopper
C02837,digital_shopper
C02838,everyday_spender
C02839,everyday_spender
C02840,affluent_traveller
C02841,low_engagement
C02842,everyday_spender
C02843,everyday_spender
C02844,everyday_spender
C02845,everyday_spender
C02846,digital_shopper
C02847,everyday_spender
C02848,affluent_traveller
C02849,low_engagement
C02850,everyday_spender
C02851,everyday_spender
C02852,everyday_spender
C02853,low_engagement
C02854,everyday_spender
C02855,low_engagement
C02856,dormant
C02857,low_engagement
C02858,everyday_spender
C02859,low_engagement
C02860,digital_shopper
C02861,everyday_spender
C02862,digital_shopper
C02863,everyday_spender
C02864,affluent_traveller
C02865,everyday_spender
C02866,affluent_traveller
C02867,everyday_spender
C02868,digital_shopper
C02869,dormant
C02870,affluent_traveller
C02871,digital_shopper
C02872,digital_shopper
C02873,affluent_traveller
C02874,everyday_spender
C02875,affluent_traveller
C02876,everyday_spender
C02877,everyday_spender
C02878,everyday_spender
C02879,digital_shopper
C02880,affluent_traveller
C02881,everyday_spender
C02882,affluent_traveller
C02883,digital_shopper
C02884,everyday_spender
C02885,digital_shopper
C02886,everyday_spender
C02887,affluent_traveller
C02888,dormant
C02889,affluent_traveller
C02890,affluent_traveller
C02891,everyday_spender
C02892,dormant
C02893,digital_shopper
C02894,digital_shopper
C02895,dormant
C02896,affluent_traveller
C02897,dormant
C02898,everyday_spender
C02899,digital_shopper
C02900,everyday_spender
C02901,everyday_spender
C02902,dormant
C02903,everyday_spender
C02904,dormant
C02905,everyday_spender
C02906,digital_shopper
C02907,dormant
C02908,affluent_traveller
C02909,dormant
C02910,digital_shopper
C02911,low_engagement
C02912,everyday_spender
C02913,digital_shopper
C02914,low_engagement
C02915,digital_shopper
C02916,everyday_spender
C02917,everyday_spender
C02918,low_engagement
C02919,affluent_traveller
C02920,low_engagement
C02921,dormant
C02922,affluent_traveller
C02923,everyday_spender
C02924,low_engagement
C02925,affluent_traveller
C02926,digital_shopper
C02927,low_engagement
C02928,digital_shopper
C02929,everyday_spender
C02930,low_engagement
C02931,digital_shopper
C02932,everyday_spender
C02933,digital_shopper
C02934,dormant
C02935,low_engagement
C02936,digital_shopper
C02937,everyday_spender
C02938,affluent_traveller
C02939,everyday_spender
C02940,affluent_traveller
C02941,dormant
C02942,everyday_spender
C02943,low_engagement
C02944,everyday_spender
C02945,everyday_spender
C02946,everyday_spender
C02947,everyday_spender
C02948,low_engagement
C02949,dormant
C02950,dormant
C02951,everyday_spender
C02952,low_engagement
C02953,everyday_spender
C02954,dormant
C02955,digital_shopper
C02956,everyday_spender
C02957,everyday_spender
C02958,affluent_traveller
C02959,everyday_spender
C02960,dormant
C02961,low_engagement
C02962,dormant
C02963,affluent_traveller
C02964,digital_shopper
C02965,everyday_spender
C02966,digital_shopper
C02967,everyday_spender
C02968,everyday_spender
C02969,digital_shopper
C02970,everyday_spender
C02971,digital_shopper
C02972,digital_shopper
C02973,affluent_traveller
C02974,dormant
C02975,digital_shopper
C02976,low_engagement
C02977,digital_shopper
C02978,low_engagement
C02979,low_engagement
C02980,dormant
C02981,digital_shopper
C02982,everyday_spender
C02983,affluent_traveller
C02984,digital_shopper
C02985,affluent_traveller
C02986,everyday_spender
C02987,affluent_traveller
C02988,digital_shopper
C02989,everyday_spender
C02990,digital_shopper
C02991,low_engagement
C02992,low_engagement
C02993,everyday_spender
C02994,digital_shopper
C02995,digital_shopper
C02996,digital_shopper
C02997,digital_shopper
C02998,everyday_spender
C02999,dormant
C03000,affluent_traveller
C03001,low_engagement
C03002,digital_shopper
C03003,everyday_spender
C03004,low_engagement
C03005,affluent_traveller
C03006,low_engagement
C03007,digital_shopper
C03008,affluent_traveller
C03009,affluent_traveller
C03010,low_engagement
C03011,everyday_spender
C03012,dormant
C03013,low_engagement
C03014,low_engagement
C03015,everyday_spender
C03016,low_engagement
C03017,dormant
C03018,affluent_traveller
C03019,everyday_spender
C03020,everyday_spender
C03021,everyday_spender
C03022,low_engagement
C03023,digital_shopper
C03024,digital_shopper
C03025,everyday_spender
C03026,everyday_spender
C03027,everyday_spender
C03028,low_engagement
C03029,digital_shopper
C03030,everyday_spender
C03031,low_engagement
C03032,affluent_traveller
C03033,everyday_spender
C03034,everyday_spender
C03035,dormant
C03036,low_engagement
C03037,digital_shopper
C03038,affluent_traveller
C03039,everyday_spender
C03040,digital_shopper
C03041,everyday_spender
C03042,dormant
C03043,low_engagement
C03044,digital_shopper
C03045,low_engagement
C03046,dormant
C03047,digital_shopper
C03048,digital_shopper
C03049,dormant
C03050,everyday_spender
C03051,dormant
C03052,affluent_traveller
C03053,digital_shopper
C03054,low_engagement
C03055,digital_shopper
C03056,digital_shopper
C03057,digital_shopper
C03058,everyday_spender
C03059,everyday_spender
C03060,everyday_spender
C03061,digital_shopper
C03062,digital_shopper
C03063,everyday_spender
C03064,dormant
C03065,everyday_spender
C03066,digital_shopper
C03067,everyday_spender
C03068,everyday_spender
C03069,low_engagement
C03070,digital_shopper
C03071,affluent_traveller
C03072,dormant
C03073,low_engagement
C03074,low_engagement
C03075,dormant
C03076,dormant
C03077,everyday_spender
C03078,digital_shopper
C03079,digital_shopper
C03080,everyday_spender
C03081,everyday_spender
C03082,affluent_traveller
C03083,digital_shopper
C03084,low_engagement
C03085,low_engagement
C03086,everyday_spender
C03087,everyday_spender
C03088,digital_shopper
C03089,digital_shopper
C03090,dormant
C03091,dormant
C03092,dormant
C03093,low_engagement
C03094,dormant
C03095,digital_shopper
C03096,affluent_traveller
C03097,affluent_traveller
C03098,everyday_spender
C03099,everyday_spender
C03100,everyday_spender
C03101,dormant
C03102,everyday_spender
C03103,dormant
C03104,low_engagement
C03105,digital_shopper
C03106,low_engagement
C03107,everyday_spender
C03108,digital_shopper
C03109,everyday_spender
C03110,dormant
C03111,everyday_spender
C03112,everyday_spender
C03113,low_engagement
C03114,digital_shopper
C03115,digital_shopper
C03116,digital_shopper
C03117,everyday_spender
C03118,low_engagement
C03119,everyday_spender
C03120,everyday_spender
C03121,everyday_spender
C03122,everyday_spender
C03123,everyday_spender
C03124,digital_shopper
C03125,everyday_spender
C03126,everyday_spender
C03127,digital_shopper
C03128,affluent_traveller
C03129,low_engagement
C03130,dormant
C03131,everyday_spender
C03132,dormant
C03133,affluent_traveller
C03134,affluent_traveller
C03135,low_engagement
C03136,low_engagement
C03137,low_engagement
C03138,affluent_traveller
C03139,low_engagement
C03140,everyday_spender
C03141,everyday_spender
C03142,everyday_spender
C03143,dormant
C03144,affluent_traveller
C03145,low_engagement
C03146,digital_shopper
C03147,low_engagement
C03148,low_engagement
C03149,low_engagement
C03150,everyday_spender
C03151,affluent_traveller
C03152,digital_shopper
C03153,everyday_spender
C03154,affluent_traveller
C03155,everyday_spender
C03156,everyday_spender
C03157,affluent_traveller
C03158,affluent_traveller
C03159,dormant
C03160,everyday_spender
C03161,dormant
C03162,dormant
C03163,everyday_spender
C03164,low_engagement
C03165,digital_shopper
C03166,low_engagement
C03167,affluent_traveller
C03168,everyday_spender
C03169,affluent_traveller
C03170,digital_shopper
C03171,dormant
C03172,low_engagement
C03173,low_engagement
C03174,dormant
C03175,low_engagement
C03176,affluent_traveller
C03177,dormant
C03178,everyday_spender
C03179,affluent_traveller
C03180,digital_shopper
C03181,dormant
C03182,everyday_spender
C03183,digital_shopper
C03184,everyday_spender
C03185,affluent_traveller
C03186,affluent_traveller
C03187,low_engagement
C03188,dormant
C03189,everyday_spender
C03190,everyday_spender
C03191,everyday_spender
C03192,affluent_traveller
C03193,digital_shopper
C03194,low_engagement
C03195,digital_shopper
C03196,everyday_spender
C03197,digital_shopper
C03198,affluent_traveller
C03199,everyday_spender
C03200,dormant
C03201,low_engagement
C03202,dormant
C03203,dormant
C03204,digital_shopper
C03205,dormant
C03206,everyday_spender
C03207,affluent_traveller
C03208,affluent_traveller
C03209,affluent_traveller
C03210,affluent_traveller
C03211,everyday_spender
C03212,low_engagement
C03213,low_engagement
C03214,digital_shopper
C03215,everyday_spender
C03216,low_engagement
C03217,everyday_spender
C03218,affluent_traveller
C03219,everyday_spender
C03220,everyday_spender
C03221,everyday_spender
C03222,low_engagement
C03223,low_engagement
C03224,low_engagement
C03225,affluent_traveller
C03226,low_engagement
C03227,low_engagement
C03228,everyday_spender
C03229,digital_shopper
C03230,digital_shopper
C03231,everyday_spender
C03232,affluent_traveller
C03233,digital_shopper
C03234,affluent_traveller
C03235,everyday_spender
C03236,affluent_traveller
C03237,dormant
C03238,everyday_spender
C03239,everyday_spender
C03240,everyday_spender
C03241,dormant
C03242,digital_shopper
C03243,dormant
C03244,everyday_spender
C03245,affluent_traveller
C03246,digital_shopper
C03247,everyday_spender
C03248,low_engagement
C03249,dormant
C03250,digital_shopper
C03251,dormant
C03252,digital_shopper
C03253,everyday_spender
C03254,digital_shopper
C03255,affluent_traveller
C03256,low_engagement
C03257,affluent_traveller
C03258,everyday_spender
C03259,digital_shopper
C03260,affluent_traveller
C03261,affluent_traveller
C03262,low_engagement
C03263,affluent_traveller
C03264,digital_shopper
C03265,everyday_spender
C03266,everyday_spender
C03267,everyday_spender
C03268,low_engagement
C03269,dormant
C03270,everyday_spender
C03271,dormant
C03272,digital_shopper
C03273,digital_shopper
C03274,low_engagement
C03275,low_engagement
C03276,low_engagement
C03277,digital_shopper
C03278,digital_shopper
C03279,everyday_spender
C03280,affluent_traveller
C03281,low_engagement
C03282,affluent_traveller
C03283,everyday_spender
C03284,affluent_traveller
C03285,everyday_spender
C03286,digital_shopper
C03287,digital_shopper
C03288,everyday_spender
C03289,affluent_traveller
C03290,everyday_spender
C03291,everyday_spender
C03292,low_engagement
C03293,digital_shopper
C03294,digital_shopper
C03295,digital_shopper
C03296,dormant
C03297,low_engagement
C03298,digital_shopper
C03299,digital_shopper
C03300,affluent_traveller
C03301,dormant
C03302,everyday_spender
C03303,everyday_spender
C03304,dormant
C03305,low_engagement
C03306,affluent_traveller
C03307,affluent_traveller
C03308,affluent_traveller
C03309,digital_shopper
C03310,affluent_traveller
C03311,dormant
C03312,dormant
C03313,digital_shopper
C03314,digital_shopper
C03315,everyday_spender
C03316,affluent_traveller
C03317,low_engagement
C03318,affluent_traveller
C03319,affluent_traveller
C03320,everyday_spender
C03321,affluent_traveller
C03322,everyday_spender
C03323,low_engagement
C03324,low_engagement
C03325,digital_shopper
C03326,low_engagement
C03327,everyday_spender
C03328,low_engagement
C03329,digital_shopper
C03330,everyday_spender
C03331,dormant
C03332,everyday_spender
C03333,affluent_traveller
C03334,everyday_spender
C03335,everyday_spender
C03336,everyday_spender
C03337,digital_shopper
C03338,dormant
C03339,everyday_spender
C03340,digital_shopper
C03341,everyday_spender
C03342,low_engagement
C03343,everyday_spender
C03344,affluent_traveller
C03345,digital_shopper
C03346,low_engagement
C03347,low_engagement
C03348,digital_shopper
C03349,low_engagement
C03350,everyday_spender
C03351,affluent_traveller
C03352,affluent_traveller
C03353,affluent_traveller
C03354,everyday_spender
C03355,digital_shopper
C03356,everyday_spender
C03357,digital_shopper
C03358,digital_shopper
C03359,low_engagement
C03360,low_engagement
C03361,everyday_spender
C03362,everyday_spender
C03363,digital_shopper
C03364,digital_shopper
C03365,everyday_spender
C03366,everyday_spender
C03367,low_engagement
C03368,digital_shopper
C03369,affluent_traveller
C03370,digital_shopper
C03371,dormant
C03372,affluent_traveller
C03373,low_engagement
C03374,everyday_spender
C03375,digital_shopper
C03376,everyday_spender
C03377,affluent_traveller
C03378,dormant
C03379,digital_shopper
C03380,dormant
C03381,everyday_spender
C03382,dormant
C03383,dormant
C03384,digital_shopper
C03385,everyday_spender
C03386,low_engagement
C03387,digital_shopper
C03388,dormant
C03389,everyday_spender
C03390,everyday_spender
C03391,affluent_traveller
C03392,low_engagement
C03393,dormant
C03394,affluent_traveller
C03395,low_engagement
C03396,dormant
C03397,affluent_traveller
C03398,affluent_traveller
C03399,low_engagement
C03400,digital_shopper
C03401,affluent_traveller
C03402,low_engagement
C03403,digital_shopper
C03404,dormant
C03405,dormant
C03406,low_engagement
C03407,digital_shopper
C03408,everyday_spender
C03409,digital_shopper
C03410,affluent_traveller
C03411,digital_shopper
C03412,affluent_traveller
C03413,digital_shopper
C03414,affluent_traveller
C03415,everyday_spender
C03416,everyday_spender
C03417,digital_shopper
C03418,low_engagement
C03419,affluent_traveller
C03420,low_engagement
C03421,dormant
C03422,everyday_spender
C03423,digital_shopper
C03424,everyday_spender
C03425,everyday_spender
C03426,digital_shopper
C03427,affluent_traveller
C03428,dormant
C03429,dormant
C03430,low_engagement
C03431,digital_shopper
C03432,digital_shopper
C03433,dormant
C03434,everyday_spender
C03435,affluent_traveller
C03436,digital_shopper
C03437,everyday_spender
C03438,everyday_spender
C03439,affluent_traveller
C03440,digital_shopper
C03441,everyday_spender
C03442,everyday_spender
C03443,affluent_traveller
C03444,everyday_spender
C03445,dormant
C03446,everyday_spender
C03447,low_engagement
C03448,low_engagement
C03449,everyday_spender
C03450,low_engagement
C03451,low_engagement
C03452,digital_shopper
C03453,affluent_traveller
C03454,affluent_traveller
C03455,dormant
C03456,low_engagement
C03457,dormant
C03458,dormant
C03459,affluent_traveller
C03460,low_engagement
C03461,digital_shopper
C03462,low_engagement
C03463,affluent_traveller
C03464,everyday_spender
C03465,low_engagement
C03466,low_engagement
C03467,digital_shopper
C03468,everyday_spender
C03469,everyday_spender
C03470,dormant
C03471,everyday_spender
C03472,digital_shopper
C03473,digital_shopper
C03474,everyday_spender
C03475,digital_shopper
C03476,everyday_spender
C03477,low_engagement
C03478,dormant
C03479,dormant
C03480,digital_shopper
C03481,digital_shopper
C03482,low_engagement
C03483,low_engagement
C03484,digital_shopper
C03485,low_engagement
C03486,low_engagement
C03487,low_engagement
C03488,low_engagement
C03489,everyday_spender
C03490,digital_shopper
C03491,digital_shopper
C03492,affluent_traveller
C03493,low_engagement
C03494,digital_shopper
C03495,affluent_traveller
C03496,low_engagement
C03497,low_engagement
C03498,low_engagement
C03499,everyday_spender
C03500,low_engagement
C03501,everyday_spender
C03502,digital_shopper
C03503,affluent_traveller
C03504,digital_shopper
C03505,low_engagement
C03506,digital_shopper
C03507,digital_shopper
C03508,low_engagement
C03509,low_engagement
C03510,everyday_spender
C03511,dormant
C03512,low_engagement
C03513,dormant
C03514,dormant
C03515,dormant
C03516,low_engagement
C03517,digital_shopper
C03518,everyday_spender
C03519,digital_shopper
C03520,low_engagement
C03521,digital_shopper
C03522,dormant
C03523,affluent_traveller
C03524,everyday_spender
C03525,digital_shopper
C03526,everyday_spender
C03527,affluent_traveller
C03528,everyday_spender
C03529,low_engagement
C03530,digital_shopper
C03531,affluent_traveller
C03532,affluent_traveller
C03533,digital_shopper
C03534,everyday_spender
C03535,low_engagement
C03536,low_engagement
C03537,everyday_spender
C03538,digital_shopper
C03539,everyday_spender
C03540,everyday_spender
C03541,dormant
C03542,digital_shopper
C03543,dormant
C03544,everyday_spender
C03545,everyday_spender
C03546,digital_shopper
C03547,digital_shopper
C03548,dormant
C03549,affluent_traveller
C03550,low_engagement
C03551,dormant
C03552,digital_shopper
C03553,everyday_spender
C03554,digital_shopper
C03555,everyday_spender
C03556,low_engagement
C03557,digital_shopper
C03558,dormant
C03559,digital_shopper
C03560,digital_shopper
C03561,low_engagement
C03562,digital_shopper
C03563,dormant
C03564,everyday_spender
C03565,dormant
C03566,low_engagement
C03567,dormant
C03568,digital_shopper
C03569,low_engagement
C03570,everyday_spender
C03571,low_engagement
C03572,everyday_spender
C03573,everyday_spender
C03574,digital_shopper
C03575,everyday_spender
C03576,everyday_spender
C03577,low_engagement
C03578,everyday_spender
C03579,low_engagement
C03580,affluent_traveller
C03581,low_engagement
C03582,low_engagement
C03583,everyday_spender
C03584,low_engagement
C03585,dormant
C03586,low_engagement
C03587,everyday_spender
C03588,digital_shopper
C03589,low_engagement
C03590,everyday_spender
C03591,low_engagement
C03592,everyday_spender
C03593,low_engagement
C03594,affluent_traveller
C03595,affluent_traveller
C03596,dormant
C03597,dormant
C03598,dormant
C03599,dormant
C03600,everyday_spender
C03601,everyday_spender
C03602,affluent_traveller
C03603,digital_shopper
C03604,everyday_spender
C03605,dormant
C03606,affluent_traveller
C03607,everyday_spender
C03608,everyday_spender
C03609,everyday_spender
C03610,everyday_spender
C03611,digital_shopper
C03612,everyday_spender
C03613,digital_shopper
C03614,dormant
C03615,digital_shopper
C03616,low_engagement
C03617,everyday_spender
C03618,everyday_spender
C03619,everyday_spender
C03620,dormant
C03621,digital_shopper
C03622,everyday_spender
C03623,digital_shopper
C03624,low_engagement
C03625,low_engagement
C03626,digital_shopper
C03627,dormant
C03628,low_engagement
C03629,digital_shopper
C03630,everyday_spender
C03631,affluent_traveller
C03632,dormant
C03633,digital_shopper
C03634,everyday_spender
C03635,digital_shopper
C03636,affluent_traveller
C03637,low_engagement
C03638,everyday_spender
C03639,low_engagement
C03640,digital_shopper
C03641,everyday_spender
C03642,affluent_traveller
C03643,low_engagement
C03644,everyday_spender
C03645,affluent_traveller
C03646,low_engagement
C03647,everyday_spender
C03648,everyday_spender
C03649,everyday_spender
C03650,low_engagement
C03651,everyday_spender
C03652,everyday_spender
C03653,everyday_spender
C03654,everyday_spender
C03655,everyday_spender
C03656,affluent_traveller
C03657,everyday_spender
C03658,everyday_spender
C03659,dormant
C03660,affluent_traveller
C03661,everyday_spender
C03662,dormant
C03663,dormant
C03664,low_engagement
C03665,everyday_spender
C03666,everyday_spender
C03667,everyday_spender
C03668,affluent_traveller
C03669,everyday_spender
C03670,digital_shopper
C03671,everyday_spender
C03672,digital_shopper
C03673,everyday_spender
C03674,everyday_spender
C03675,low_engagement
C03676,dormant
C03677,everyday_spender
C03678,digital_shopper
C03679,everyday_spender
C03680,affluent_traveller
C03681,low_engagement
C03682,everyday_spender
C03683,everyday_spender
C03684,digital_shopper
C03685,everyday_spender
C03686,affluent_traveller
C03687,everyday_spender
C03688,dormant
C03689,digital_shopper
C03690,everyday_spender
C03691,affluent_traveller
C03692,digital_shopper
C03693,affluent_traveller
C03694,digital_shopper
C03695,low_engagement
C03696,everyday_spender
C03697,everyday_spender
C03698,affluent_traveller
C03699,affluent_traveller
C03700,everyday_spender
C03701,dormant
C03702,everyday_spender
C03703,digital_shopper
C03704,low_engagement
C03705,affluent_traveller
C03706,everyday_spender
C03707,everyday_spender
C03708,low_engagement
C03709,everyday_spender
C03710,low_engagement
C03711,dormant
C03712,low_engagement
C03713,dormant
C03714,low_engagement
C03715,low_engagement
C03716,low_engagement
C03717,low_engagement
C03718,low_engagement
C03719,dormant
C03720,digital_shopper
C03721,digital_shopper
C03722,digital_shopper
C03723,low_engagement
C03724,everyday_spender
C03725,low_engagement
C03726,low_engagement
C03727,dormant
C03728,everyday_spender
C03729,low_engagement
C03730,low_engagement
C03731,dormant
C03732,dormant
C03733,digital_shopper
C03734,digital_shopper
C03735,everyday_spender
C03736,dormant
C03737,everyday_spender
C03738,low_engagement
C03739,low_engagement
C03740,digital_shopper
C03741,everyday_spender
C03742,everyday_spender
C03743,low_engagement
C03744,digital_shopper
C03745,affluent_traveller
C03746,low_engagement
C03747,everyday_spender
C03748,dormant
C03749,everyday_spender
C03750,everyday_spender
C03751,affluent_traveller
C03752,digital_shopper
C03753,digital_shopper
C03754,low_engagement
C03755,digital_shopper
C03756,everyday_spender
C03757,everyday_spender
C03758,everyday_spender
C03759,dormant
C03760,everyday_spender
C03761,dormant
C03762,everyday_spender
C03763,affluent_traveller
C03764,everyday_spender
C03765,affluent_traveller
C03766,low_engagement
C03767,digital_shopper
C03768,everyday_spender
C03769,low_engagement
C03770,digital_shopper
C03771,dormant
C03772,dormant
C03773,low_engagement
C03774,low_engagement
C03775,low_engagement
C03776,digital_shopper
C03777,low_engagement
C03778,affluent_traveller
C03779,low_engagement
C03780,dormant
C03781,affluent_traveller
C03782,low_engagement
C03783,dormant
C03784,everyday_spender
C03785,digital_shopper
C03786,dormant
C03787,dormant
C03788,affluent_traveller
C03789,everyday_spender
C03790,low_engagement
C03791,everyday_spender
C03792,everyday_spender
C03793,affluent_traveller
C03794,everyday_spender
C03795,digital_shopper
C03796,digital_shopper
C03797,digital_shopper
C03798,low_engagement
C03799,everyday_spender
C03800,everyday_spender
C03801,affluent_traveller
C03802,everyday_spender
C03803,everyday_spender
C03804,everyday_spender
C03805,affluent_traveller
C03806,everyday_spender
C03807,low_engagement
C03808,digital_shopper
C03809,dormant
C03810,low_engagement
C03811,digital_shopper
C03812,affluent_traveller
C03813,digital_shopper
C03814,affluent_traveller
C03815,everyday_spender
C03816,everyday_spender
C03817,everyday_spender
C03818,everyday_spender
C03819,low_engagement
C03820,low_engagement
C03821,low_engagement
C03822,digital_shopper
C03823,digital_shopper
C03824,affluent_traveller
C03825,low_engagement
C03826,digital_shopper
C03827,everyday_spender
C03828,everyday_spender
C03829,dormant
C03830,digital_shopper
C03831,digital_shopper
C03832,digital_shopper
C03833,everyday_spender
C03834,digital_shopper
C03835,everyday_spender
C03836,everyday_spender
C03837,low_engagement
C03838,affluent_traveller
C03839,low_engagement
C03840,everyday_spender
C03841,low_engagement
C03842,digital_shopper
C03843,digital_shopper
C03844,digital_shopper
C03845,dormant
C03846,digital_shopper
C03847,low_engagement
C03848,low_engagement
C03849,everyday_spender
C03850,everyday_spender
C03851,everyday_spender
C03852,everyday_spender
C03853,everyday_spender
C03854,everyday_spender
C03855,digital_shopper
C03856,everyday_spender
C03857,low_engagement
C03858,everyday_spender
C03859,low_engagement
C03860,affluent_traveller
C03861,digital_shopper
C03862,affluent_traveller
C03863,low_engagement
C03864,everyday_spender
C03865,dormant
C03866,everyday_spender
C03867,digital_shopper
C03868,everyday_spender
C03869,digital_shopper
C03870,digital_shopper
C03871,everyday_spender
C03872,everyday_spender
C03873,affluent_traveller
C03874,affluent_traveller
C03875,dormant
C03876,everyday_spender
C03877,affluent_traveller
C03878,dormant
C03879,affluent_traveller
C03880,everyday_spender
C03881,low_engagement
C03882,dormant
C03883,low_engagement
C03884,digital_shopper
C03885,dormant
C03886,affluent_traveller
C03887,dormant
C03888,low_engagement
C03889,dormant
C03890,everyday_spender
C03891,everyday_spender
C03892,low_engagement
C03893,digital_shopper
C03894,digital_shopper
C03895,dormant
C03896,digital_shopper
C03897,everyday_spender
C03898,everyday_spender
C03899,affluent_traveller
C03900,everyday_spender
C03901,everyday_spender
C03902,low_engagement
C03903,low_engagement
C03904,digital_shopper
C03905,everyday_spender
C03906,low_engagement
C03907,low_engagement
C03908,dormant
C03909,digital_shopper
C03910,low_engagement
C03911,digital_shopper
C03912,digital_shopper
C03913,dormant
C03914,everyday_spender
C03915,everyday_spender
C03916,everyday_spender
C03917,digital_shopper
C03918,digital_shopper
C03919,low_engagement
C03920,everyday_spender
C03921,everyday_spender
C03922,dormant
C03923,everyday_spender
C03924,dormant
C03925,everyday_spender
C03926,digital_shopper
C03927,digital_shopper
C03928,low_engagement
C03929,affluent_traveller
C03930,dormant
C03931,digital_shopper
C03932,digital_shopper
C03933,digital_shopper
C03934,affluent_traveller
C03935,digital_shopper
C03936,everyday_spender
C03937,everyday_spender
C03938,digital_shopper
C03939,digital_shopper
C03940,affluent_traveller
C03941,affluent_traveller
C03942,everyday_spender
C03943,everyday_spender
C03944,digital_shopper
C03945,everyday_spender
C03946,dormant
C03947,everyday_spender
C03948,affluent_traveller
C03949,dormant
C03950,everyday_spender
C03951,everyday_spender
C03952,dormant
C03953,dormant
C03954,low_engagement
C03955,affluent_traveller
C03956,digital_shopper
C03957,dormant
C03958,dormant
C03959,affluent_traveller
C03960,everyday_spender
C03961,everyday_spender
C03962,affluent_traveller
C03963,low_engagement
C03964,everyday_spender
C03965,everyday_spender
C03966,affluent_traveller
C03967,digital_shopper
C03968,everyday_spender
C03969,everyday_spender
C03970,everyday_spender
C03971,dormant
C03972,everyday_spender
C03973,digital_shopper
C03974,everyday_spender
C03975,affluent_traveller
C03976,everyday_spender
C03977,affluent_traveller
C03978,affluent_traveller
C03979,digital_shopper
C03980,digital_shopper
C03981,affluent_traveller
C03982,digital_shopper
C03983,digital_shopper
C03984,everyday_spender
C03985,everyday_spender
C03986,affluent_traveller
C03987,everyday_spender
C03988,digital_shopper
C03989,dormant
C03990,dormant
C03991,dormant
C03992,everyday_spender
C03993,affluent_traveller
C03994,everyday_spender
C03995,everyday_spender
C03996,affluent_traveller
C03997,affluent_traveller
C03998,digital_shopper
C03999,everyday_spender
C04000,everyday_spender
C04001,low_engagement
C04002,everyday_spender
C04003,low_engagement
C04004,everyday_spender
C04005,digital_shopper
C04006,everyday_spender
C04007,digital_shopper
C04008,everyday_spender
C04009,everyday_spender
C04010,digital_shopper
C04011,everyday_spender
C04012,everyday_spender
C04013,dormant
C04014,affluent_traveller
C04015,digital_shopper
C04016,digital_shopper
C04017,everyday_spender
C04018,digital_shopper
C04019,affluent_traveller
C04020,low_engagement
C04021,everyday_spender
C04022,everyday_spender
C04023,everyday_spender
C04024,dormant
C04025,low_engagement
C04026,dormant
C04027,digital_shopper
C04028,low_engagement
C04029,digital_shopper
C04030,dormant
C04031,digital_shopper
C04032,everyday_spender
C04033,digital_shopper
C04034,digital_shopper
C04035,affluent_traveller
C04036,everyday_spender
C04037,everyday_spender
C04038,low_engagement
C04039,everyday_spender
C04040,low_engagement
C04041,digital_shopper
C04042,low_engagement
C04043,affluent_traveller
C04044,dormant
C04045,digital_shopper
C04046,everyday_spender
C04047,everyday_spender
C04048,everyday_spender
C04049,everyday_spender
C04050,low_engagement
C04051,dormant
C04052,low_engagement
C04053,digital_shopper
C04054,digital_shopper
C04055,low_engagement
C04056,low_engagement
C04057,everyday_spender
C04058,dormant
C04059,everyday_spender
C04060,low_engagement
C04061,dormant
C04062,low_engagement
C04063,everyday_spender
C04064,digital_shopper
C04065,affluent_traveller
C04066,low_engagement
C04067,everyday_spender
C04068,low_engagement
C04069,dormant
C04070,everyday_spender
C04071,everyday_spender
C04072,digital_shopper
C04073,everyday_spender
C04074,everyday_spender
C04075,affluent_traveller
C04076,everyday_spender
C04077,digital_shopper
C04078,digital_shopper
C04079,everyday_spender
C04080,digital_shopper
C04081,everyday_spender
C04082,everyday_spender
C04083,low_engagement
C04084,everyday_spender
C04085,digital_shopper
C04086,dormant
C04087,digital_shopper
C04088,digital_shopper
C04089,affluent_traveller
C04090,everyday_spender
C04091,affluent_traveller
C04092,low_engagement
C04093,low_engagement
C04094,everyday_spender
C04095,everyday_spender
C04096,everyday_spender
C04097,digital_shopper
C04098,digital_shopper
C04099,low_engagement
C04100,dormant
C04101,everyday_spender
C04102,digital_shopper
C04103,digital_shopper
C04104,everyday_spender
C04105,dormant
C04106,affluent_traveller
C04107,low_engagement
C04108,low_engagement
C04109,dormant
C04110,digital_shopper
C04111,everyday_spender
C04112,low_engagement
C04113,low_engagement
C04114,digital_shopper
C04115,low_engagement
C04116,everyday_spender
C04117,digital_shopper
C04118,dormant
C04119,everyday_spender
C04120,digital_shopper
C04121,dormant
C04122,low_engagement
C04123,dormant
C04124,everyday_spender
C04125,dormant
C04126,everyday_spender
C04127,digital_shopper
C04128,digital_shopper
C04129,low_engagement
C04130,dormant
C04131,low_engagement
C04132,digital_shopper
C04133,everyday_spender
C04134,digital_shopper
C04135,digital_shopper
C04136,affluent_traveller
C04137,digital_shopper
C04138,low_engagement
C04139,low_engagement
C04140,low_engagement
C04141,everyday_spender
C04142,digital_shopper
C04143,affluent_traveller
C04144,everyday_spender
C04145,digital_shopper
C04146,everyday_spender
C04147,affluent_traveller
C04148,low_engagement
C04149,everyday_spender
C04150,everyday_spender
C04151,everyday_spender
C04152,digital_shopper
C04153,everyday_spender
C04154,digital_shopper
C04155,digital_shopper
C04156,affluent_traveller
C04157,dormant
C04158,affluent_traveller
C04159,digital_shopper
C04160,everyday_spender
C04161,digital_shopper
C04162,everyday_spender
C04163,dormant
C04164,everyday_spender
C04165,digital_shopper
C04166,everyday_spender
C04167,affluent_traveller
C04168,everyday_spender
C04169,digital_shopper
C04170,digital_shopper
C04171,dormant
C04172,low_engagement
C04173,dormant
C04174,everyday_spender
C04175,low_engagement
C04176,digital_shopper
C04177,digital_shopper
C04178,dormant
C04179,digital_shopper
C04180,dormant
C04181,low_engagement
C04182,affluent_traveller
C04183,low_engagement
C04184,digital_shopper
C04185,dormant
C04186,low_engagement
C04187,affluent_traveller
C04188,affluent_traveller
C04189,affluent_traveller
C04190,digital_shopper
C04191,affluent_traveller
C04192,low_engagement
C04193,digital_shopper
C04194,low_engagement
C04195,everyday_spender
C04196,digital_shopper
C04197,affluent_traveller
C04198,dormant
C04199,everyday_spender
C04200,affluent_traveller
C04201,everyday_spender
C04202,low_engagement
C04203,affluent_traveller
C04204,digital_shopper
C04205,low_engagement
C04206,low_engagement
C04207,everyday_spender
C04208,affluent_traveller
C04209,digital_shopper
C04210,everyday_spender
C04211,low_engagement
C04212,everyday_spender
C04213,digital_shopper
C04214,affluent_traveller
C04215,digital_shopper
C04216,everyday_spender
C04217,low_engagement
C04218,affluent_traveller
C04219,dormant
C04220,low_engagement
C04221,everyday_spender
C04222,affluent_traveller
C04223,everyday_spender
C04224,everyday_spender
C04225,everyday_spender
C04226,dormant
C04227,digital_shopper
C04228,everyday_spender
C04229,digital_shopper
C04230,everyday_spender
C04231,dormant
C04232,affluent_traveller
C04233,low_engagement
C04234,low_engagement
C04235,affluent_traveller
C04236,everyday_spender
C04237,everyday_spender
C04238,dormant
C04239,digital_shopper
C04240,digital_shopper
C04241,low_engagement
C04242,low_engagement
C04243,digital_shopper
C04244,digital_shopper
C04245,low_engagement
C04246,everyday_spender
C04247,low_engagement
C04248,affluent_traveller
C04249,everyday_spender
C04250,low_engagement
C04251,everyday_spender
C04252,everyday_spender
C04253,everyday_spender
C04254,digital_shopper
C04255,low_engagement
C04256,affluent_traveller
C04257,affluent_traveller
C04258,digital_shopper
C04259,dormant
C04260,everyday_spender
C04261,dormant
C04262,dormant
C04263,everyday_spender
C04264,low_engagement
C04265,low_engagement
C04266,digital_shopper
C04267,everyday_spender
C04268,low_engagement
C04269,low_engagement
C04270,low_engagement
C04271,dormant
C04272,digital_shopper
C04273,low_engagement
C04274,dormant
C04275,everyday_spender
C04276,affluent_traveller
C04277,everyday_spender
C04278,low_engagement
C04279,everyday_spender
C04280,low_engagement
C04281,affluent_traveller
C04282,everyday_spender
C04283,digital_shopper
C04284,affluent_traveller
C04285,dormant
C04286,everyday_spender
C04287,dormant
C04288,everyday_spender
C04289,dormant
C04290,digital_shopper
C04291,affluent_traveller
C04292,affluent_traveller
C04293,affluent_traveller
C04294,digital_shopper
C04295,low_engagement
C04296,everyday_spender
C04297,digital_shopper
C04298,digital_shopper
C04299,digital_shopper
C04300,low_engagement
C04301,digital_shopper
C04302,low_engagement
C04303,dormant
C04304,everyday_spender
C04305,affluent_traveller
C04306,affluent_traveller
C04307,digital_shopper
C04308,everyday_spender
C04309,dormant
C04310,digital_shopper
C04311,digital_shopper
C04312,low_engagement
C04313,everyday_spender
C04314,low_engagement
C04315,affluent_traveller
C04316,digital_shopper
C04317,dormant
C04318,low_engagement
C04319,low_engagement
C04320,everyday_spender
C04321,low_engagement
C04322,digital_shopper
C04323,digital_shopper
C04324,affluent_traveller
C04325,everyday_spender
C04326,digital_shopper
C04327,affluent_traveller
C04328,low_engagement
C04329,low_engagement
C04330,dormant
C04331,affluent_traveller
C04332,dormant
C04333,affluent_traveller
C04334,digital_shopper
C04335,low_engagement
C04336,affluent_traveller
C04337,affluent_traveller
C04338,affluent_traveller
C04339,digital_shopper
C04340,low_engagement
C04341,affluent_traveller
C04342,affluent_traveller
C04343,digital_shopper
C04344,everyday_spender
C04345,low_engagement
C04346,dormant
C04347,low_engagement
C04348,dormant
C04349,digital_shopper
C04350,low_engagement
C04351,everyday_spender
C04352,affluent_traveller
C04353,digital_shopper
C04354,affluent_traveller
C04355,dormant
C04356,low_engagement
C04357,dormant
C04358,everyday_spender
C04359,digital_shopper
C04360,low_engagement
C04361,everyday_spender
C04362,digital_shopper
C04363,digital_shopper
C04364,dormant
C04365,low_engagement
C04366,affluent_traveller
C04367,digital_shopper
C04368,digital_shopper
C04369,everyday_spender
C04370,everyday_spender
C04371,everyday_spender
C04372,affluent_traveller
C04373,digital_shopper
C04374,everyday_spender
C04375,digital_shopper
C04376,everyday_spender
C04377,low_engagement
C04378,everyday_spender
C04379,dormant
C04380,affluent_traveller
C04381,digital_shopper
C04382,everyday_spender
C04383,everyday_spender
C04384,digital_shopper
C04385,low_engagement
C04386,dormant
C04387,everyday_spender
C04388,everyday_spender
C04389,low_engagement
C04390,digital_shopper
C04391,everyday_spender
C04392,low_engagement
C04393,digital_shopper
C04394,digital_shopper
C04395,everyday_spender
C04396,everyday_spender
C04397,everyday_spender
C04398,low_engagement
C04399,everyday_spender
C04400,low_engagement
C04401,low_engagement
C04402,low_engagement
C04403,affluent_traveller
C04404,everyday_spender
C04405,digital_shopper
C04406,digital_shopper
C04407,dormant
C04408,everyday_spender
C04409,dormant
C04410,everyday_spender
C04411,everyday_spender
C04412,affluent_traveller
C04413,low_engagement
C04414,everyday_spender
C04415,everyday_spender
C04416,low_engagement
C04417,digital_shopper
C04418,affluent_traveller
C04419,affluent_traveller
C04420,digital_shopper
C04421,everyday_spender
C04422,everyday_spender
C04423,digital_shopper
C04424,everyday_spender
C04425,digital_shopper
C04426,everyday_spender
C04427,everyday_spender
C04428,affluent_traveller
C04429,everyday_spender
C04430,affluent_traveller
C04431,everyday_spender
C04432,dormant
C04433,low_engagement
C04434,everyday_spender
C04435,digital_shopper
C04436,digital_shopper
C04437,low_engagement
C04438,everyday_spender
C04439,everyday_spender
C04440,everyday_spender
C04441,affluent_traveller
C04442,everyday_spender
C04443,dormant
C04444,dormant
C04445,affluent_traveller
C04446,digital_shopper
C04447,everyday_spender
C04448,digital_shopper
C04449,digital_shopper
C04450,affluent_traveller
C04451,low_engagement
C04452,dormant
C04453,digital_shopper
C04454,low_engagement
C04455,digital_shopper
C04456,everyday_spender
C04457,everyday_spender
C04458,digital_shopper
C04459,affluent_traveller
C04460,low_engagement
C04461,everyday_spender
C04462,everyday_spender
C04463,everyday_spender
C04464,dormant
C04465,everyday_spender
C04466,everyday_spender
C04467,everyday_spender
C04468,digital_shopper
C04469,dormant
C04470,everyday_spender
C04471,dormant
C04472,everyday_spender
C04473,digital_shopper
C04474,affluent_traveller
C04475,digital_shopper
C04476,digital_shopper
C04477,digital_shopper
C04478,everyday_spender
C04479,low_engagement
C04480,dormant
C04481,digital_shopper
C04482,digital_shopper
C04483,low_engagement
C04484,everyday_spender
C04485,dormant
C04486,everyday_spender
C04487,low_engagement
C04488,affluent_traveller
C04489,everyday_spender
C04490,digital_shopper
C04491,digital_shopper
C04492,low_engagement
C04493,dormant
C04494,affluent_traveller
C04495,everyday_spender
C04496,everyday_spender
C04497,digital_shopper
C04498,digital_shopper
C04499,low_engagement
C04500,low_engagement
C04501,affluent_traveller
C04502,digital_shopper
C04503,digital_shopper
C04504,digital_shopper
C04505,affluent_traveller
C04506,everyday_spender
C04507,everyday_spender
C04508,everyday_spender
C04509,low_engagement
C04510,everyday_spender
C04511,digital_shopper
C04512,digital_shopper
C04513,dormant
C04514,affluent_traveller
C04515,affluent_traveller
C04516,everyday_spender
C04517,everyday_spender
C04518,everyday_spender
C04519,low_engagement
C04520,everyday_spender
C04521,affluent_traveller
C04522,everyday_spender
C04523,low_engagement
C04524,low_engagement
C04525,low_engagement
C04526,digital_shopper
C04527,low_engagement
C04528,low_engagement
C04529,everyday_spender
C04530,digital_shopper
C04531,low_engagement
C04532,everyday_spender
C04533,digital_shopper
C04534,digital_shopper
C04535,digital_shopper
C04536,affluent_traveller
C04537,low_engagement
C04538,dormant
C04539,everyday_spender
C04540,everyday_spender
C04541,affluent_traveller
C04542,affluent_traveller
C04543,dormant
C04544,digital_shopper
C04545,everyday_spender
C04546,everyday_spender
C04547,dormant
C04548,everyday_spender
C04549,low_engagement
C04550,everyday_spender
C04551,affluent_traveller
C04552,low_engagement
C04553,affluent_traveller
C04554,low_engagement
C04555,everyday_spender
C04556,low_engagement
C04557,low_engagement
C04558,low_engagement
C04559,affluent_traveller
C04560,low_engagement
C04561,dormant
C04562,everyday_spender
C04563,everyday_spender
C04564,low_engagement
C04565,everyday_spender
C04566,low_engagement
C04567,low_engagement
C04568,affluent_traveller
C04569,digital_shopper
C04570,digital_shopper
C04571,everyday_spender
C04572,dormant
C04573,everyday_spender
C04574,everyday_spender
C04575,low_engagement
C04576,everyday_spender
C04577,low_engagement
C04578,affluent_traveller
C04579,digital_shopper
C04580,affluent_traveller
C04581,low_engagement
C04582,low_engagement
C04583,low_engagement
C04584,dormant
C04585,low_engagement
C04586,low_engagement
C04587,digital_shopper
C04588,dormant
C04589,digital_shopper
C04590,dormant
C04591,everyday_spender
C04592,digital_shopper
C04593,low_engagement
C04594,everyday_spender
C04595,everyday_spender
C04596,dormant
C04597,everyday_spender
C04598,everyday_spender
C04599,everyday_spender
C04600,everyday_spender
C04601,digital_shopper
C04602,dormant
C04603,dormant
C04604,digital_shopper
C04605,low_engagement
C04606,everyday_spender
C04607,low_engagement
C04608,everyday_spender
C04609,affluent_traveller
C04610,dormant
C04611,dormant
C04612,everyday_spender
C04613,low_engagement
C04614,digital_shopper
C04615,everyday_spender
C04616,everyday_spender
C04617,affluent_traveller
C04618,digital_shopper
C04619,digital_shopper
C04620,digital_shopper
C04621,everyday_spender
C04622,dormant
C04623,digital_shopper
C04624,dormant
C04625,affluent_traveller
C04626,digital_shopper
C04627,low_engagement
C04628,everyday_spender
C04629,everyday_spender
C04630,everyday_spender
C04631,everyday_spender
C04632,digital_shopper
C04633,everyday_spender
C04634,everyday_spender
C04635,digital_shopper
C04636,affluent_traveller
C04637,everyday_spender
C04638,low_engagement
C04639,everyday_spender
C04640,everyday_spender
C04641,everyday_spender
C04642,affluent_traveller
C04643,digital_shopper
C04644,affluent_traveller
C04645,everyday_spender
C04646,dormant
C04647,dormant
C04648,everyday_spender
C04649,everyday_spender
C04650,digital_shopper
C04651,low_engagement
C04652,low_engagement
C04653,affluent_traveller
C04654,affluent_traveller
C04655,everyday_spender
C04656,dormant
C04657,dormant
C04658,affluent_traveller
C04659,digital_shopper
C04660,everyday_spender
C04661,low_engagement
C04662,dormant
C04663,digital_shopper
C04664,affluent_traveller
C04665,digital_shopper
C04666,everyday_spender
C04667,low_engagement
C04668,everyday_spender
C04669,dormant
C04670,everyday_spender
C04671,everyday_spender
C04672,everyday_spender
C04673,affluent_traveller
C04674,everyday_spender
C04675,low_engagement
C04676,everyday_spender
C04677,affluent_traveller
C04678,affluent_traveller
C04679,affluent_traveller
C04680,dormant
C04681,dormant
C04682,affluent_traveller
C04683,low_engagement
C04684,low_engagement
C04685,dormant
C04686,everyday_spender
C04687,everyday_spender
C04688,digital_shopper
C04689,low_engagement
C04690,low_engagement
C04691,digital_shopper
C04692,everyday_spender
C04693,low_engagement
C04694,low_engagement
C04695,everyday_spender
C04696,low_engagement
C04697,everyday_spender
C04698,digital_shopper
C04699,digital_shopper
C04700,low_engagement
C04701,dormant
C04702,digital_shopper
C04703,everyday_spender
C04704,everyday_spender
C04705,affluent_traveller
C04706,everyday_spender
C04707,affluent_traveller
C04708,everyday_spender
C04709,everyday_spender
C04710,everyday_spender
C04711,low_engagement
C04712,everyday_spender
C04713,digital_shopper
C04714,dormant
C04715,digital_shopper
C04716,everyday_spender
C04717,everyday_spender
C04718,digital_shopper
C04719,digital_shopper
C04720,everyday_spender
C04721,digital_shopper
C04722,digital_shopper
C04723,everyday_spender
C04724,digital_shopper
C04725,affluent_traveller
C04726,everyday_spender
C04727,low_engagement
C04728,everyday_spender
C04729,digital_shopper
C04730,everyday_spender
C04731,everyday_spender
C04732,dormant
C04733,everyday_spender
C04734,everyday_spender
C04735,dormant
C04736,low_engagement
C04737,low_engagement
C04738,affluent_traveller
C04739,affluent_traveller
C04740,digital_shopper
C04741,everyday_spender
C04742,everyday_spender
C04743,low_engagement
C04744,everyday_spender
C04745,affluent_traveller
C04746,affluent_traveller
C04747,digital_shopper
C04748,digital_shopper
C04749,dormant
C04750,affluent_traveller
C04751,everyday_spender
C04752,digital_shopper
C04753,everyday_spender
C04754,digital_shopper
C04755,dormant
C04756,digital_shopper
C04757,everyday_spender
C04758,dormant
C04759,affluent_traveller
C04760,dormant
C04761,digital_shopper
C04762,digital_shopper
C04763,dormant
C04764,digital_shopper
C04765,everyday_spender
C04766,everyday_spender
C04767,digital_shopper
C04768,digital_shopper
C04769,everyday_spender
C04770,low_engagement
C04771,digital_shopper
C04772,everyday_spender
C04773,affluent_traveller
C04774,digital_shopper
C04775,affluent_traveller
C04776,affluent_traveller
C04777,everyday_spender
C04778,affluent_traveller
C04779,everyday_spender
C04780,digital_shopper
C04781,everyday_spender
C04782,dormant
C04783,dormant
C04784,digital_shopper
C04785,dormant
C04786,dormant
C04787,everyday_spender
C04788,low_engagement
C04789,affluent_traveller
C04790,low_engagement
C04791,digital_shopper
C04792,affluent_traveller
C04793,everyday_spender
C04794,dormant
C04795,everyday_spender
C04796,everyday_spender
C04797,everyday_spender
C04798,digital_shopper
C04799,low_engagement
C04800,low_engagement
C04801,everyday_spender
C04802,everyday_spender
C04803,affluent_traveller
C04804,digital_shopper
C04805,low_engagement
C04806,low_engagement
C04807,everyday_spender
C04808,digital_shopper
C04809,everyday_spender
C04810,digital_shopper
C04811,digital_shopper
C04812,low_engagement
C04813,digital_shopper
C04814,dormant
C04815,everyday_spender
C04816,affluent_traveller
C04817,everyday_spender
C04818,digital_shopper
C04819,digital_shopper
C04820,digital_shopper
C04821,low_engagement
C04822,everyday_spender
C04823,low_engagement
C04824,low_engagement
C04825,everyday_spender
C04826,everyday_spender
C04827,everyday_spender
C04828,everyday_spender
C04829,low_engagement
C04830,dormant
C04831,digital_shopper
C04832,everyday_spender
C04833,low_engagement
C04834,low_engagement
C04835,everyday_spender
C04836,low_engagement
C04837,affluent_traveller
C04838,affluent_traveller
C04839,affluent_traveller
C04840,everyday_spender
C04841,dormant
C04842,everyday_spender
C04843,everyday_spender
C04844,everyday_spender
C04845,everyday_spender
C04846,everyday_spender
C04847,affluent_traveller
C04848,digital_shopper
C04849,affluent_traveller
C04850,low_engagement
C04851,everyday_spender
C04852,low_engagement
C04853,low_engagement
C04854,affluent_traveller
C04855,affluent_traveller
C04856,dormant
C04857,digital_shopper
C04858,digital_shopper
C04859,affluent_traveller
C04860,everyday_spender
C04861,digital_shopper
C04862,dormant
C04863,everyday_spender
C04864,low_engagement
C04865,low_engagement
C04866,affluent_traveller
C04867,everyday_spender
C04868,everyday_spender
C04869,digital_shopper
C04870,digital_shopper
C04871,everyday_spender
C04872,everyday_spender
C04873,low_engagement
C04874,digital_shopper
C04875,digital_shopper
C04876,digital_shopper
C04877,everyday_spender
C04878,low_engagement
C04879,everyday_spender
C04880,everyday_spender
C04881,everyday_spender
C04882,digital_shopper
C04883,digital_shopper
C04884,everyday_spender
C04885,low_engagement
C04886,low_engagement
C04887,affluent_traveller
C04888,low_engagement
C04889,everyday_spender
C04890,dormant
C04891,everyday_spender
C04892,everyday_spender
C04893,digital_shopper
C04894,everyday_spender
C04895,low_engagement
C04896,digital_shopper
C04897,everyday_spender
C04898,digital_shopper
C04899,dormant
C04900,low_engagement
C04901,digital_shopper
C04902,everyday_spender
C04903,everyday_spender
C04904,dormant
C04905,low_engagement
C04906,digital_shopper
C04907,dormant
C04908,affluent_traveller
C04909,low_engagement
C04910,everyday_spender
C04911,affluent_traveller
C04912,digital_shopper
C04913,everyday_spender
C04914,dormant
C04915,everyday_spender
C04916,low_engagement
C04917,low_engagement
C04918,low_engagement
C04919,dormant
C04920,everyday_spender
C04921,everyday_spender
C04922,everyday_spender
C04923,everyday_spender
C04924,dormant
C04925,digital_shopper
C04926,everyday_spender
C04927,everyday_spender
C04928,digital_shopper
C04929,low_engagement
C04930,everyday_spender
C04931,low_engagement
C04932,digital_shopper
C04933,low_engagement
C04934,everyday_spender
C04935,digital_shopper
C04936,everyday_spender
C04937,everyday_spender
C04938,low_engagement
C04939,digital_shopper
C04940,everyday_spender
C04941,low_engagement
C04942,affluent_traveller
C04943,digital_shopper
C04944,dormant
C04945,digital_shopper
C04946,low_engagement
C04947,digital_shopper
C04948,low_engagement
C04949,digital_shopper
C04950,low_engagement
C04951,everyday_spender
C04952,low_engagement
C04953,everyday_spender
C04954,dormant
C04955,everyday_spender
C04956,everyday_spender
C04957,low_engagement
C04958,everyday_spender
C04959,everyday_spender
C04960,low_engagement
C04961,everyday_spender
C04962,everyday_spender
C04963,digital_shopper
C04964,everyday_spender
C04965,everyday_spender
C04966,affluent_traveller
C04967,everyday_spender
C04968,everyday_spender
C04969,affluent_traveller
C04970,digital_shopper
C04971,digital_shopper
C04972,affluent_traveller
C04973,everyday_spender
C04974,dormant
C04975,digital_shopper
C04976,everyday_spender
C04977,digital_shopper
C04978,everyday_spender
C04979,low_engagement
C04980,dormant
C04981,dormant
C04982,everyday_spender
C04983,everyday_spender
C04984,everyday_spender
C04985,everyday_spender
C04986,everyday_spender
C04987,digital_shopper
C04988,everyday_spender
C04989,dormant
C04990,affluent_traveller
C04991,affluent_traveller
C04992,low_engagement
C04993,low_engagement
C04994,everyday_spender
C04995,digital_shopper
C04996,everyday_spender
C04997,everyday_spender
C04998,digital_shopper
C04999,everyday_spender
C05000,digital_shopper
