customer_id,age_band,region,tenure_months,card_tier
C00001,41-50,North,44,Classic
C00002,41-50,East,59,Gold
C00003,21-30,West,33,Classic
C00004,21-30,North,17,Classic
C00005,31-40,North,77,Gold
C00006,21-30,South,37,Classic
C00007,31-40,West,33,Gold
C00008,51+,East,27,Classic
C00009,21-30,West,55,Platinum
C00010,31-40,South,21,Gold
C00011,41-50,North,44,Gold
C00012,31-40,South,53,Classic
C00013,21-30,North,5,Classic
C00014,21-30,West,28,Gold
C00015,51+,North,6,Classic
C00016,21-30,North,40,Gold
C00017,41-50,South,12,Platinum
C00018,41-50,South,78,Platinum
C00019,31-40,East,27,Classic
C00020,41-50,South,3,Classic
C00021,21-30,West,43,Gold
C00022,31-40,West,46,Platinum
C00023,31-40,West,46,Classic
C00024,51+,East,43,Classic
C00025,21-30,East,20,Platinum
C00026,21-30,East,61,Classic
C00027,51+,South,14,Classic
C00028,21-30,South,42,Platinum
C00029,51+,East,45,Platinum
C00030,41-50,North,42,Classic
C00031,31-40,North,31,Classic
C00032,41-50,West,38,Gold
C00033,41-50,North,32,Classic
C00034,21-30,South,32,Classic
C00035,51+,East,29,Classic
C00036,51+,North,41,Classic
C00037,51+,West,43,Platinum
C00038,41-50,North,17,Classic
C00039,31-40,West,43,Gold
C00040,31-40,West,25,Classic
C00041,21-30,North,31,Gold
C00042,31-40,North,19,Platinum
C00043,41-50,South,40,Gold
C00044,41-50,South,44,Classic
C00045,31-40,North,34,Classic
C00046,31-40,West,32,Classic
C00047,41-50,North,45,Platinum
C00048,31-40,West,37,Gold
C00049,51+,North,27,Classic
C00050,41-50,West,71,Platinum
C00051,21-30,North,56,Classic
C00052,21-30,South,47,Classic
C00053,41-50,East,27,Classic
C00054,31-40,North,38,Gold
C00055,41-50,West,48,Classic
C00056,21-30,North,47,Classic
C00057,21-30,South,6,Classic
C00058,31-40,South,26,Classic
C00059,41-50,East,60,Platinum
C00060,51+,North,70,Gold
C00061,51+,North,37,Gold
C00062,31-40,North,3,Classic
C00063,41-50,South,19,Classic
C00064,21-30,North,40,Classic
C00065,31-40,West,13,Gold
C00066,51+,South,11,Classic
C00067,31-40,East,3,Gold
C00068,51+,South,48,Classic
C00069,21-30,North,62,Gold
C00070,21-30,South,32,Classic
C00071,31-40,North,38,Gold
C00072,51+,South,43,Classic
C00073,31-40,South,24,Classic
C00074,41-50,South,42,Classic
C00075,21-30,West,42,Platinum
C00076,41-50,North,55,Classic
C00077,31-40,South,42,Gold
C00078,21-30,North,19,Platinum
C00079,41-50,South,3,Classic
C00080,41-50,West,40,Classic
C00081,31-40,North,35,Gold
C00082,21-30,East,44,Gold
C00083,21-30,South,38,Classic
C00084,51+,North,50,Classic
C00085,41-50,West,61,Gold
C00086,41-50,South,57,Gold
C00087,41-50,West,25,Classic
C00088,41-50,South,18,Classic
C00089,21-30,West,55,Gold
C00090,31-40,North,12,Classic
C00091,41-50,South,56,Classic
C00092,21-30,West,33,Classic
C00093,21-30,South,17,Platinum
C00094,41-50,South,66,Classic
C00095,51+,West,58,Classic
C00096,41-50,East,30,Gold
C00097,21-30,East,34,Classic
C00098,51+,East,81,Gold
C00099,21-30,West,59,Gold
C00100,21-30,West,45,Classic
C00101,51+,East,26,Platinum
C00102,41-50,North,33,Classic
C00103,51+,North,31,Gold
C00104,41-50,East,52,Classic
C00105,41-50,West,18,Classic
C00106,31-40,South,47,Classic
C00107,31-40,North,19,Classic
C00108,51+,North,64,Classic
C00109,51+,South,49,Platinum
C00110,31-40,West,63,Gold
C00111,31-40,North,3,Gold
C00112,31-40,East,44,Classic
C00113,31-40,West,35,Classic
C00114,51+,West,9,Classic
C00115,21-30,North,36,Gold
C00116,31-40,West,20,Classic
C00117,51+,East,17,Classic
C00118,31-40,West,25,Classic
C00119,31-40,North,43,Classic
C00120,31-40,South,25,Classic
C00121,21-30,East,16,Classic
C00122,21-30,South,25,Gold
C00123,21-30,South,45,Platinum
C00124,21-30,East,37,Classic
C00125,21-30,East,67,Gold
C00126,31-40,North,17,Platinum
C00127,21-30,South,33,Gold
C00128,51+,North,51,Classic
C00129,21-30,West,54,Platinum
C00130,31-40,West,6,Gold
C00131,51+,North,46,Classic
C00132,21-30,North,48,Classic
C00133,31-40,North,8,Gold
C00134,41-50,South,36,Gold
C00135,31-40,West,3,Platinum
C00136,21-30,South,56,Platinum
C00137,41-50,North,59,Classic
C00138,41-50,North,16,Gold
C00139,31-40,North,39,Gold
C00140,21-30,West,65,Classic
C00141,21-30,East,7,Classic
C00142,41-50,East,3,Gold
C00143,31-40,South,38,Gold
C00144,21-30,West,7,Classic
C00145,31-40,South,6,Classic
C00146,51+,West,51,Classic
C00147,21-30,West,51,Platinum
C00148,21-30,South,36,Classic
C00149,31-40,West,34,Platinum
C00150,41-50,North,75,Platinum
C00151,31-40,East,45,Classic
C00152,51+,North,45,Classic
C00153,21-30,South,46,Platinum
C00154,31-40,North,26,Gold
C00155,31-40,North,59,Gold
C00156,31-40,North,28,Gold
C00157,31-40,South,35,Gold
C00158,41-50,East,3,Gold
C00159,31-40,South,30,Gold
C00160,41-50,South,22,Classic
C00161,21-30,West,49,Platinum
C00162,31-40,West,52,Classic
C00163,31-40,North,27,Classic
C00164,31-40,South,68,Platinum
C00165,21-30,East,18,Classic
C00166,51+,West,37,Gold
C00167,51+,South,29,Classic
C00168,41-50,West,18,Classic
C00169,51+,North,49,Classic
C00170,21-30,South,49,Gold
C00171,31-40,West,44,Classic
C00172,31-40,East,19,Classic
C00173,51+,West,35,Gold
C00174,21-30,North,32,Platinum
C00175,21-30,North,51,Platinum
C00176,41-50,North,66,Platinum
C00177,21-30,North,36,Gold
C00178,41-50,North,52,Classic
C00179,31-40,South,60,Classic
C00180,41-50,South,41,Gold
C00181,51+,East,42,Classic
C00182,41-50,South,33,Classic
C00183,21-30,North,3,Classic
C00184,21-30,East,38,Classic
C00185,21-30,North,44,Classic
C00186,21-30,West,22,Classic
C00187,31-40,North,36,Gold
C00188,31-40,South,53,Platinum
C00189,21-30,West,24,Classic
C00190,21-30,East,41,Gold
C00191,51+,East,35,Platinum
C00192,21-30,East,52,Gold
C00193,31-40,North,58,Platinum
C00194,31-40,East,54,Gold
C00195,21-30,West,30,Classic
C00196,51+,West,57,Gold
C00197,21-30,South,27,Classic
C00198,41-50,South,43,Classic
C00199,41-50,West,38,Classic
C00200,41-50,South,32,Gold
C00201,41-50,North,20,Gold
C00202,41-50,North,47,Classic
C00203,31-40,North,14,Classic
C00204,31-40,South,25,Gold
C00205,41-50,North,82,Classic
C00206,31-40,North,39,Classic
C00207,31-40,North,60,Platinum
C00208,21-30,West,23,Classic
C00209,31-40,North,57,Gold
C00210,31-40,North,10,Classic
C00211,21-30,South,29,Platinum
C00212,31-40,North,13,Gold
C00213,21-30,West,50,Gold
C00214,31-40,West,32,Gold
C00215,41-50,South,37,Gold
C00216,31-40,South,29,Classic
C00217,41-50,South,62,Platinum
C00218,21-30,North,57,Platinum
C00219,21-30,North,58,Classic
C00220,41-50,North,45,Platinum
C00221,41-50,North,40,Gold
C00222,41-50,East,12,Classic
C00223,41-50,North,28,Classic
C00224,41-50,North,48,Gold
C00225,41-50,South,41,Classic
C00226,41-50,South,42,Classic
C00227,41-50,North,67,Gold
C00228,21-30,North,22,Classic
C00229,21-30,North,31,Gold
C00230,31-40,North,53,Platinum
C00231,31-40,West,48,Classic
C00232,41-50,West,22,Classic
C00233,31-40,South,56,Gold
C00234,31-40,South,3,Platinum
C00235,41-50,West,38,Platinum
C00236,21-30,East,33,Platinum
C00237,41-50,North,7,Gold
C00238,21-30,North,22,Classic
C00239,31-40,South,55,Platinum
C00240,31-40,East,67,Gold
C00241,31-40,North,20,Platinum
C00242,21-30,North,29,Gold
C00243,21-30,South,38,Classic
C00244,31-40,North,22,Gold
C00245,31-40,South,22,Gold
C00246,41-50,East,29,Classic
C00247,21-30,South,24,Gold
C00248,31-40,North,35,Platinum
C00249,21-30,North,44,Classic
C00250,51+,West,32,Gold
C00251,41-50,South,17,Classic
C00252,51+,North,73,Gold
C00253,51+,North,15,Gold
C00254,31-40,West,37,Classic
C00255,41-50,West,39,Classic
C00256,31-40,West,15,Gold
C00257,51+,East,44,Classic
C00258,31-40,South,63,Gold
C00259,31-40,South,49,Gold
C00260,51+,North,3,Classic
C00261,41-50,East,42,Classic
C00262,51+,East,39,Classic
C00263,21-30,North,30,Gold
C00264,21-30,West,53,Classic
C00265,31-40,South,47,Classic
C00266,31-40,North,32,Classic
C00267,31-40,South,37,Classic
C00268,31-40,West,59,Platinum
C00269,41-50,West,46,Platinum
C00270,21-30,South,52,Platinum
C00271,41-50,West,69,Platinum
C00272,51+,West,44,Classic
C00273,41-50,West,52,Platinum
C00274,31-40,West,23,Classic
C00275,21-30,South,40,Classic
C00276,21-30,West,45,Classic
C00277,41-50,East,35,Platinum
C00278,31-40,West,9,Classic
C00279,21-30,North,50,Gold
C00280,51+,West,16,Classic
C00281,41-50,West,73,Platinum
C00282,41-50,South,59,Classic
C00283,31-40,West,39,Platinum
C00284,51+,South,45,Gold
C00285,21-30,North,25,Gold
C00286,21-30,North,61,Classic
C00287,51+,West,75,Gold
C00288,51+,East,24,Classic
C00289,31-40,South,10,Classic
C00290,21-30,East,65,Platinum
C00291,31-40,South,25,Platinum
C00292,41-50,South,77,Platinum
C00293,41-50,West,64,Classic
C00294,31-40,East,51,Classic
C00295,21-30,West,28,Gold
C00296,41-50,East,40,Classic
C00297,41-50,West,46,Classic
C00298,31-40,North,27,Classic
C00299,31-40,North,39,Gold
C00300,51+,North,5,Classic
C00301,21-30,East,3,Classic
C00302,31-40,East,43,Platinum
C00303,41-50,West,3,Classic
C00304,31-40,South,7,Gold
C00305,51+,North,31,Classic
C00306,41-50,East,3,Classic
C00307,31-40,West,29,Classic
C00308,21-30,North,4,Classic
C00309,41-50,North,30,Classic
C00310,21-30,North,54,Platinum
C00311,21-30,South,8,Gold
C00312,31-40,North,48,Classic
C00313,31-40,South,32,Classic
C00314,51+,East,38,Classic
C00315,41-50,South,36,Gold
C00316,41-50,South,50,Classic
C00317,31-40,North,40,Classic
C00318,31-40,West,40,Classic
C00319,51+,South,30,Gold
C00320,31-40,South,47,Platinum
C00321,41-50,North,42,Classic
C00322,31-40,East,3,Classic
C00323,21-30,West,41,Gold
C00324,31-40,North,31,Classic
C00325,21-30,North,21,Gold
C00326,21-30,North,12,Gold
C00327,21-30,East,16,Gold
C00328,21-30,West,3,Gold
C00329,31-40,South,6,Classic
C00330,51+,South,37,Gold
C00331,31-40,West,25,Classic
C00332,41-50,West,39,Classic
C00333,31-40,North,13,Platinum
C00334,21-30,North,41,Gold
C00335,21-30,South,65,Platinum
C00336,51+,West,3,Classic
C00337,41-50,East,56,Classic
C00338,51+,East,32,Classic
C00339,31-40,West,52,Gold
C00340,41-50,North,51,Classic
C00341,41-50,South,44,Gold
C00342,51+,North,56,Classic
C00343,21-30,West,33,Classic
C00344,51+,East,14,Gold
C00345,31-40,North,41,Platinum
C00346,41-50,North,26,Classic
C00347,31-40,West,41,Classic
C00348,31-40,West,55,Gold
C00349,31-40,East,32,Classic
C00350,41-50,North,53,Platinum
C00351,31-40,West,12,Classic
C00352,31-40,West,52,Classic
C00353,31-40,East,13,Gold
C00354,41-50,East,19,Classic
C00355,31-40,West,21,Classic
C00356,41-50,West,8,Classic
C00357,31-40,East,34,Classic
C00358,41-50,South,29,Classic
C00359,41-50,South,3,Classic
C00360,41-50,West,4,Classic
C00361,41-50,East,41,Gold
C00362,31-40,North,69,Platinum
C00363,21-30,North,69,Platinum
C00364,41-50,West,67,Platinum
C00365,21-30,West,18,Classic
C00366,21-30,West,46,Classic
C00367,41-50,South,32,Classic
C00368,31-40,West,34,Gold
C00369,31-40,West,46,Classic
C00370,51+,South,33,Classic
C00371,21-30,North,22,Gold
C00372,21-30,West,31,Classic
C00373,21-30,North,53,Gold
C00374,21-30,East,58,Classic
C00375,41-50,East,20,Gold
C00376,41-50,East,57,Classic
C00377,31-40,North,48,Classic
C00378,31-40,West,52,Classic
C00379,31-40,North,47,Gold
C00380,21-30,West,44,Gold
C00381,41-50,North,16,Classic
C00382,41-50,East,34,Platinum
C00383,21-30,West,28,Gold
C00384,41-50,North,19,Classic
C00385,41-50,North,39,Classic
C00386,31-40,West,54,Classic
C00387,41-50,North,29,Gold
C00388,41-50,North,42,Classic
C00389,21-30,South,49,Gold
C00390,21-30,West,26,Gold
C00391,41-50,East,16,Gold
C00392,51+,South,40,Platinum
C00393,31-40,West,6,Classic
C00394,31-40,South,10,Gold
C00395,41-50,South,53,Gold
C00396,31-40,South,25,Gold
C00397,21-30,South,18,Gold
C00398,31-40,South,49,Classic
C00399,51+,East,42,Classic
C00400,41-50,North,28,Classic
C00401,51+,East,43,Classic
C00402,21-30,North,56,Gold
C00403,31-40,South,16,Classic
C00404,31-40,North,44,Platinum
C00405,21-30,East,48,Classic
C00406,21-30,West,51,Classic
C00407,41-50,South,52,Classic
C00408,41-50,North,24,Platinum
C00409,41-50,North,61,Platinum
C00410,31-40,West,49,Classic
C00411,31-40,North,28,Classic
C00412,21-30,West,13,Gold
C00413,21-30,South,51,Platinum
C00414,31-40,North,50,Gold
C00415,31-40,West,61,Platinum
C00416,51+,South,37,Gold
C00417,31-40,North,48,Classic
C00418,21-30,West,40,Classic
C00419,21-30,North,48,Classic
C00420,41-50,South,37,Platinum
C00421,21-30,South,14,Platinum
C00422,21-30,South,50,Platinum
C00423,31-40,West,60,Gold
C00424,31-40,North,50,Gold
C00425,41-50,West,26,Gold
C00426,31-40,East,37,Classic
C00427,21-30,West,53,Classic
C00428,41-50,West,40,Classic
C00429,31-40,West,57,Gold
C00430,41-50,East,25,Classic
C00431,21-30,South,65,Platinum
C00432,41-50,South,28,Classic
C00433,31-40,East,16,Classic
C00434,31-40,South,40,Classic
C00435,31-40,West,61,Platinum
C00436,51+,North,57,Classic
C00437,21-30,West,62,Platinum
C00438,51+,North,13,Classic
C00439,51+,West,45,Classic
C00440,31-40,North,3,Gold
C00441,31-40,North,24,Classic
C00442,31-40,West,33,Classic
C00443,51+,West,8,Classic
C00444,41-50,West,50,Classic
C00445,31-40,West,36,Classic
C00446,21-30,North,39,Gold
C00447,41-50,West,51,Classic
C00448,21-30,South,20,Classic
C00449,21-30,South,55,Gold
C00450,31-40,South,6,Classic
C00451,31-40,North,60,Platinum
C00452,51+,East,57,Platinum
C00453,41-50,West,29,Classic
C00454,21-30,North,34,Classic
C00455,31-40,West,48,Platinum
C00456,41-50,South,44,Platinum
C00457,31-40,North,42,Gold
C00458,21-30,East,13,Classic
C00459,31-40,North,27,Platinum
C00460,41-50,North,9,Gold
C00461,51+,East,16,Gold
C00462,41-50,North,47,Classic
C00463,21-30,North,67,Gold
C00464,41-50,West,49,Gold
C00465,31-40,North,29,Classic
C00466,51+,West,21,Gold
C00467,31-40,West,3,Gold
C00468,21-30,North,47,Classic
C00469,31-40,South,50,Platinum
C00470,31-40,North,21,Platinum
C00471,21-30,East,54,Gold
C00472,31-40,North,3,Gold
C00473,41-50,West,72,Platinum
C00474,41-50,North,63,Classic
C00475,31-40,East,26,Gold
C00476,21-30,North,49,Classic
C00477,31-40,North,43,Classic
C00478,31-40,South,17,Classic
C00479,21-30,East,23,Classic
C00480,51+,West,46,Classic
C00481,51+,North,27,Classic
C00482,21-30,North,40,Classic
C00483,41-50,South,3,Platinum
C00484,41-50,South,48,Classic
C00485,31-40,West,73,Platinum
C00486,41-50,West,29,Classic
C00487,21-30,West,7,Classic
C00488,21-30,North,33,Gold
C00489,51+,South,9,Platinum
C00490,41-50,West,18,Classic
C00491,31-40,South,25,Classic
C00492,31-40,East,20,Classic
C00493,51+,North,24,Gold
C00494,31-40,South,53,Gold
C00495,51+,West,18,Gold
C00496,51+,North,27,Gold
C00497,31-40,West,56,Classic
C00498,41-50,South,29,Classic
C00499,41-50,North,40,Classic
C00500,41-50,North,6,Classic
C00501,31-40,North,20,Gold
C00502,21-30,South,36,Classic
C00503,21-30,North,48,Classic
C00504,41-50,East,22,Classic
C00505,41-50,West,27,Classic
C00506,41-50,South,25,Platinum
C00507,31-40,North,41,Platinum
C00508,21-30,South,28,Classic
C00509,21-30,West,7,Classic
C00510,41-50,East,67,Classic
C00511,31-40,North,63,Platinum
C00512,41-50,South,31,Classic
C00513,21-30,South,63,Platinum
C00514,31-40,South,48,Classic
C00515,51+,North,48,Gold
C00516,21-30,West,33,Classic
C00517,21-30,North,50,Gold
C00518,41-50,North,32,Gold
C00519,31-40,North,55,Platinum
C00520,51+,East,32,Classic
C00521,51+,South,33,Classic
C00522,41-50,North,52,Classic
C00523,21-30,South,31,Classic
C00524,31-40,East,27,Classic
C00525,51+,North,60,Gold
C00526,31-40,West,36,Platinum
C00527,51+,South,42,Classic
C00528,41-50,North,37,Classic
C00529,21-30,West,12,Classic
C00530,31-40,West,48,Platinum
C00531,41-50,South,49,Gold
C00532,21-30,West,13,Gold
C00533,31-40,South,32,Classic
C00534,41-50,South,21,Classic
C00535,21-30,West,59,Platinum
C00536,31-40,West,50,Classic
C00537,41-50,North,12,Classic
C00538,41-50,East,36,Gold
C00539,31-40,South,39,Platinum
C00540,51+,North,6,Classic
C00541,51+,West,36,Gold
C00542,31-40,South,23,Gold
C00543,21-30,East,41,Classic
C00544,41-50,East,62,Gold
C00545,21-30,East,46,Classic
C00546,41-50,North,3,Classic
C00547,31-40,West,35,Classic
C00548,31-40,East,73,Classic
C00549,31-40,East,46,Gold
C00550,31-40,South,55,Gold
C00551,51+,North,11,Classic
C00552,21-30,North,28,Platinum
C00553,51+,South,41,Classic
C00554,21-30,North,48,Platinum
C00555,41-50,East,75,Platinum
C00556,51+,West,44,Classic
C00557,31-40,South,42,Classic
C00558,21-30,South,14,Classic
C00559,41-50,East,17,Classic
C00560,41-50,North,20,Gold
C00561,31-40,West,52,Gold
C00562,31-40,South,31,Classic
C00563,41-50,North,43,Classic
C00564,21-30,North,3,Classic
C00565,41-50,West,30,Platinum
C00566,31-40,North,10,Gold
C00567,21-30,East,24,Classic
C00568,41-50,North,69,Platinum
C00569,31-40,North,42,Classic
C00570,51+,West,3,Classic
C00571,31-40,North,46,Classic
C00572,31-40,North,30,Gold
C00573,31-40,South,11,Gold
C00574,31-40,West,23,Classic
C00575,41-50,South,29,Classic
C00576,41-50,North,8,Classic
C00577,41-50,West,72,Gold
C00578,31-40,East,11,Gold
C00579,31-40,West,26,Classic
C00580,21-30,West,36,Classic
C00581,41-50,East,31,Classic
C00582,31-40,South,3,Classic
C00583,31-40,South,63,Platinum
C00584,31-40,West,39,Classic
C00585,31-40,West,33,Classic
C00586,41-50,West,5,Classic
C00587,41-50,East,45,Classic
C00588,51+,North,33,Gold
C00589,21-30,South,44,Classic
C00590,31-40,East,77,Gold
C00591,21-30,South,49,Classic
C00592,41-50,West,3,Gold
C00593,41-50,East,33,Classic
C00594,31-40,North,11,Classic
C00595,41-50,East,56,Gold
C00596,31-40,East,43,Platinum
C00597,21-30,West,33,Gold
C00598,31-40,South,31,Classic
C00599,21-30,East,47,Classic
C00600,51+,South,3,Platinum
C00601,41-50,South,25,Gold
C00602,41-50,North,42,Classic
C00603,51+,West,50,Gold
C00604,41-50,West,27,Platinum
C00605,31-40,South,54,Classic
C00606,21-30,East,27,Classic
C00607,31-40,North,27,Gold
C00608,51+,East,65,Platinum
C00609,51+,South,38,Classic
C00610,41-50,West,28,Classic
C00611,21-30,North,6,Classic
C00612,21-30,West,16,Gold
C00613,51+,North,50,Classic
C00614,21-30,East,48,Classic
C00615,31-40,East,43,Gold
C00616,31-40,North,30,Classic
C00617,31-40,South,32,Classic
C00618,41-50,West,49,Gold
C00619,51+,East,72,Gold
C00620,41-50,North,52,Platinum
C00621,31-40,South,28,Classic
C00622,31-40,South,9,Classic
C00623,51+,East,42,Gold
C00624,31-40,East,3,Gold
C00625,31-40,North,48,Gold
C00626,41-50,East,46,Classic
C00627,21-30,West,28,Gold
C00628,21-30,West,59,Platinum
C00629,51+,North,18,Classic
C00630,41-50,South,44,Classic
C00631,21-30,South,43,Classic
C00632,31-40,North,18,Classic
C00633,51+,South,59,Platinum
C00634,41-50,North,60,Classic
C00635,41-50,North,48,Gold
C00636,21-30,East,66,Platinum
C00637,51+,North,41,Classic
C00638,51+,West,6,Classic
C00639,31-40,North,34,Gold
C00640,31-40,East,54,Platinum
C00641,41-50,South,27,Gold
C00642,41-50,West,23,Classic
C00643,41-50,West,54,Platinum
C00644,51+,South,38,Classic
C00645,41-50,East,10,Gold
C00646,31-40,North,25,Classic
C00647,31-40,East,56,Gold
C00648,41-50,North,25,Gold
C00649,31-40,South,17,Platinum
C00650,21-30,North,42,Gold
C00651,41-50,West,54,Platinum
C00652,31-40,South,46,Gold
C00653,41-50,East,26,Classic
C00654,21-30,South,40,Classic
C00655,31-40,North,32,Classic
C00656,31-40,North,36,Classic
C00657,41-50,West,35,Classic
C00658,41-50,West,32,Classic
C00659,31-40,North,10,Gold
C00660,31-40,West,19,Classic
C00661,21-30,South,53,Classic
C00662,41-50,North,46,Classic
C00663,51+,South,48,Classic
C00664,41-50,North,64,Platinum
C00665,21-30,North,47,Classic
C00666,41-50,East,29,Classic
C00667,31-40,North,33,Gold
C00668,21-30,West,38,Gold
C00669,21-30,East,30,Classic
C00670,21-30,West,40,Gold
C00671,21-30,East,53,Gold
C00672,41-50,West,28,Classic
C00673,31-40,South,51,Classic
C00674,41-50,South,22,Classic
C00675,51+,South,11,Platinum
C00676,31-40,West,43,Gold
C00677,31-40,North,47,Classic
C00678,41-50,East,16,Gold
C00679,21-30,West,60,Platinum
C00680,31-40,South,28,Gold
C00681,31-40,West,38,Platinum
C00682,41-50,South,38,Classic
C00683,41-50,North,65,Classic
C00684,41-50,East,10,Classic
C00685,41-50,South,26,Gold
C00686,31-40,North,41,Classic
C00687,41-50,North,55,Classic
C00688,51+,North,59,Classic
C00689,31-40,West,40,Platinum
C00690,51+,West,3,Gold
C00691,51+,South,42,Classic
C00692,31-40,North,60,Classic
C00693,21-30,South,44,Gold
C00694,21-30,West,47,Gold
C00695,41-50,West,34,Classic
C00696,21-30,North,33,Classic
C00697,31-40,North,22,Classic
C00698,41-50,West,3,Classic
C00699,51+,West,10,Classic
C00700,41-50,North,17,Classic
C00701,41-50,West,31,Classic
C00702,31-40,North,67,Gold
C00703,21-30,North,38,Classic
C00704,41-50,West,33,Classic
C00705,21-30,South,42,Classic
C00706,31-40,South,5,Gold
C00707,51+,West,38,Classic
C00708,31-40,West,21,Classic
C00709,41-50,North,44,Gold
C00710,41-50,East,3,Classic
C00711,41-50,West,73,Gold
C00712,31-40,East,35,Gold
C00713,31-40,West,28,Gold
C00714,21-30,East,45,Classic
C00715,41-50,North,24,Platinum
C00716,31-40,North,34,Classic
C00717,31-40,West,6,Classic
C00718,41-50,West,76,Platinum
C00719,21-30,North,8,Classic
C00720,31-40,North,26,Classic
C00721,21-30,West,3,Gold
C00722,31-40,North,51,Platinum
C00723,21-30,North,57,Platinum
C00724,21-30,West,46,Classic
C00725,51+,West,71,Platinum
C00726,51+,West,52,Gold
C00727,41-50,East,48,Classic
C00728,41-50,South,53,Gold
C00729,41-50,West,19,Gold
C00730,51+,North,10,Gold
C00731,31-40,North,39,Gold
C00732,21-30,West,68,Gold
C00733,41-50,East,67,Gold
C00734,51+,West,40,Classic
C00735,31-40,North,55,Gold
C00736,31-40,West,45,Classic
C00737,31-40,East,47,Platinum
C00738,31-40,East,38,Gold
C00739,41-50,West,35,Gold
C00740,31-40,South,52,Platinum
C00741,51+,West,61,Platinum
C00742,41-50,East,58,Gold
C00743,21-30,West,49,Gold
C00744,41-50,West,63,Platinum
C00745,41-50,East,13,Gold
C00746,31-40,North,26,Gold
C00747,31-40,North,54,Gold
C00748,41-50,West,47,Platinum
C00749,31-40,West,43,Gold
C00750,21-30,West,30,Classic
C00751,31-40,North,48,Gold
C00752,31-40,South,52,Gold
C00753,41-50,West,52,Classic
C00754,21-30,West,23,Gold
C00755,41-50,North,36,Classic
C00756,31-40,East,61,Gold
C00757,41-50,North,36,Classic
C00758,31-40,South,46,Classic
C00759,51+,North,57,Gold
C00760,51+,North,10,Gold
C00761,21-30,North,10,Classic
C00762,41-50,West,55,Gold
C00763,21-30,West,49,Gold
C00764,41-50,West,61,Platinum
C00765,41-50,South,33,Classic
C00766,31-40,South,66,Platinum
C00767,21-30,South,34,Classic
C00768,31-40,East,48,Platinum
C00769,41-50,South,61,Platinum
C00770,41-50,West,6,Classic
C00771,21-30,West,36,Classic
C00772,31-40,West,15,Gold
C00773,31-40,North,21,Platinum
C00774,31-40,South,21,Classic
C00775,21-30,North,50,Platinum
C00776,31-40,North,30,Classic
C00777,51+,West,19,Classic
C00778,31-40,South,56,Classic
C00779,41-50,West,19,Classic
C00780,31-40,North,26,Platinum
C00781,31-40,West,53,Classic
C00782,41-50,West,67,Classic
C00783,31-40,South,4,Platinum
C00784,21-30,West,6,Classic
C00785,51+,North,51,Gold
C00786,51+,West,36,Platinum
C00787,41-50,West,22,Classic
C00788,21-30,West,44,Classic
C00789,21-30,West,45,Gold
C00790,21-30,South,3,Classic
C00791,51+,West,56,Platinum
C00792,41-50,East,36,Classic
C00793,31-40,North,45,Classic
C00794,51+,North,75,Gold
C00795,21-30,West,63,Platinum
C00796,31-40,East,39,Gold
C00797,21-30,South,67,Gold
C00798,31-40,West,40,Platinum
C00799,51+,East,35,Gold
C00800,51+,South,27,Gold
C00801,21-30,South,38,Classic
C00802,21-30,East,28,Platinum
C00803,31-40,West,37,Classic
C00804,21-30,East,3,Gold
C00805,31-40,South,59,Gold
C00806,31-40,West,26,Classic
C00807,31-40,West,23,Gold
C00808,31-40,West,30,Classic
C00809,21-30,North,28,Classic
C00810,51+,West,38,Gold
C00811,31-40,South,47,Gold
C00812,31-40,North,62,Gold
C00813,31-40,East,64,Classic
C00814,41-50,West,12,Classic
C00815,21-30,South,59,Platinum
C00816,21-30,West,60,Classic
C00817,41-50,South,56,Gold
C00818,41-50,North,18,Classic
C00819,31-40,South,8,Classic
C00820,31-40,South,46,Gold
C00821,51+,East,46,Gold
C00822,21-30,West,7,Classic
C00823,21-30,West,56,Classic
C00824,31-40,North,43,Classic
C00825,31-40,South,34,Classic
C00826,41-50,North,40,Platinum
C00827,41-50,East,3,Classic
C00828,31-40,North,35,Classic
C00829,41-50,South,46,Gold
C00830,31-40,West,29,Platinum
C00831,41-50,East,11,Classic
C00832,21-30,North,31,Classic
C00833,31-40,South,46,Classic
C00834,41-50,East,32,Platinum
C00835,31-40,South,19,Gold
C00836,21-30,North,3,Classic
C00837,31-40,West,17,Platinum
C00838,41-50,South,31,Classic
C00839,21-30,South,42,Gold
C00840,41-50,North,17,Classic
C00841,41-50,South,50,Platinum
C00842,41-50,South,31,Gold
C00843,21-30,North,28,Classic
C00844,41-50,East,61,Gold
C00845,21-30,South,67,Gold
C00846,51+,West,46,Classic
C00847,41-50,West,49,Classic
C00848,21-30,North,43,Gold
C00849,41-50,North,21,Gold
C00850,31-40,West,62,Platinum
C00851,31-40,West,36,Classic
C00852,31-40,West,36,Gold
C00853,41-50,North,26,Classic
C00854,41-50,North,51,Gold
C00855,51+,North,30,Classic
C00856,31-40,West,11,Classic
C00857,41-50,East,35,Platinum
C00858,41-50,South,50,Classic
C00859,41-50,East,45,Classic
C00860,31-40,North,10,Classic
C00861,31-40,East,36,Classic
C00862,41-50,North,40,Classic
C00863,31-40,East,39,Classic
C00864,21-30,West,18,Classic
C00865,31-40,East,69,Platinum
C00866,31-40,South,56,Classic
C00867,21-30,West,74,Classic
C00868,21-30,West,42,Gold
C00869,41-50,North,59,Platinum
C00870,51+,North,32,Gold
C00871,31-40,East,27,Gold
C00872,21-30,North,56,Gold
C00873,41-50,North,53,Gold
C00874,31-40,North,34,Classic
C00875,51+,North,41,Gold
C00876,31-40,South,34,Classic
C00877,21-30,East,25,Classic
C00878,31-40,North,40,Classic
C00879,31-40,West,5,Classic
C00880,41-50,North,3,Gold
C00881,21-30,South,35,Gold
C00882,51+,North,6,Classic
C00883,41-50,West,48,Classic
C00884,51+,West,7,Classic
C00885,51+,South,36,Classic
C00886,21-30,North,41,Gold
C00887,31-40,North,52,Gold
C00888,41-50,North,74,Classic
C00889,31-40,West,43,Classic
C00890,21-30,North,32,Classic
C00891,31-40,West,40,Classic
C00892,21-30,East,52,Classic
C00893,51+,South,45,Classic
C00894,31-40,West,73,Platinum
C00895,41-50,North,11,Classic
C00896,51+,West,45,Gold
C00897,31-40,North,45,Gold
C00898,41-50,West,41,Classic
C00899,21-30,South,32,Gold
C00900,21-30,North,3,Gold
C00901,21-30,West,22,Classic
C00902,31-40,North,34,Classic
C00903,31-40,North,42,Platinum
C00904,31-40,West,22,Classic
C00905,21-30,South,52,Classic
C00906,21-30,West,12,Gold
C00907,41-50,East,4,Classic
C00908,21-30,East,58,Gold
C00909,41-50,North,54,Classic
C00910,51+,North,25,Classic
C00911,41-50,West,14,Classic
C00912,31-40,North,41,Classic
C00913,41-50,South,47,Platinum
C00914,41-50,North,43,Classic
C00915,51+,North,54,Classic
C00916,51+,East,58,Platinum
C00917,31-40,West,62,Gold
C00918,41-50,West,65,Gold
C00919,41-50,West,44,Gold
C00920,21-30,North,14,Gold
C00921,31-40,South,47,Platinum
C00922,41-50,North,19,Gold
C00923,41-50,West,3,Classic
C00924,31-40,South,12,Gold
C00925,31-40,East,44,Classic
C00926,21-30,North,27,Classic
C00927,31-40,West,42,Gold
C00928,51+,West,21,Classic
C00929,51+,West,3,Gold
C00930,31-40,North,23,Gold
C00931,31-40,West,30,Classic
C00932,41-50,North,48,Gold
C00933,41-50,South,40,Classic
C00934,31-40,North,38,Classic
C00935,31-40,North,25,Platinum
C00936,21-30,East,37,Gold
C00937,41-50,North,66,Classic
C00938,41-50,South,43,Platinum
C00939,31-40,East,60,Classic
C00940,51+,West,76,Platinum
C00941,41-50,East,49,Classic
C00942,51+,East,26,Gold
C00943,31-40,North,56,Classic
C00944,31-40,West,38,Classic
C00945,51+,North,6,Gold
C00946,51+,North,38,Classic
C00947,51+,North,24,Platinum
C00948,41-50,East,20,Gold
C00949,31-40,South,59,Gold
C00950,21-30,East,34,Classic
C00951,31-40,South,13,Classic
C00952,51+,South,27,Platinum
C00953,31-40,South,42,Classic
C00954,41-50,North,30,Classic
C00955,51+,South,36,Platinum
C00956,51+,East,46,Gold
C00957,51+,South,40,Gold
C00958,31-40,North,18,Gold
C00959,31-40,East,19,Classic
C00960,51+,South,12,Classic
C00961,21-30,North,10,Gold
C00962,21-30,North,49,Classic
C00963,51+,South,54,Platinum
C00964,41-50,South,68,Gold
C00965,31-40,East,60,Classic
C00966,21-30,North,5,Gold
C00967,31-40,West,41,Classic
C00968,51+,North,36,Gold
C00969,41-50,East,3,Classic
C00970,31-40,West,37,Gold
C00971,31-40,South,55,Classic
C00972,51+,North,49,Classic
C00973,51+,South,73,Platinum
C00974,31-40,West,43,Classic
C00975,41-50,West,63,Classic
C00976,31-40,North,7,Platinum
C00977,31-40,West,12,Classic
C00978,21-30,South,32,Classic
C00979,31-40,North,7,Classic
C00980,31-40,East,55,Classic
C00981,31-40,South,52,Gold
C00982,31-40,South,40,Gold
C00983,21-30,West,16,Gold
C00984,21-30,South,20,Gold
C00985,41-50,East,32,Classic
C00986,21-30,South,34,Platinum
C00987,21-30,North,44,Classic
C00988,51+,South,62,Platinum
C00989,31-40,West,42,Classic
C00990,51+,South,37,Gold
C00991,41-50,North,22,Platinum
C00992,41-50,East,44,Classic
C00993,31-40,West,18,Gold
C00994,21-30,West,57,Classic
C00995,41-50,East,66,Classic
C00996,41-50,South,38,Gold
C00997,31-40,East,3,Classic
C00998,41-50,West,46,Platinum
C00999,31-40,West,43,Gold
C01000,51+,West,62,Classic
C01001,41-50,South,60,Platinum
C01002,21-30,North,7,Gold
C01003,51+,East,53,Platinum
C01004,51+,North,28,Classic
C01005,41-50,North,22,Classic
C01006,21-30,South,41,Classic
C01007,41-50,East,68,Classic
C01008,41-50,West,48,Classic
C01009,31-40,West,38,Gold
C01010,51+,West,11,Platinum
C01011,31-40,West,3,Classic
C01012,51+,West,5,Gold
C01013,41-50,North,3,Gold
C01014,31-40,East,57,Classic
C01015,51+,North,38,Classic
C01016,31-40,North,51,Classic
C01017,31-40,North,31,Gold
C01018,31-40,West,27,Classic
C01019,21-30,West,48,Platinum
C01020,41-50,West,17,Classic
C01021,31-40,West,45,Gold
C01022,51+,West,39,Classic
C01023,51+,North,40,Classic
C01024,41-50,West,20,Gold
C01025,21-30,West,30,Classic
C01026,41-50,West,44,Platinum
C01027,21-30,North,55,Platinum
C01028,41-50,North,47,Gold
C01029,31-40,West,48,Classic
C01030,51+,North,45,Platinum
C01031,31-40,South,20,Classic
C01032,31-40,South,29,Classic
C01033,51+,North,6,Classic
C01034,31-40,North,35,Gold
C01035,51+,West,54,Classic
C01036,51+,West,3,Gold
C01037,31-40,West,49,Gold
C01038,31-40,North,46,Classic
C01039,31-40,North,23,Classic
C01040,41-50,South,54,Platinum
C01041,51+,South,52,Platinum
C01042,31-40,North,33,Gold
C01043,41-50,West,11,Gold
C01044,31-40,West,17,Platinum
C01045,41-50,South,79,Platinum
C01046,41-50,South,34,Gold
C01047,51+,South,32,Gold
C01048,31-40,North,27,Classic
C01049,31-40,North,60,Classic
C01050,31-40,South,20,Classic
C01051,21-30,South,41,Gold
C01052,31-40,South,50,Gold
C01053,51+,West,44,Gold
C01054,31-40,North,53,Gold
C01055,31-40,North,61,Platinum
C01056,41-50,North,31,Classic
C01057,21-30,North,40,Gold
C01058,31-40,East,38,Classic
C01059,51+,West,14,Platinum
C01060,21-30,West,31,Classic
C01061,31-40,East,52,Classic
C01062,31-40,South,13,Platinum
C01063,21-30,North,28,Classic
C01064,31-40,South,10,Gold
C01065,21-30,South,48,Classic
C01066,31-40,West,41,Gold
C01067,51+,South,48,Classic
C01068,31-40,North,30,Classic
C01069,31-40,North,57,Platinum
C01070,31-40,North,53,Classic
C01071,51+,West,30,Classic
C01072,21-30,North,7,Classic
C01073,51+,North,26,Gold
C01074,31-40,North,66,Classic
C01075,51+,West,52,Gold
C01076,31-40,South,42,Classic
C01077,21-30,East,18,Gold
C01078,31-40,South,22,Classic
C01079,21-30,North,26,Classic
C01080,41-50,West,45,Classic
C01081,41-50,North,51,Gold
C01082,41-50,North,52,Platinum
C01083,21-30,East,53,Classic
C01084,41-50,North,20,Classic
C01085,31-40,North,44,Classic
C01086,51+,West,24,Classic
C01087,41-50,South,18,Gold
C01088,31-40,North,13,Classic
C01089,51+,South,9,Classic
C01090,31-40,West,11,Platinum
C01091,31-40,North,43,Classic
C01092,21-30,North,19,Gold
C01093,41-50,East,43,Gold
C01094,31-40,East,39,Platinum
C01095,21-30,West,4,Classic
C01096,41-50,South,50,Classic
C01097,21-30,North,40,Gold
C01098,41-50,South,25,Classic
C01099,21-30,East,46,Classic
C01100,31-40,North,34,Gold
C01101,51+,East,54,Platinum
C01102,21-30,North,36,Gold
C01103,41-50,West,27,Gold
C01104,41-50,West,36,Classic
C01105,51+,South,64,Gold
C01106,21-30,West,45,Platinum
C01107,41-50,West,72,Platinum
C01108,31-40,North,61,Gold
C01109,31-40,South,53,Platinum
C01110,31-40,East,47,Gold
C01111,31-40,North,37,Gold
C01112,31-40,South,50,Gold
C01113,21-30,North,7,Gold
C01114,31-40,West,33,Gold
C01115,41-50,South,63,Classic
C01116,31-40,West,47,Platinum
C01117,21-30,South,64,Platinum
C01118,31-40,North,21,Classic
C01119,31-40,West,53,Gold
C01120,41-50,North,60,Classic
C01121,51+,North,35,Platinum
C01122,31-40,South,72,Gold
C01123,41-50,East,30,Gold
C01124,21-30,South,64,Gold
C01125,51+,North,49,Classic
C01126,31-40,South,4,Classic
C01127,31-40,North,14,Classic
C01128,21-30,North,28,Classic
C01129,21-30,South,11,Gold
C01130,41-50,North,31,Classic
C01131,21-30,North,51,Gold
C01132,31-40,East,3,Classic
C01133,21-30,West,34,Gold
C01134,51+,North,26,Gold
C01135,41-50,South,40,Classic
C01136,51+,North,33,Gold
C01137,51+,West,3,Platinum
C01138,51+,North,33,Classic
C01139,31-40,North,58,Platinum
C01140,21-30,South,23,Gold
C01141,31-40,North,45,Classic
C01142,31-40,North,43,Gold
C01143,41-50,North,35,Platinum
C01144,21-30,East,40,Gold
C01145,21-30,East,53,Classic
C01146,41-50,East,31,Gold
C01147,21-30,West,34,Classic
C01148,21-30,South,39,Gold
C01149,21-30,West,9,Classic
C01150,41-50,West,40,Gold
C01151,21-30,West,47,Gold
C01152,21-30,West,33,Classic
C01153,21-30,South,49,Gold
C01154,41-50,North,35,Gold
C01155,21-30,South,18,Gold
C01156,21-30,North,62,Gold
C01157,51+,South,70,Platinum
C01158,51+,North,50,Platinum
C01159,21-30,North,32,Classic
C01160,31-40,West,35,Classic
C01161,21-30,East,52,Gold
C01162,41-50,East,7,Classic
C01163,31-40,South,11,Classic
C01164,51+,East,44,Gold
C01165,41-50,West,57,Classic
C01166,31-40,East,37,Gold
C01167,21-30,East,40,Classic
C01168,51+,South,13,Classic
C01169,41-50,South,12,Gold
C01170,41-50,East,51,Platinum
C01171,21-30,West,32,Classic
C01172,41-50,South,26,Classic
C01173,41-50,South,46,Platinum
C01174,51+,South,48,Platinum
C01175,31-40,South,3,Classic
C01176,31-40,West,25,Classic
C01177,31-40,West,5,Gold
C01178,41-50,South,29,Gold
C01179,51+,South,42,Classic
C01180,31-40,South,42,Gold
C01181,21-30,North,11,Platinum
C01182,21-30,South,60,Platinum
C01183,41-50,West,47,Platinum
C01184,51+,East,42,Classic
C01185,21-30,North,54,Classic
C01186,31-40,West,34,Gold
C01187,51+,West,43,Classic
C01188,31-40,North,42,Gold
C01189,21-30,East,60,Classic
C01190,31-40,East,19,Gold
C01191,31-40,West,18,Classic
C01192,21-30,North,41,Classic
C01193,41-50,North,50,Classic
C01194,31-40,South,34,Platinum
C01195,41-50,North,40,Classic
C01196,41-50,South,49,Classic
C01197,21-30,West,50,Gold
C01198,21-30,North,14,Classic
C01199,21-30,South,56,Classic
C01200,21-30,West,35,Classic
C01201,41-50,South,11,Classic
C01202,21-30,South,3,Gold
C01203,41-50,East,44,Classic
C01204,21-30,North,37,Gold
C01205,21-30,North,77,Platinum
C01206,21-30,East,81,Gold
C01207,31-40,South,3,Classic
C01208,41-50,North,3,Classic
C01209,41-50,North,13,Classic
C01210,21-30,West,51,Gold
C01211,41-50,North,36,Classic
C01212,41-50,West,30,Platinum
C01213,31-40,South,3,Classic
C01214,21-30,East,41,Classic
C01215,21-30,North,43,Classic
C01216,21-30,North,21,Classic
C01217,51+,South,44,Classic
C01218,31-40,East,20,Classic
C01219,31-40,North,28,Classic
C01220,41-50,South,71,Platinum
C01221,31-40,South,66,Gold
C01222,41-50,North,30,Gold
C01223,21-30,East,61,Classic
C01224,31-40,North,26,Classic
C01225,21-30,South,46,Classic
C01226,21-30,North,50,Classic
C01227,31-40,South,30,Classic
C01228,41-50,South,3,Classic
C01229,41-50,South,60,Gold
C01230,41-50,South,55,Platinum
C01231,21-30,West,52,Platinum
C01232,51+,South,15,Classic
C01233,21-30,West,29,Classic
C01234,41-50,North,25,Classic
C01235,41-50,South,52,Platinum
C01236,31-40,North,57,Platinum
C01237,31-40,South,35,Classic
C01238,41-50,East,35,Classic
C01239,41-50,West,48,Gold
C01240,21-30,East,77,Platinum
C01241,41-50,East,26,Gold
C01242,21-30,North,70,Classic
C01243,31-40,North,44,Classic
C01244,41-50,West,65,Gold
C01245,41-50,North,37,Classic
C01246,31-40,North,41,Classic
C01247,21-30,West,15,Gold
C01248,31-40,West,31,Gold
C01249,31-40,East,39,Gold
C01250,31-40,South,59,Classic
C01251,31-40,West,44,Gold
C01252,41-50,North,64,Platinum
C01253,21-30,South,56,Gold
C01254,21-30,South,4,Gold
C01255,31-40,West,79,Platinum
C01256,21-30,West,20,Classic
C01257,21-30,East,18,Classic
C01258,31-40,North,28,Gold
C01259,31-40,South,6,Classic
C01260,31-40,North,48,Classic
C01261,31-40,West,61,Gold
C01262,51+,North,44,Classic
C01263,31-40,North,40,Gold
C01264,31-40,West,40,Gold
C01265,21-30,South,20,Gold
C01266,21-30,West,28,Gold
C01267,31-40,North,37,Classic
C01268,41-50,West,62,Classic
C01269,21-30,North,12,Classic
C01270,21-30,North,24,Gold
C01271,31-40,South,60,Gold
C01272,31-40,North,54,Classic
C01273,51+,East,48,Gold
C01274,21-30,North,13,Gold
C01275,21-30,North,59,Platinum
C01276,31-40,West,39,Gold
C01277,21-30,North,20,Platinum
C01278,21-30,East,67,Platinum
C01279,31-40,West,50,Classic
C01280,31-40,North,22,Platinum
C01281,21-30,West,40,Classic
C01282,41-50,North,48,Classic
C01283,31-40,South,28,Classic
C01284,21-30,North,3,Classic
C01285,51+,West,23,Platinum
C01286,31-40,East,46,Platinum
C01287,51+,South,34,Classic
C01288,51+,West,32,Classic
C01289,31-40,South,17,Gold
C01290,21-30,West,9,Classic
C01291,41-50,West,3,Classic
C01292,31-40,West,39,Classic
C01293,21-30,West,13,Classic
C01294,31-40,West,31,Classic
C01295,31-40,North,35,Classic
C01296,51+,West,40,Classic
C01297,41-50,West,58,Gold
C01298,51+,East,55,Classic
C01299,41-50,North,29,Gold
C01300,41-50,West,60,Classic
C01301,31-40,North,37,Classic
C01302,51+,South,18,Classic
C01303,51+,South,40,Gold
C01304,41-50,North,53,Classic
C01305,41-50,West,43,Gold
C01306,31-40,North,45,Classic
C01307,31-40,East,13,Platinum
C01308,51+,West,5,Classic
C01309,21-30,South,58,Classic
C01310,21-30,West,58,Platinum
C01311,31-40,North,50,Classic
C01312,31-40,West,47,Classic
C01313,31-40,West,30,Gold
C01314,21-30,North,56,Platinum
C01315,21-30,East,52,Platinum
C01316,21-30,South,25,Classic
C01317,31-40,South,3,Classic
C01318,21-30,West,66,Platinum
C01319,41-50,South,32,Gold
C01320,21-30,East,36,Classic
C01321,31-40,North,9,Platinum
C01322,31-40,South,13,Classic
C01323,31-40,West,38,Platinum
C01324,51+,North,33,Classic
C01325,21-30,East,42,Classic
C01326,31-40,North,36,Classic
C01327,41-50,West,40,Gold
C01328,21-30,East,11,Classic
C01329,41-50,South,59,Classic
C01330,51+,North,31,Classic
C01331,41-50,South,33,Gold
C01332,51+,West,3,Platinum
C01333,31-40,South,8,Classic
C01334,31-40,South,50,Classic
C01335,21-30,West,45,Classic
C01336,21-30,South,29,Classic
C01337,21-30,South,45,Classic
C01338,31-40,South,9,Classic
C01339,31-40,North,56,Classic
C01340,21-30,West,38,Platinum
C01341,41-50,West,59,Platinum
C01342,21-30,West,33,Classic
C01343,31-40,West,16,Gold
C01344,21-30,South,20,Classic
C01345,41-50,North,51,Gold
C01346,31-40,East,18,Gold
C01347,41-50,West,38,Classic
C01348,21-30,West,31,Classic
C01349,31-40,South,27,Classic
C01350,51+,East,43,Platinum
C01351,21-30,West,47,Gold
C01352,31-40,West,7,Classic
C01353,21-30,West,53,Classic
C01354,21-30,South,33,Gold
C01355,31-40,North,59,Classic
C01356,21-30,South,37,Platinum
C01357,31-40,South,11,Classic
C01358,51+,West,28,Gold
C01359,21-30,South,37,Classic
C01360,21-30,South,38,Platinum
C01361,41-50,South,10,Classic
C01362,31-40,East,28,Classic
C01363,51+,South,27,Gold
C01364,31-40,North,56,Platinum
C01365,41-50,West,13,Classic
C01366,51+,South,16,Classic
C01367,21-30,South,28,Classic
C01368,41-50,North,64,Gold
C01369,41-50,East,37,Gold
C01370,41-50,West,44,Classic
C01371,21-30,West,54,Platinum
C01372,31-40,North,32,Classic
C01373,21-30,West,37,Classic
C01374,51+,West,36,Classic
C01375,21-30,North,51,Gold
C01376,21-30,North,60,Platinum
C01377,51+,North,22,Classic
C01378,31-40,West,45,Gold
C01379,31-40,North,14,Classic
C01380,31-40,South,37,Classic
C01381,41-50,West,51,Gold
C01382,21-30,West,62,Platinum
C01383,31-40,East,8,Classic
C01384,31-40,West,33,Classic
C01385,31-40,North,59,Gold
C01386,31-40,West,52,Platinum
C01387,21-30,North,30,Gold
C01388,41-50,North,65,Classic
C01389,21-30,West,56,Classic
C01390,31-40,North,76,Gold
C01391,31-40,North,42,Classic
C01392,31-40,East,40,Classic
C01393,41-50,South,60,Gold
C01394,31-40,North,63,Platinum
C01395,51+,East,50,Classic
C01396,41-50,West,39,Classic
C01397,41-50,West,14,Classic
C01398,41-50,North,38,Classic
C01399,21-30,East,22,Gold
C01400,51+,West,36,Classic
C01401,41-50,North,24,Classic
C01402,31-40,North,43,Classic
C01403,21-30,North,53,Classic
C01404,21-30,South,35,Classic
C01405,41-50,North,49,Classic
C01406,31-40,West,41,Classic
C01407,41-50,West,42,Gold
C01408,31-40,North,56,Gold
C01409,31-40,East,39,Classic
C01410,21-30,North,38,Classic
C01411,21-30,North,19,Classic
C01412,21-30,West,45,Gold
C01413,41-50,South,33,Classic
C01414,31-40,West,64,Gold
C01415,51+,South,59,Platinum
C01416,41-50,North,27,Gold
C01417,41-50,South,16,Gold
C01418,31-40,North,3,Gold
C01419,41-50,West,36,Platinum
C01420,51+,East,44,Platinum
C01421,41-50,South,22,Classic
C01422,21-30,South,3,Gold
C01423,41-50,East,22,Platinum
C01424,21-30,West,44,Platinum
C01425,21-30,North,43,Gold
C01426,41-50,North,35,Platinum
C01427,41-50,North,60,Classic
C01428,21-30,South,65,Gold
C01429,21-30,South,27,Gold
C01430,51+,North,18,Classic
C01431,21-30,South,40,Gold
C01432,21-30,South,14,Classic
C01433,41-50,North,71,Classic
C01434,41-50,West,54,Gold
C01435,31-40,East,55,Gold
C01436,31-40,South,50,Classic
C01437,31-40,South,42,Gold
C01438,21-30,South,9,Gold
C01439,41-50,West,29,Classic
C01440,41-50,East,34,Classic
C01441,31-40,South,40,Gold
C01442,31-40,West,58,Gold
C01443,31-40,West,56,Gold
C01444,21-30,West,73,Platinum
C01445,31-40,North,35,Classic
C01446,21-30,North,22,Classic
C01447,41-50,East,43,Classic
C01448,31-40,South,20,Classic
C01449,41-50,East,22,Classic
C01450,31-40,West,54,Classic
C01451,41-50,North,25,Classic
C01452,51+,North,24,Gold
C01453,31-40,South,29,Classic
C01454,21-30,North,60,Gold
C01455,41-50,East,41,Classic
C01456,21-30,West,59,Platinum
C01457,21-30,South,21,Classic
C01458,21-30,West,38,Classic
C01459,51+,South,61,Classic
C01460,21-30,West,37,Platinum
C01461,31-40,North,37,Gold
C01462,31-40,West,14,Classic
C01463,41-50,West,52,Classic
C01464,31-40,North,43,Classic
C01465,51+,East,4,Platinum
C01466,41-50,West,30,Gold
C01467,31-40,North,58,Classic
C01468,31-40,West,46,Platinum
C01469,41-50,West,28,Classic
C01470,41-50,West,64,Classic
C01471,31-40,South,59,Gold
C01472,31-40,East,50,Gold
C01473,21-30,West,63,Platinum
C01474,21-30,East,21,Classic
C01475,21-30,North,21,Classic
C01476,21-30,North,3,Gold
C01477,21-30,West,45,Classic
C01478,51+,South,46,Gold
C01479,41-50,North,9,Classic
C01480,41-50,South,12,Classic
C01481,41-50,West,26,Gold
C01482,41-50,South,41,Platinum
C01483,21-30,West,26,Classic
C01484,41-50,West,46,Gold
C01485,31-40,West,3,Gold
C01486,31-40,West,54,Gold
C01487,51+,North,56,Classic
C01488,51+,East,11,Classic
C01489,21-30,North,60,Classic
C01490,41-50,West,24,Classic
C01491,21-30,North,46,Platinum
C01492,21-30,East,28,Gold
C01493,21-30,West,9,Classic
C01494,21-30,North,16,Gold
C01495,41-50,West,27,Classic
C01496,31-40,North,5,Gold
C01497,21-30,South,23,Platinum
C01498,51+,South,16,Classic
C01499,31-40,South,52,Classic
C01500,31-40,East,35,Gold
C01501,31-40,West,37,Classic
C01502,31-40,South,45,Gold
C01503,31-40,East,48,Platinum
C01504,41-50,West,40,Classic
C01505,51+,West,25,Classic
C01506,31-40,North,32,Gold
C01507,31-40,West,6,Gold
C01508,21-30,North,3,Classic
C01509,51+,East,45,Classic
C01510,31-40,East,27,Gold
C01511,31-40,West,45,Platinum
C01512,51+,North,31,Gold
C01513,31-40,North,4,Classic
C01514,21-30,West,38,Classic
C01515,31-40,North,60,Gold
C01516,31-40,South,58,Gold
C01517,51+,West,44,Platinum
C01518,31-40,East,34,Classic
C01519,21-30,North,27,Classic
C01520,31-40,South,54,Classic
C01521,31-40,West,46,Classic
C01522,21-30,South,14,Gold
C01523,51+,North,50,Classic
C01524,21-30,North,29,Gold
C01525,51+,South,18,Platinum
C01526,41-50,West,47,Classic
C01527,21-30,South,40,Classic
C01528,41-50,North,3,Platinum
C01529,41-50,South,47,Classic
C01530,41-50,North,37,Classic
C01531,31-40,North,44,Classic
C01532,21-30,West,58,Platinum
C01533,21-30,West,22,Gold
C01534,41-50,North,32,Classic
C01535,21-30,South,51,Platinum
C01536,21-30,North,17,Gold
C01537,31-40,North,33,Gold
C01538,21-30,East,35,Classic
C01539,41-50,South,40,Classic
C01540,41-50,West,7,Classic
C01541,41-50,West,36,Classic
C01542,21-30,North,24,Classic
C01543,31-40,West,40,Classic
C01544,41-50,South,39,Classic
C01545,31-40,North,28,Gold
C01546,41-50,West,40,Gold
C01547,31-40,North,48,Classic
C01548,31-40,East,12,Classic
C01549,31-40,West,38,Gold
C01550,41-50,North,33,Classic
C01551,21-30,West,84,Platinum
C01552,51+,North,35,Gold
C01553,31-40,West,42,Gold
C01554,21-30,North,43,Gold
C01555,41-50,North,26,Gold
C01556,31-40,South,24,Classic
C01557,21-30,West,52,Classic
C01558,51+,North,14,Gold
C01559,41-50,West,3,Platinum
C01560,31-40,North,42,Classic
C01561,41-50,South,58,Gold
C01562,31-40,South,19,Classic
C01563,31-40,North,60,Classic
C01564,21-30,West,38,Classic
C01565,21-30,South,42,Gold
C01566,31-40,East,13,Classic
C01567,31-40,East,75,Gold
C01568,41-50,South,60,Gold
C01569,31-40,East,3,Classic
C01570,31-40,West,22,Classic
C01571,41-50,East,37,Gold
C01572,51+,South,10,Classic
C01573,31-40,East,3,Classic
C01574,51+,East,46,Classic
C01575,41-50,South,54,Platinum
C01576,21-30,East,57,Classic
C01577,31-40,South,25,Gold
C01578,21-30,West,20,Gold
C01579,41-50,West,61,Classic
C01580,31-40,West,47,Gold
C01581,31-40,West,47,Gold
C01582,41-50,East,29,Classic
C01583,31-40,West,37,Classic
C01584,31-40,North,46,Classic
C01585,51+,South,3,Gold
C01586,51+,North,42,Gold
C01587,41-50,North,37,Classic
C01588,21-30,West,14,Classic
C01589,21-30,West,56,Gold
C01590,21-30,South,39,Classic
C01591,31-40,North,35,Classic
C01592,21-30,East,87,Gold
C01593,51+,South,43,Classic
C01594,41-50,West,40,Gold
C01595,31-40,West,26,Classic
C01596,31-40,South,27,Classic
C01597,31-40,North,42,Gold
C01598,31-40,North,51,Gold
C01599,41-50,North,34,Classic
C01600,21-30,South,52,Classic
C01601,41-50,North,58,Classic
C01602,21-30,North,44,Gold
C01603,31-40,North,33,Gold
C01604,51+,North,41,Classic
C01605,21-30,West,30,Gold
C01606,21-30,North,66,Platinum
C01607,41-50,West,42,Classic
C01608,31-40,North,38,Classic
C01609,21-30,North,29,Classic
C01610,21-30,North,30,Gold
C01611,21-30,West,51,Classic
C01612,31-40,North,52,Classic
C01613,21-30,South,24,Classic
C01614,41-50,North,45,Gold
C01615,51+,West,32,Classic
C01616,21-30,North,52,Classic
C01617,31-40,South,82,Platinum
C01618,21-30,West,29,Gold
C01619,31-40,North,45,Platinum
C01620,21-30,North,65,Classic
C01621,41-50,West,48,Gold
C01622,31-40,North,13,Classic
C01623,31-40,North,19,Platinum
C01624,41-50,South,52,Gold
C01625,41-50,North,53,Classic
C01626,31-40,West,42,Classic
C01627,21-30,East,39,Classic
C01628,51+,East,44,Classic
C01629,31-40,North,53,Classic
C01630,41-50,East,24,Classic
C01631,41-50,East,9,Classic
C01632,31-40,North,68,Classic
C01633,21-30,West,16,Classic
C01634,21-30,East,18,Platinum
C01635,31-40,West,49,Classic
C01636,31-40,North,52,Classic
C01637,41-50,North,16,Classic
C01638,41-50,West,49,Classic
C01639,51+,West,38,Classic
C01640,51+,South,13,Classic
C01641,41-50,North,30,Gold
C01642,21-30,West,58,Classic
C01643,31-40,North,13,Gold
C01644,41-50,South,38,Platinum
C01645,31-40,East,31,Classic
C01646,21-30,North,3,Gold
C01647,31-40,North,35,Gold
C01648,31-40,North,38,Gold
C01649,31-40,West,50,Classic
C01650,41-50,South,29,Classic
C01651,31-40,East,31,Classic
C01652,31-40,West,38,Gold
C01653,31-40,East,49,Gold
C01654,31-40,South,65,Platinum
C01655,21-30,South,43,Gold
C01656,31-40,South,15,Platinum
C01657,31-40,East,35,Platinum
C01658,41-50,West,25,Classic
C01659,21-30,West,32,Classic
C01660,51+,South,55,Platinum
C01661,41-50,South,50,Classic
C01662,31-40,West,13,Gold
C01663,31-40,North,39,Classic
C01664,31-40,West,26,Classic
C01665,41-50,North,44,Classic
C01666,41-50,West,10,Classic
C01667,41-50,West,25,Gold
C01668,51+,South,31,Classic
C01669,31-40,North,72,Gold
C01670,41-50,West,52,Classic
C01671,31-40,South,52,Classic
C01672,41-50,South,9,Classic
C01673,31-40,South,19,Classic
C01674,41-50,South,49,Classic
C01675,21-30,East,32,Gold
C01676,21-30,North,66,Gold
C01677,31-40,South,34,Classic
C01678,51+,West,10,Classic
C01679,31-40,North,46,Gold
C01680,31-40,South,13,Gold
C01681,31-40,East,50,Classic
C01682,31-40,West,42,Classic
C01683,51+,East,32,Classic
C01684,51+,West,43,Gold
C01685,41-50,North,62,Platinum
C01686,41-50,South,46,Classic
C01687,21-30,West,9,Gold
C01688,31-40,West,5,Classic
C01689,31-40,East,24,Classic
C01690,41-50,South,42,Gold
C01691,21-30,South,39,Classic
C01692,41-50,North,64,Platinum
C01693,21-30,West,47,Classic
C01694,31-40,West,33,Classic
C01695,31-40,South,62,Classic
C01696,41-50,North,16,Classic
C01697,41-50,South,31,Gold
C01698,31-40,North,27,Classic
C01699,41-50,West,63,Gold
C01700,41-50,East,17,Classic
C01701,31-40,North,40,Platinum
C01702,41-50,East,59,Classic
C01703,21-30,West,39,Gold
C01704,31-40,North,12,Gold
C01705,21-30,South,24,Gold
C01706,31-40,South,40,Gold
C01707,31-40,North,45,Platinum
C01708,21-30,South,28,Platinum
C01709,31-40,East,53,Classic
C01710,41-50,North,44,Classic
C01711,41-50,North,23,Platinum
C01712,21-30,West,30,Classic
C01713,21-30,South,45,Classic
C01714,31-40,East,59,Gold
C01715,41-50,East,33,Gold
C01716,51+,West,23,Classic
C01717,31-40,West,30,Classic
C01718,41-50,West,10,Classic
C01719,31-40,East,17,Classic
C01720,51+,South,51,Classic
C01721,21-30,South,62,Gold
C01722,31-40,South,41,Classic
C01723,31-40,South,38,Classic
C01724,31-40,North,20,Classic
C01725,21-30,South,8,Classic
C01726,21-30,South,83,Gold
C01727,31-40,North,41,Platinum
C01728,41-50,North,50,Gold
C01729,41-50,West,65,Platinum
C01730,21-30,East,45,Gold
C01731,51+,West,63,Classic
C01732,31-40,South,54,Gold
C01733,51+,West,37,Gold
C01734,21-30,West,43,Gold
C01735,41-50,North,57,Gold
C01736,51+,West,27,Classic
C01737,41-50,North,44,Classic
C01738,41-50,East,49,Gold
C01739,31-40,West,17,Gold
C01740,41-50,South,21,Classic
C01741,31-40,East,55,Classic
C01742,31-40,South,49,Classic
C01743,51+,North,59,Platinum
C01744,31-40,North,43,Gold
C01745,31-40,North,33,Classic
C01746,51+,North,20,Gold
C01747,31-40,East,14,Classic
C01748,21-30,South,17,Classic
C01749,31-40,South,20,Gold
C01750,41-50,East,3,Classic
C01751,51+,North,15,Classic
C01752,21-30,North,48,Classic
C01753,41-50,West,53,Gold
C01754,31-40,West,38,Classic
C01755,41-50,South,38,Gold
C01756,41-50,North,3,Classic
C01757,51+,West,24,Classic
C01758,31-40,West,58,Gold
C01759,31-40,South,55,Classic
C01760,31-40,North,59,Classic
C01761,31-40,North,34,Classic
C01762,31-40,East,50,Gold
C01763,21-30,West,26,Classic
C01764,21-30,East,51,Gold
C01765,51+,South,61,Platinum
C01766,21-30,East,66,Platinum
C01767,31-40,West,64,Classic
C01768,41-50,South,57,Gold
C01769,21-30,West,51,Platinum
C01770,21-30,South,20,Classic
C01771,31-40,South,7,Gold
C01772,31-40,East,52,Classic
C01773,31-40,South,21,Classic
C01774,41-50,West,59,Platinum
C01775,21-30,South,11,Classic
C01776,21-30,South,13,Classic
C01777,21-30,South,36,Gold
C01778,31-40,South,8,Classic
C01779,31-40,South,39,Classic
C01780,51+,West,7,Classic
C01781,21-30,South,37,Gold
C01782,31-40,South,30,Gold
C01783,31-40,East,33,Classic
C01784,41-50,North,44,Classic
C01785,41-50,East,44,Gold
C01786,21-30,South,28,Classic
C01787,41-50,South,33,Gold
C01788,31-40,West,31,Classic
C01789,41-50,West,24,Classic
C01790,21-30,West,60,Platinum
C01791,41-50,South,40,Classic
C01792,41-50,South,29,Classic
C01793,41-50,West,63,Classic
C01794,21-30,East,29,Classic
C01795,41-50,East,52,Gold
C01796,41-50,East,34,Platinum
C01797,31-40,West,25,Classic
C01798,31-40,North,40,Classic
C01799,21-30,East,10,Gold
C01800,31-40,North,8,Classic
C01801,41-50,South,11,Gold
C01802,31-40,East,18,Gold
C01803,41-50,South,61,Gold
C01804,41-50,South,29,Classic
C01805,41-50,West,22,Classic
C01806,41-50,West,22,Platinum
C01807,41-50,South,55,Platinum
C01808,31-40,West,18,Gold
C01809,21-30,South,48,Classic
C01810,41-50,West,67,Gold
C01811,51+,North,41,Gold
C01812,31-40,North,17,Classic
C01813,51+,South,28,Classic
C01814,51+,North,24,Gold
C01815,31-40,South,27,Gold
C01816,41-50,North,10,Classic
C01817,41-50,East,19,Platinum
C01818,21-30,North,8,Gold
C01819,21-30,North,15,Platinum
C01820,31-40,West,3,Classic
C01821,41-50,East,40,Classic
C01822,31-40,West,29,Classic
C01823,41-50,South,3,Gold
C01824,41-50,North,12,Classic
C01825,41-50,East,18,Gold
C01826,31-40,East,52,Gold
C01827,31-40,North,12,Classic
C01828,21-30,West,4,Classic
C01829,21-30,East,53,Gold
C01830,21-30,West,27,Classic
C01831,21-30,South,22,Gold
C01832,21-30,East,58,Gold
C01833,31-40,North,3,Classic
C01834,31-40,West,39,Gold
C01835,31-40,South,46,Gold
C01836,51+,North,68,Platinum
C01837,31-40,North,77,Gold
C01838,51+,East,52,Classic
C01839,41-50,West,38,Gold
C01840,21-30,West,56,Classic
C01841,51+,West,60,Platinum
C01842,51+,West,11,Classic
C01843,41-50,West,43,Gold
C01844,31-40,South,38,Platinum
C01845,31-40,East,42,Classic
C01846,31-40,North,3,Gold
C01847,41-50,North,36,Classic
C01848,31-40,South,12,Gold
C01849,21-30,North,51,Gold
C01850,21-30,West,41,Gold
C01851,21-30,West,32,Gold
C01852,31-40,South,68,Gold
C01853,31-40,West,15,Gold
C01854,51+,South,32,Gold
C01855,21-30,North,13,Classic
C01856,31-40,South,41,Classic
C01857,21-30,North,52,Gold
C01858,31-40,South,43,Platinum
C01859,41-50,North,43,Platinum
C01860,31-40,North,44,Gold
C01861,51+,North,3,Classic
C01862,51+,West,47,Gold
C01863,41-50,North,62,Classic
C01864,41-50,South,24,Classic
C01865,31-40,South,12,Platinum
C01866,31-40,South,45,Gold
C01867,31-40,South,35,Platinum
C01868,41-50,North,32,Gold
C01869,21-30,East,32,Classic
C01870,21-30,East,35,Platinum
C01871,21-30,East,39,Platinum
C01872,41-50,East,41,Gold
C01873,41-50,South,39,Classic
C01874,21-30,South,50,Platinum
C01875,31-40,North,49,Classic
C01876,31-40,South,30,Gold
C01877,41-50,North,30,Gold
C01878,21-30,South,44,Classic
C01879,21-30,East,8,Classic
C01880,41-50,North,4,Gold
C01881,31-40,North,26,Classic
C01882,41-50,East,35,Gold
C01883,31-40,South,61,Gold
C01884,51+,West,36,Platinum
C01885,31-40,West,39,Classic
C01886,31-40,West,41,Classic
C01887,51+,South,64,Gold
C01888,21-30,North,37,Classic
C01889,41-50,East,43,Classic
C01890,21-30,East,3,Classic
C01891,31-40,East,39,Gold
C01892,21-30,South,38,Classic
C01893,31-40,North,5,Classic
C01894,41-50,North,57,Platinum
C01895,21-30,North,47,Gold
C01896,21-30,North,57,Classic
C01897,31-40,West,3,Platinum
C01898,31-40,North,28,Gold
C01899,31-40,East,50,Gold
C01900,51+,West,44,Platinum
C01901,21-30,South,3,Platinum
C01902,31-40,South,50,Platinum
C01903,31-40,East,42,Classic
C01904,31-40,South,38,Classic
C01905,31-40,South,14,Classic
C01906,41-50,West,4,Gold
C01907,41-50,West,20,Gold
C01908,41-50,West,78,Platinum
C01909,31-40,West,21,Classic
C01910,41-50,South,65,Classic
C01911,51+,West,63,Gold
C01912,51+,East,42,Gold
C01913,51+,East,52,Classic
C01914,31-40,West,17,Gold
C01915,51+,West,60,Gold
C01916,41-50,West,47,Classic
C01917,41-50,South,19,Classic
C01918,41-50,East,25,Classic
C01919,51+,North,22,Classic
C01920,31-40,East,38,Classic
C01921,41-50,West,15,Gold
C01922,41-50,West,70,Gold
C01923,41-50,South,3,Gold
C01924,41-50,South,44,Platinum
C01925,21-30,South,44,Classic
C01926,31-40,North,57,Platinum
C01927,31-40,North,39,Gold
C01928,41-50,West,30,Gold
C01929,41-50,South,57,Gold
C01930,41-50,West,44,Classic
C01931,41-50,North,9,Classic
C01932,31-40,West,34,Gold
C01933,21-30,East,27,Classic
C01934,41-50,East,35,Gold
C01935,51+,East,23,Classic
C01936,41-50,West,69,Platinum
C01937,51+,West,21,Classic
C01938,51+,East,18,Classic
C01939,31-40,North,31,Classic
C01940,41-50,North,52,Gold
C01941,31-40,West,58,Gold
C01942,31-40,South,6,Gold
C01943,21-30,South,48,Gold
C01944,21-30,East,32,Gold
C01945,21-30,South,40,Classic
C01946,41-50,West,41,Classic
C01947,21-30,West,32,Classic
C01948,31-40,West,40,Classic
C01949,31-40,West,54,Platinum
C01950,31-40,West,52,Gold
C01951,51+,East,48,Gold
C01952,31-40,West,49,Platinum
C01953,21-30,North,29,Classic
C01954,51+,East,36,Classic
C01955,41-50,West,54,Classic
C01956,41-50,South,56,Classic
C01957,41-50,North,13,Classic
C01958,21-30,East,62,Gold
C01959,41-50,South,47,Classic
C01960,21-30,West,12,Classic
C01961,31-40,South,4,Classic
C01962,21-30,North,47,Gold
C01963,41-50,East,3,Classic
C01964,21-30,South,39,Gold
C01965,31-40,North,24,Gold
C01966,21-30,East,52,Platinum
C01967,41-50,South,27,Gold
C01968,31-40,North,38,Gold
C01969,31-40,East,25,Gold
C01970,31-40,East,23,Classic
C01971,41-50,West,45,Classic
C01972,21-30,South,45,Classic
C01973,51+,North,6,Classic
C01974,31-40,West,45,Gold
C01975,21-30,East,19,Classic
C01976,21-30,North,22,Classic
C01977,21-30,West,12,Gold
C01978,31-40,North,50,Classic
C01979,31-40,West,25,Classic
C01980,51+,West,57,Gold
C01981,31-40,West,34,Classic
C01982,21-30,West,39,Platinum
C01983,31-40,North,43,Classic
C01984,21-30,West,57,Classic
C01985,21-30,South,19,Gold
C01986,31-40,East,40,Classic
C01987,21-30,East,36,Classic
C01988,21-30,North,15,Platinum
C01989,51+,North,47,Classic
C01990,41-50,North,31,Classic
C01991,51+,North,56,Platinum
C01992,31-40,North,32,Classic
C01993,51+,West,22,Platinum
C01994,31-40,South,47,Platinum
C01995,21-30,West,8,Classic
C01996,41-50,West,29,Gold
C01997,21-30,West,37,Classic
C01998,31-40,South,39,Classic
C01999,41-50,West,22,Classic
C02000,41-50,West,3,Classic
C02001,31-40,West,24,Classic
C02002,31-40,West,11,Classic
C02003,21-30,East,44,Classic
C02004,51+,South,15,Platinum
C02005,21-30,West,64,Platinum
C02006,31-40,South,54,Gold
C02007,21-30,West,7,Platinum
C02008,51+,North,26,Gold
C02009,41-50,North,54,Classic
C02010,31-40,South,33,Classic
C02011,51+,North,50,Classic
C02012,21-30,West,44,Gold
C02013,51+,North,70,Platinum
C02014,21-30,West,31,Gold
C02015,31-40,North,44,Gold
C02016,21-30,West,24,Gold
C02017,51+,South,29,Classic
C02018,51+,North,59,Platinum
C02019,31-40,North,10,Classic
C02020,21-30,East,45,Gold
C02021,31-40,West,30,Classic
C02022,31-40,West,62,Gold
C02023,31-40,South,50,Classic
C02024,21-30,South,29,Gold
C02025,41-50,North,30,Classic
C02026,41-50,South,47,Gold
C02027,51+,East,34,Classic
C02028,31-40,North,38,Platinum
C02029,31-40,East,16,Classic
C02030,31-40,West,4,Classic
C02031,21-30,North,63,Gold
C02032,41-50,North,3,Classic
C02033,41-50,North,38,Gold
C02034,21-30,North,35,Classic
C02035,31-40,North,27,Platinum
C02036,51+,East,26,Gold
C02037,31-40,North,39,Platinum
C02038,31-40,West,57,Platinum
C02039,41-50,West,14,Gold
C02040,31-40,West,47,Classic
C02041,21-30,East,45,Gold
C02042,41-50,North,33,Classic
C02043,51+,North,18,Gold
C02044,21-30,North,56,Classic
C02045,21-30,West,52,Gold
C02046,41-50,West,62,Platinum
C02047,41-50,South,21,Classic
C02048,31-40,South,3,Classic
C02049,31-40,South,62,Classic
C02050,41-50,North,57,Gold
C02051,31-40,West,50,Classic
C02052,21-30,North,45,Gold
C02053,21-30,South,26,Classic
C02054,31-40,South,23,Platinum
C02055,51+,North,47,Platinum
C02056,31-40,South,3,Platinum
C02057,31-40,West,70,Classic
C02058,51+,North,3,Gold
C02059,31-40,East,60,Platinum
C02060,31-40,South,38,Gold
C02061,21-30,North,47,Classic
C02062,41-50,North,37,Classic
C02063,41-50,North,25,Classic
C02064,41-50,North,55,Platinum
C02065,31-40,South,53,Classic
C02066,31-40,West,37,Platinum
C02067,21-30,West,11,Gold
C02068,51+,West,45,Classic
C02069,21-30,South,46,Gold
C02070,41-50,West,17,Classic
C02071,41-50,East,37,Classic
C02072,21-30,North,16,Gold
C02073,31-40,South,48,Platinum
C02074,21-30,South,21,Platinum
C02075,31-40,West,45,Platinum
C02076,51+,South,30,Classic
C02077,31-40,North,31,Classic
C02078,51+,West,46,Gold
C02079,21-30,North,48,Platinum
C02080,31-40,West,74,Gold
C02081,51+,West,49,Classic
C02082,51+,West,43,Classic
C02083,31-40,West,34,Gold
C02084,41-50,North,34,Classic
C02085,51+,East,26,Gold
C02086,41-50,West,28,Classic
C02087,41-50,West,56,Gold
C02088,21-30,North,46,Classic
C02089,21-30,North,20,Platinum
C02090,41-50,South,16,Classic
C02091,31-40,South,53,Gold
C02092,21-30,East,39,Classic
C02093,31-40,West,4,Gold
C02094,31-40,West,10,Classic
C02095,31-40,East,51,Gold
C02096,31-40,North,33,Classic
C02097,31-40,South,66,Gold
C02098,21-30,South,23,Gold
C02099,51+,North,71,Platinum
C02100,41-50,North,59,Gold
C02101,21-30,South,42,Gold
C02102,31-40,North,77,Gold
C02103,31-40,East,43,Platinum
C02104,41-50,North,62,Platinum
C02105,41-50,North,13,Gold
C02106,41-50,North,17,Gold
C02107,41-50,East,54,Gold
C02108,21-30,East,48,Classic
C02109,31-40,South,54,Platinum
C02110,21-30,North,36,Classic
C02111,31-40,West,23,Classic
C02112,31-40,East,3,Gold
C02113,41-50,East,37,Classic
C02114,21-30,South,13,Classic
C02115,41-50,West,64,Gold
C02116,31-40,West,58,Gold
C02117,31-40,South,31,Classic
C02118,41-50,East,66,Platinum
C02119,21-30,North,72,Platinum
C02120,31-40,East,65,Gold
C02121,31-40,South,49,Gold
C02122,41-50,North,55,Gold
C02123,21-30,West,29,Gold
C02124,51+,West,60,Gold
C02125,51+,North,49,Classic
C02126,41-50,West,41,Gold
C02127,31-40,South,25,Platinum
C02128,41-50,South,32,Gold
C02129,21-30,West,66,Classic
C02130,51+,South,63,Gold
C02131,31-40,South,22,Classic
C02132,21-30,East,36,Classic
C02133,31-40,North,32,Classic
C02134,41-50,South,61,Classic
C02135,51+,South,16,Classic
C02136,31-40,East,9,Classic
C02137,31-40,North,51,Classic
C02138,41-50,North,33,Gold
C02139,41-50,West,43,Platinum
C02140,41-50,North,30,Gold
C02141,31-40,South,49,Classic
C02142,41-50,West,39,Classic
C02143,51+,West,32,Classic
C02144,21-30,North,46,Classic
C02145,31-40,West,36,Classic
C02146,21-30,West,54,Classic
C02147,31-40,South,51,Gold
C02148,41-50,West,27,Gold
C02149,21-30,West,32,Classic
C02150,31-40,East,63,Platinum
C02151,21-30,East,12,Gold
C02152,51+,West,45,Platinum
C02153,41-50,West,33,Gold
C02154,31-40,East,32,Gold
C02155,41-50,West,5,Gold
C02156,21-30,West,16,Classic
C02157,41-50,West,57,Platinum
C02158,41-50,West,48,Classic
C02159,21-30,North,46,Platinum
C02160,51+,North,51,Classic
C02161,21-30,East,15,Classic
C02162,41-50,South,50,Classic
C02163,21-30,East,30,Classic
C02164,41-50,West,42,Classic
C02165,21-30,West,61,Gold
C02166,21-30,South,29,Gold
C02167,31-40,West,59,Classic
C02168,51+,North,58,Platinum
C02169,31-40,South,39,Platinum
C02170,41-50,North,10,Classic
C02171,31-40,South,52,Gold
C02172,41-50,South,40,Classic
C02173,31-40,West,3,Gold
C02174,31-40,East,41,Gold
C02175,51+,South,46,Gold
C02176,31-40,North,21,Classic
C02177,31-40,North,33,Classic
C02178,51+,West,27,Classic
C02179,31-40,West,51,Gold
C02180,31-40,South,47,Gold
C02181,31-40,North,14,Classic
C02182,41-50,South,60,Platinum
C02183,51+,East,27,Gold
C02184,41-50,South,52,Classic
C02185,41-50,North,3,Classic
C02186,31-40,South,40,Gold
C02187,21-30,North,35,Platinum
C02188,21-30,South,13,Classic
C02189,21-30,North,30,Classic
C02190,21-30,East,24,Classic
C02191,41-50,South,75,Gold
C02192,21-30,North,16,Classic
C02193,21-30,East,41,Classic
C02194,31-40,South,69,Gold
C02195,21-30,West,19,Classic
C02196,21-30,West,26,Gold
C02197,21-30,North,64,Gold
C02198,31-40,West,28,Classic
C02199,31-40,West,42,Gold
C02200,41-50,East,49,Classic
C02201,51+,South,45,Gold
C02202,41-50,South,31,Gold
C02203,41-50,North,57,Classic
C02204,51+,West,33,Platinum
C02205,31-40,East,62,Classic
C02206,41-50,South,27,Classic
C02207,31-40,South,45,Classic
C02208,31-40,North,22,Classic
C02209,31-40,North,32,Classic
C02210,21-30,East,43,Platinum
C02211,41-50,South,62,Classic
C02212,21-30,West,3,Gold
C02213,41-50,East,63,Classic
C02214,51+,East,20,Classic
C02215,31-40,West,47,Classic
C02216,21-30,North,64,Platinum
C02217,31-40,East,64,Platinum
C02218,31-40,West,45,Gold
C02219,51+,North,62,Gold
C02220,41-50,North,55,Gold
C02221,41-50,North,43,Gold
C02222,31-40,North,8,Classic
C02223,41-50,South,55,Platinum
C02224,41-50,North,21,Classic
C02225,21-30,East,52,Gold
C02226,21-30,North,49,Classic
C02227,21-30,North,21,Classic
C02228,31-40,South,69,Classic
C02229,51+,North,59,Gold
C02230,41-50,West,8,Classic
C02231,31-40,South,51,Gold
C02232,51+,North,3,Classic
C02233,21-30,North,68,Platinum
C02234,21-30,South,28,Classic
C02235,51+,East,32,Classic
C02236,51+,West,48,Gold
C02237,41-50,South,54,Gold
C02238,21-30,East,45,Gold
C02239,51+,South,41,Classic
C02240,41-50,West,24,Classic
C02241,41-50,East,47,Classic
C02242,21-30,North,64,Gold
C02243,31-40,West,44,Gold
C02244,41-50,West,37,Classic
C02245,51+,South,38,Classic
C02246,31-40,West,44,Gold
C02247,31-40,West,40,Gold
C02248,41-50,North,25,Platinum
C02249,31-40,West,42,Classic
C02250,31-40,East,45,Classic
C02251,21-30,South,3,Gold
C02252,21-30,South,39,Gold
C02253,41-50,West,36,Classic
C02254,21-30,East,3,Gold
C02255,21-30,South,64,Gold
C02256,51+,North,20,Classic
C02257,41-50,South,57,Gold
C02258,21-30,West,34,Classic
C02259,31-40,West,59,Platinum
C02260,41-50,North,39,Classic
C02261,31-40,West,37,Gold
C02262,31-40,West,59,Gold
C02263,31-40,South,13,Classic
C02264,21-30,North,80,Gold
C02265,41-50,East,12,Classic
C02266,21-30,North,46,Platinum
C02267,31-40,South,12,Classic
C02268,21-30,East,3,Classic
C02269,21-30,West,25,Platinum
C02270,21-30,South,45,Classic
C02271,51+,West,20,Gold
C02272,21-30,West,13,Classic
C02273,31-40,North,38,Classic
C02274,21-30,North,30,Gold
C02275,41-50,West,48,Classic
C02276,31-40,West,54,Platinum
C02277,51+,South,28,Classic
C02278,41-50,East,26,Classic
C02279,31-40,East,51,Classic
C02280,41-50,West,12,Gold
C02281,21-30,West,49,Gold
C02282,51+,North,41,Classic
C02283,51+,North,42,Classic
C02284,31-40,North,27,Classic
C02285,41-50,West,55,Gold
C02286,21-30,West,60,Gold
C02287,31-40,West,67,Classic
C02288,41-50,North,32,Classic
C02289,51+,East,42,Gold
C02290,31-40,North,40,Classic
C02291,41-50,South,53,Gold
C02292,41-50,North,24,Classic
C02293,21-30,West,15,Classic
C02294,41-50,North,42,Classic
C02295,41-50,East,45,Gold
C02296,41-50,West,63,Gold
C02297,51+,East,34,Classic
C02298,21-30,North,60,Platinum
C02299,21-30,West,75,Platinum
C02300,21-30,East,34,Gold
C02301,21-30,South,74,Classic
C02302,31-40,East,30,Gold
C02303,51+,West,23,Gold
C02304,31-40,South,6,Classic
C02305,41-50,South,56,Classic
C02306,31-40,South,34,Classic
C02307,31-40,North,18,Classic
C02308,41-50,West,39,Classic
C02309,41-50,North,18,Classic
C02310,31-40,South,45,Classic
C02311,51+,South,40,Gold
C02312,31-40,North,57,Gold
C02313,21-30,South,57,Classic
C02314,31-40,East,46,Classic
C02315,41-50,South,29,Gold
C02316,31-40,North,52,Gold
C02317,41-50,West,33,Gold
C02318,31-40,West,37,Gold
C02319,31-40,South,19,Platinum
C02320,51+,South,54,Gold
C02321,31-40,North,78,Platinum
C02322,31-40,North,51,Gold
C02323,21-30,South,48,Classic
C02324,31-40,West,72,Gold
C02325,31-40,West,35,Gold
C02326,21-30,South,40,Gold
C02327,31-40,West,39,Gold
C02328,21-30,South,45,Classic
C02329,21-30,North,3,Gold
C02330,31-40,South,19,Classic
C02331,31-40,North,3,Gold
C02332,41-50,West,54,Gold
C02333,41-50,South,35,Platinum
C02334,31-40,East,79,Platinum
C02335,21-30,South,48,Gold
C02336,31-40,West,26,Classic
C02337,21-30,East,40,Platinum
C02338,31-40,South,44,Gold
C02339,41-50,North,13,Platinum
C02340,41-50,West,71,Classic
C02341,31-40,South,32,Classic
C02342,51+,North,80,Gold
C02343,21-30,West,42,Classic
C02344,51+,North,39,Classic
C02345,41-50,South,47,Gold
C02346,31-40,South,52,Gold
C02347,21-30,South,50,Classic
C02348,21-30,South,17,Platinum
C02349,51+,North,78,Platinum
C02350,21-30,North,43,Platinum
C02351,51+,North,45,Platinum
C02352,31-40,North,23,Gold
C02353,31-40,West,55,Gold
C02354,41-50,East,23,Gold
C02355,21-30,South,43,Classic
C02356,31-40,South,40,Classic
C02357,51+,West,12,Classic
C02358,21-30,North,18,Classic
C02359,51+,North,64,Gold
C02360,51+,East,39,Classic
C02361,21-30,South,22,Classic
C02362,31-40,West,64,Platinum
C02363,21-30,West,21,Classic
C02364,41-50,West,49,Classic
C02365,51+,North,40,Classic
C02366,51+,North,27,Gold
C02367,51+,North,43,Gold
C02368,21-30,West,45,Classic
C02369,31-40,West,44,Classic
C02370,21-30,West,30,Classic
C02371,51+,North,17,Classic
C02372,21-30,West,38,Platinum
C02373,21-30,South,47,Classic
C02374,21-30,West,52,Classic
C02375,21-30,South,49,Classic
C02376,21-30,North,49,Classic
C02377,21-30,North,33,Gold
C02378,51+,West,3,Classic
C02379,41-50,South,72,Gold
C02380,31-40,South,34,Gold
C02381,41-50,South,29,Classic
C02382,31-40,South,48,Gold
C02383,41-50,West,61,Platinum
C02384,31-40,North,74,Gold
C02385,31-40,North,69,Platinum
C02386,31-40,West,21,Classic
C02387,21-30,South,40,Classic
C02388,31-40,North,36,Gold
C02389,41-50,North,36,Classic
C02390,41-50,North,71,Gold
C02391,31-40,North,25,Gold
C02392,31-40,North,36,Classic
C02393,41-50,North,40,Gold
C02394,21-30,West,54,Gold
C02395,21-30,West,5,Classic
C02396,31-40,West,46,Gold
C02397,21-30,South,32,Classic
C02398,31-40,South,59,Classic
C02399,21-30,West,46,Platinum
C02400,31-40,West,12,Gold
C02401,41-50,South,3,Gold
C02402,41-50,North,32,Classic
C02403,41-50,South,29,Classic
C02404,31-40,South,44,Gold
C02405,51+,South,20,Classic
C02406,41-50,North,42,Classic
C02407,31-40,West,8,Classic
C02408,21-30,East,40,Classic
C02409,41-50,East,61,Platinum
C02410,31-40,North,49,Gold
C02411,41-50,West,35,Classic
C02412,41-50,West,43,Classic
C02413,51+,North,34,Classic
C02414,51+,East,13,Platinum
C02415,41-50,East,39,Classic
C02416,51+,West,57,Platinum
C02417,51+,North,45,Classic
C02418,21-30,West,5,Gold
C02419,41-50,South,32,Gold
C02420,21-30,North,40,Classic
C02421,31-40,North,83,Platinum
C02422,31-40,North,47,Classic
C02423,31-40,North,46,Classic
C02424,21-30,South,56,Platinum
C02425,21-30,West,24,Gold
C02426,21-30,North,18,Classic
C02427,41-50,West,63,Platinum
C02428,51+,North,32,Platinum
C02429,51+,East,13,Classic
C02430,31-40,West,24,Classic
C02431,31-40,West,39,Classic
C02432,51+,East,24,Classic
C02433,21-30,West,17,Classic
C02434,51+,North,43,Classic
C02435,41-50,North,26,Platinum
C02436,31-40,South,39,Gold
C02437,21-30,North,9,Classic
C02438,21-30,South,48,Classic
C02439,31-40,North,53,Gold
C02440,31-40,West,40,Classic
C02441,41-50,West,40,Classic
C02442,41-50,West,27,Classic
C02443,31-40,West,52,Gold
C02444,21-30,North,23,Gold
C02445,31-40,North,15,Classic
C02446,21-30,East,10,Platinum
C02447,41-50,East,45,Platinum
C02448,41-50,South,50,Gold
C02449,41-50,South,25,Classic
C02450,31-40,South,7,Gold
C02451,31-40,North,6,Classic
C02452,41-50,South,42,Gold
C02453,41-50,South,7,Gold
C02454,41-50,East,47,Gold
C02455,31-40,West,12,Classic
C02456,51+,South,10,Classic
C02457,21-30,West,14,Gold
C02458,31-40,West,56,Gold
C02459,41-50,North,53,Platinum
C02460,21-30,East,22,Classic
C02461,41-50,South,58,Platinum
C02462,31-40,East,31,Classic
C02463,21-30,North,55,Classic
C02464,21-30,West,13,Classic
C02465,41-50,West,37,Platinum
C02466,41-50,North,44,Classic
C02467,31-40,North,40,Classic
C02468,21-30,North,13,Classic
C02469,21-30,West,4,Gold
C02470,21-30,East,57,Classic
C02471,41-50,North,15,Platinum
C02472,21-30,West,46,Classic
C02473,21-30,South,45,Platinum
C02474,21-30,South,8,Classic
C02475,31-40,South,38,Gold
C02476,41-50,South,57,Platinum
C02477,41-50,South,28,Platinum
C02478,31-40,North,45,Classic
C02479,51+,South,34,Classic
C02480,31-40,West,42,Classic
C02481,51+,South,6,Classic
C02482,41-50,West,36,Classic
C02483,21-30,East,51,Platinum
C02484,41-50,West,44,Classic
C02485,31-40,North,28,Gold
C02486,41-50,West,42,Classic
C02487,21-30,North,53,Gold
C02488,31-40,North,28,Classic
C02489,51+,North,66,Platinum
C02490,21-30,North,21,Gold
C02491,21-30,West,47,Classic
C02492,31-40,West,44,Platinum
C02493,31-40,West,60,Platinum
C02494,41-50,North,50,Classic
C02495,41-50,West,42,Classic
C02496,51+,West,9,Classic
C02497,31-40,South,14,Classic
C02498,31-40,South,22,Gold
C02499,21-30,East,44,Platinum
C02500,21-30,North,35,Classic
C02501,41-50,South,61,Gold
C02502,21-30,West,36,Platinum
C02503,21-30,North,58,Gold
C02504,51+,South,16,Platinum
C02505,31-40,South,51,Gold
C02506,21-30,West,55,Platinum
C02507,41-50,West,70,Gold
C02508,31-40,West,46,Classic
C02509,51+,East,23,Gold
C02510,41-50,East,12,Gold
C02511,21-30,East,35,Classic
C02512,21-30,South,36,Classic
C02513,31-40,North,71,Platinum
C02514,41-50,East,66,Platinum
C02515,31-40,West,46,Classic
C02516,41-50,South,32,Gold
C02517,31-40,West,35,Gold
C02518,31-40,East,16,Classic
C02519,21-30,South,24,Gold
C02520,21-30,North,37,Classic
C02521,31-40,North,53,Classic
C02522,31-40,South,17,Gold
C02523,51+,South,54,Gold
C02524,21-30,North,22,Classic
C02525,41-50,North,23,Classic
C02526,21-30,North,48,Classic
C02527,41-50,West,44,Classic
C02528,21-30,West,59,Gold
C02529,41-50,South,35,Gold
C02530,21-30,North,20,Gold
C02531,21-30,North,11,Classic
C02532,31-40,North,4,Gold
C02533,31-40,South,25,Classic
C02534,31-40,North,42,Platinum
C02535,31-40,South,42,Classic
C02536,51+,West,3,Classic
C02537,31-40,South,15,Platinum
C02538,31-40,West,43,Gold
C02539,51+,North,65,Platinum
C02540,41-50,North,13,Classic
C02541,31-40,West,9,Classic
C02542,31-40,South,32,Classic
C02543,21-30,East,38,Classic
C02544,31-40,West,33,Gold
C02545,31-40,East,13,Platinum
C02546,41-50,South,26,Classic
C02547,41-50,South,55,Classic
C02548,21-30,North,36,Classic
C02549,21-30,North,45,Gold
C02550,31-40,North,50,Classic
C02551,31-40,West,17,Gold
C02552,31-40,East,21,Gold
C02553,41-50,North,3,Gold
C02554,31-40,North,43,Classic
C02555,51+,East,53,Gold
C02556,31-40,West,35,Gold
C02557,21-30,North,78,Platinum
C02558,31-40,South,59,Gold
C02559,41-50,West,16,Classic
C02560,31-40,West,57,Gold
C02561,31-40,West,4,Classic
C02562,31-40,North,25,Gold
C02563,41-50,North,25,Classic
C02564,51+,South,8,Gold
C02565,31-40,North,4,Classic
C02566,21-30,West,46,Classic
C02567,31-40,North,76,Platinum
C02568,31-40,East,69,Classic
C02569,51+,West,10,Gold
C02570,31-40,West,58,Classic
C02571,41-50,East,63,Gold
C02572,51+,West,13,Classic
C02573,41-50,North,28,Classic
C02574,21-30,South,28,Platinum
C02575,41-50,North,20,Classic
C02576,31-40,West,15,Classic
C02577,31-40,West,22,Classic
C02578,51+,North,22,Platinum
C02579,31-40,North,63,Platinum
C02580,31-40,South,52,Classic
C02581,21-30,North,56,Platinum
C02582,21-30,West,18,Gold
C02583,41-50,North,72,Platinum
C02584,41-50,West,52,Classic
C02585,41-50,East,40,Gold
C02586,31-40,South,27,Classic
C02587,21-30,North,39,Classic
C02588,31-40,West,43,Gold
C02589,31-40,East,25,Platinum
C02590,41-50,South,58,Gold
C02591,41-50,South,40,Classic
C02592,51+,West,50,Classic
C02593,41-50,West,3,Platinum
C02594,31-40,West,39,Platinum
C02595,41-50,East,50,Classic
C02596,41-50,West,61,Classic
C02597,51+,North,51,Gold
C02598,31-40,West,39,Classic
C02599,41-50,South,42,Gold
C02600,31-40,East,42,Classic
C02601,41-50,West,52,Gold
C02602,51+,West,32,Classic
C02603,51+,South,11,Gold
C02604,21-30,East,56,Classic
C02605,21-30,West,45,Classic
C02606,41-50,West,47,Classic
C02607,41-50,West,3,Gold
C02608,51+,North,40,Classic
C02609,31-40,South,31,Gold
C02610,41-50,West,50,Classic
C02611,41-50,West,45,Gold
C02612,21-30,West,26,Classic
C02613,21-30,East,11,Gold
C02614,41-50,South,19,Gold
C02615,21-30,South,48,Classic
C02616,41-50,West,16,Classic
C02617,31-40,North,46,Gold
C02618,31-40,East,47,Platinum
C02619,31-40,West,28,Platinum
C02620,51+,West,59,Gold
C02621,41-50,South,58,Classic
C02622,41-50,West,62,Classic
C02623,41-50,North,45,Classic
C02624,31-40,North,61,Classic
C02625,51+,South,9,Classic
C02626,31-40,North,39,Classic
C02627,31-40,West,25,Gold
C02628,31-40,West,50,Classic
C02629,31-40,North,39,Gold
C02630,41-50,West,31,Gold
C02631,31-40,South,57,Gold
C02632,41-50,West,7,Classic
C02633,51+,West,65,Gold
C02634,31-40,East,21,Gold
C02635,21-30,North,6,Gold
C02636,41-50,North,31,Classic
C02637,21-30,South,6,Gold
C02638,41-50,West,36,Classic
C02639,31-40,East,28,Classic
C02640,31-40,South,53,Gold
C02641,31-40,North,20,Classic
C02642,31-40,West,52,Classic
C02643,31-40,South,4,Classic
C02644,31-40,West,33,Classic
C02645,31-40,East,58,Gold
C02646,51+,North,61,Classic
C02647,21-30,North,28,Classic
C02648,31-40,South,33,Classic
C02649,21-30,South,34,Classic
C02650,31-40,West,31,Classic
C02651,21-30,West,35,Gold
C02652,41-50,North,17,Platinum
C02653,21-30,South,21,Gold
C02654,41-50,North,48,Platinum
C02655,31-40,North,32,Classic
C02656,31-40,West,45,Gold
C02657,21-30,West,32,Classic
C02658,41-50,West,16,Classic
C02659,51+,North,64,Platinum
C02660,21-30,East,48,Classic
C02661,51+,South,4,Gold
C02662,31-40,West,73,Platinum
C02663,31-40,East,53,Classic
C02664,41-50,West,40,Platinum
C02665,21-30,North,6,Gold
C02666,31-40,South,39,Classic
C02667,21-30,West,52,Gold
C02668,41-50,South,60,Platinum
C02669,31-40,East,18,Classic
C02670,51+,South,12,Classic
C02671,31-40,West,18,Classic
C02672,51+,North,21,Classic
C02673,21-30,West,45,Gold
C02674,41-50,South,16,Classic
C02675,31-40,South,27,Gold
C02676,21-30,South,3,Platinum
C02677,21-30,North,6,Classic
C02678,41-50,West,30,Classic
C02679,21-30,West,22,Gold
C02680,31-40,West,38,Gold
C02681,51+,West,42,Gold
C02682,31-40,East,28,Classic
C02683,21-30,South,23,Gold
C02684,21-30,West,9,Classic
C02685,21-30,North,42,Gold
C02686,31-40,West,30,Gold
C02687,41-50,South,47,Classic
C02688,31-40,East,34,Classic
C02689,21-30,South,40,Gold
C02690,41-50,South,3,Classic
C02691,31-40,North,43,Classic
C02692,31-40,South,35,Classic
C02693,51+,South,45,Classic
C02694,31-40,North,54,Classic
C02695,31-40,North,52,Classic
C02696,41-50,East,50,Classic
C02697,41-50,South,26,Gold
C02698,41-50,West,75,Platinum
C02699,41-50,North,48,Classic
C02700,31-40,East,49,Classic
C02701,31-40,North,36,Gold
C02702,41-50,South,7,Classic
C02703,41-50,East,20,Classic
C02704,41-50,East,23,Classic
C02705,31-40,South,37,Gold
C02706,41-50,South,14,Classic
C02707,21-30,North,46,Classic
C02708,21-30,South,33,Platinum
C02709,31-40,South,22,Classic
C02710,31-40,East,28,Platinum
C02711,41-50,South,45,Classic
C02712,21-30,West,37,Classic
C02713,41-50,South,35,Platinum
C02714,31-40,North,72,Platinum
C02715,21-30,North,56,Classic
C02716,31-40,North,32,Gold
C02717,31-40,South,25,Classic
C02718,41-50,West,46,Gold
C02719,31-40,West,53,Platinum
C02720,21-30,South,11,Classic
C02721,31-40,North,6,Gold
C02722,21-30,West,16,Classic
C02723,21-30,North,49,Classic
C02724,51+,South,39,Classic
C02725,21-30,West,48,Classic
C02726,21-30,South,32,Classic
C02727,51+,North,35,Classic
C02728,41-50,North,39,Gold
C02729,31-40,East,33,Classic
C02730,41-50,North,53,Classic
C02731,51+,East,47,Platinum
C02732,21-30,South,45,Classic
C02733,21-30,South,3,Gold
C02734,51+,North,42,Gold
C02735,41-50,West,58,Gold
C02736,51+,South,21,Gold
C02737,31-40,West,23,Gold
C02738,51+,South,22,Classic
C02739,31-40,North,48,Classic
C02740,41-50,South,41,Gold
C02741,51+,South,64,Classic
C02742,21-30,South,16,Classic
C02743,21-30,West,46,Classic
C02744,31-40,West,45,Platinum
C02745,41-50,West,40,Gold
C02746,21-30,East,40,Classic
C02747,51+,South,33,Classic
C02748,31-40,East,45,Classic
C02749,31-40,North,3,Classic
C02750,31-40,West,50,Gold
C02751,51+,West,41,Classic
C02752,21-30,North,26,Classic
C02753,31-40,West,16,Classic
C02754,21-30,West,55,Gold
C02755,51+,South,51,Gold
C02756,41-50,West,29,Classic
C02757,21-30,North,48,Gold
C02758,31-40,North,37,Gold
C02759,31-40,South,26,Classic
C02760,31-40,East,27,Gold
C02761,41-50,South,4,Classic
C02762,31-40,West,67,Classic
C02763,31-40,North,71,Platinum
C02764,41-50,North,38,Gold
C02765,31-40,East,57,Platinum
C02766,21-30,North,50,Classic
C02767,21-30,West,19,Gold
C02768,31-40,South,40,Platinum
C02769,41-50,West,16,Classic
C02770,21-30,East,52,Gold
C02771,31-40,North,20,Classic
C02772,31-40,North,28,Gold
C02773,41-50,North,62,Classic
C02774,21-30,West,45,Gold
C02775,31-40,East,14,Gold
C02776,21-30,South,44,Gold
C02777,31-40,North,27,Gold
C02778,21-30,West,17,Gold
C02779,31-40,North,22,Gold
C02780,41-50,West,43,Platinum
C02781,21-30,West,60,Platinum
C02782,41-50,North,48,Platinum
C02783,31-40,South,15,Gold
C02784,31-40,North,43,Classic
C02785,31-40,South,37,Gold
C02786,31-40,West,48,Classic
C02787,41-50,East,35,Classic
C02788,41-50,West,26,Gold
C02789,41-50,South,57,Gold
C02790,31-40,North,40,Gold
C02791,41-50,West,28,Classic
C02792,21-30,South,57,Platinum
C02793,31-40,North,36,Gold
C02794,21-30,South,41,Classic
C02795,21-30,East,47,Classic
C02796,41-50,West,6,Platinum
C02797,51+,North,16,Classic
C02798,21-30,West,39,Gold
C02799,31-40,South,25,Platinum
C02800,41-50,North,51,Gold
C02801,51+,North,43,Classic
C02802,41-50,West,10,Gold
C02803,21-30,South,53,Gold
C02804,21-30,South,14,Classic
C02805,41-50,North,58,Platinum
C02806,21-30,East,30,Gold
C02807,51+,West,37,Platinum
C02808,51+,South,36,Classic
C02809,51+,West,52,Gold
C02810,31-40,North,42,Classic
C02811,41-50,North,60,Platinum
C02812,41-50,East,44,Classic
C02813,21-30,West,24,Classic
C02814,31-40,North,50,Platinum
C02815,21-30,East,44,Platinum
C02816,31-40,South,6,Gold
C02817,51+,East,51,Gold
C02818,41-50,East,9,Platinum
C02819,31-40,West,38,Classic
C02820,31-40,South,44,Platinum
C02821,21-30,East,54,Platinum
C02822,31-40,East,20,Platinum
C02823,21-30,South,62,Platinum
C02824,41-50,North,47,Classic
C02825,41-50,West,48,Classic
C02826,41-50,North,32,Gold
C02827,51+,West,14,Gold
C02828,21-30,North,49,Classic
C02829,41-50,West,29,Classic
C02830,21-30,North,47,Classic
C02831,31-40,West,42,Classic
C02832,31-40,East,3,Classic
C02833,21-30,North,20,Classic
C02834,21-30,East,33,Classic
C02835,31-40,East,30,Classic
C02836,21-30,South,11,Classic
C02837,51+,North,3,Classic
C02838,31-40,West,22,Gold
C02839,31-40,West,58,Gold
C02840,51+,South,54,Classic
C02841,31-40,West,39,Classic
C02842,31-40,North,25,Platinum
C02843,51+,North,31,Gold
C02844,21-30,East,48,Gold
C02845,21-30,North,40,Gold
C02846,31-40,North,19,Classic
C02847,31-40,South,41,Classic
C02848,41-50,North,57,Platinum
C02849,21-30,North,23,Platinum
C02850,41-50,West,30,Gold
C02851,41-50,South,56,Platinum
C02852,51+,West,57,Gold
C02853,21-30,East,19,Classic
C02854,21-30,South,30,Gold
C02855,51+,North,26,Classic
C02856,41-50,West,51,Classic
C02857,21-30,North,28,Gold
C02858,21-30,North,46,Gold
C02859,41-50,West,29,Platinum
C02860,31-40,West,12,Platinum
C02861,31-40,East,66,Classic
C02862,51+,North,8,Classic
C02863,21-30,North,58,Classic
C02864,21-30,South,74,Gold
C02865,41-50,West,47,Classic
C02866,51+,South,40,Gold
C02867,31-40,North,42,Platinum
C02868,41-50,North,8,Gold
C02869,21-30,East,48,Gold
C02870,21-30,East,49,Platinum
C02871,51+,North,21,Classic
C02872,21-30,North,23,Gold
C02873,21-30,North,71,Gold
C02874,41-50,North,38,Platinum
C02875,31-40,South,49,Gold
C02876,31-40,North,45,Gold
C02877,41-50,East,59,Platinum
C02878,21-30,West,42,Classic
C02879,41-50,West,18,Gold
C02880,31-40,West,57,Gold
C02881,21-30,North,36,Classic
C02882,41-50,North,66,Platinum
C02883,31-40,South,12,Gold
C02884,51+,West,46,Gold
C02885,51+,North,19,Platinum
C02886,41-50,South,45,Classic
C02887,31-40,North,65,Gold
C02888,21-30,North,39,Gold
C02889,51+,West,50,Gold
C02890,31-40,East,59,Classic
C02891,41-50,South,41,Gold
C02892,41-50,West,42,Platinum
C02893,31-40,North,16,Classic
C02894,21-30,North,23,Classic
C02895,41-50,South,59,Gold
C02896,31-40,East,74,Platinum
C02897,31-40,East,34,Gold
C02898,31-40,North,30,Classic
C02899,41-50,West,11,Classic
C02900,31-40,South,42,Gold
C02901,21-30,South,39,Classic
C02902,41-50,East,42,Classic
C02903,41-50,West,38,Classic
C02904,51+,East,52,Classic
C02905,21-30,West,28,Classic
C02906,51+,North,37,Gold
C02907,41-50,East,48,Gold
C02908,41-50,West,70,Gold
C02909,31-40,South,42,Classic
C02910,21-30,South,19,Gold
C02911,31-40,West,31,Classic
C02912,31-40,North,50,Classic
C02913,31-40,South,12,Gold
C02914,51+,West,45,Gold
C02915,21-30,West,3,Classic
C02916,51+,West,51,Gold
C02917,31-40,West,43,Classic
C02918,41-50,North,19,Classic
C02919,31-40,West,79,Platinum
C02920,41-50,South,48,Gold
C02921,31-40,East,27,Gold
C02922,51+,South,61,Platinum
C02923,21-30,West,49,Gold
C02924,21-30,East,34,Classic
C02925,51+,West,75,Gold
C02926,21-30,North,27,Classic
C02927,41-50,North,32,Gold
C02928,21-30,South,36,Gold
C02929,21-30,North,51,Classic
C02930,31-40,East,26,Gold
C02931,31-40,North,8,Gold
C02932,31-40,East,54,Classic
C02933,31-40,North,6,Classic
C02934,41-50,North,43,Classic
C02935,51+,East,27,Gold
C02936,31-40,South,17,Classic
C02937,31-40,North,40,Classic
C02938,31-40,North,46,Platinum
C02939,41-50,North,53,Gold
C02940,31-40,East,55,Gold
C02941,41-50,North,68,Gold
C02942,31-40,South,45,Classic
C02943,41-50,East,42,Classic
C02944,41-50,South,48,Classic
C02945,31-40,East,55,Gold
C02946,31-40,North,47,Classic
C02947,31-40,West,44,Classic
C02948,31-40,South,40,Gold
C02949,31-40,North,72,Platinum
C02950,41-50,West,45,Classic
C02951,31-40,East,49,Classic
C02952,21-30,East,29,Classic
C02953,21-30,West,47,Gold
C02954,31-40,North,48,Gold
C02955,51+,West,3,Gold
C02956,31-40,East,39,Classic
C02957,31-40,South,51,Classic
C02958,31-40,North,52,Classic
C02959,51+,North,51,Classic
C02960,41-50,West,49,Gold
C02961,21-30,North,28,Classic
C02962,41-50,North,57,Gold
C02963,41-50,East,66,Platinum
C02964,41-50,West,18,Platinum
C02965,31-40,North,52,Platinum
C02966,41-50,West,16,Gold
C02967,31-40,South,25,Classic
C02968,21-30,West,38,Classic
C02969,21-30,North,3,Classic
C02970,31-40,North,48,Gold
C02971,21-30,East,22,Classic
C02972,31-40,North,23,Gold
C02973,41-50,South,64,Platinum
C02974,41-50,North,57,Gold
C02975,21-30,West,3,Gold
C02976,21-30,West,28,Classic
C02977,41-50,West,3,Classic
C02978,31-40,West,26,Gold
C02979,21-30,West,46,Classic
C02980,41-50,South,58,Gold
C02981,21-30,South,20,Gold
C02982,21-30,West,40,Classic
C02983,41-50,West,50,Gold
C02984,41-50,West,15,Classic
C02985,31-40,West,71,Platinum
C02986,41-50,North,46,Classic
C02987,51+,West,44,Platinum
C02988,21-30,West,15,Platinum
C02989,41-50,East,22,Platinum
C02990,21-30,West,22,Platinum
C02991,31-40,East,23,Gold
C02992,31-40,West,17,Gold
C02993,31-40,North,50,Classic
C02994,21-30,West,19,Gold
C02995,41-50,North,16,Gold
C02996,31-40,South,35,Classic
C02997,51+,North,20,Classic
C02998,31-40,South,35,Gold
C02999,41-50,North,53,Gold
C03000,31-40,West,57,Platinum
C03001,31-40,East,42,Classic
C03002,41-50,West,16,Gold
C03003,41-50,North,45,Platinum
C03004,31-40,North,15,Classic
C03005,31-40,West,60,Gold
C03006,31-40,West,29,Gold
C03007,31-40,South,3,Gold
C03008,31-40,West,57,Platinum
C03009,41-50,West,64,Platinum
C03010,31-40,East,29,Gold
C03011,31-40,West,27,Classic
C03012,41-50,West,45,Classic
C03013,51+,East,25,Classic
C03014,31-40,South,31,Classic
C03015,21-30,North,42,Classic
C03016,21-30,North,25,Gold
C03017,41-50,West,43,Classic
C03018,31-40,West,60,Platinum
C03019,31-40,South,51,Gold
C03020,21-30,East,44,Gold
C03021,51+,North,56,Classic
C03022,31-40,North,41,Classic
C03023,41-50,West,28,Classic
C03024,21-30,South,27,Classic
C03025,21-30,North,57,Classic
C03026,21-30,South,30,Gold
C03027,31-40,South,48,Gold
C03028,31-40,West,42,Classic
C03029,21-30,West,27,Classic
C03030,31-40,East,34,Gold
C03031,21-30,East,36,Gold
C03032,31-40,South,60,Classic
C03033,21-30,East,60,Gold
C03034,21-30,South,28,Classic
C03035,21-30,North,40,Classic
C03036,41-50,West,11,Classic
C03037,51+,South,15,Platinum
C03038,41-50,South,82,Platinum
C03039,21-30,North,41,Gold
C03040,51+,West,15,Gold
C03041,51+,North,47,Gold
C03042,31-40,South,46,Gold
C03043,21-30,West,33,Gold
C03044,41-50,South,17,Classic
C03045,51+,West,21,Gold
C03046,41-50,North,47,Gold
C03047,41-50,West,21,Gold
C03048,41-50,West,23,Classic
C03049,51+,South,60,Platinum
C03050,21-30,East,45,Classic
C03051,21-30,South,51,Gold
C03052,41-50,West,67,Gold
C03053,21-30,West,8,Classic
C03054,31-40,West,23,Classic
C03055,31-40,West,12,Classic
C03056,21-30,East,3,Classic
C03057,21-30,East,18,Platinum
C03058,31-40,South,52,Gold
C03059,31-40,West,34,Classic
C03060,31-40,West,46,Classic
C03061,31-40,East,7,Classic
C03062,51+,North,3,Gold
C03063,31-40,South,62,Gold
C03064,51+,West,37,Classic
C03065,31-40,West,29,Classic
C03066,21-30,North,16,Gold
C03067,41-50,North,44,Gold
C03068,41-50,South,48,Classic
C03069,21-30,North,50,Classic
C03070,41-50,West,6,Classic
C03071,41-50,South,54,Platinum
C03072,21-30,South,64,Gold
C03073,31-40,North,39,Gold
C03074,21-30,South,38,Classic
C03075,21-30,West,42,Gold
C03076,51+,South,59,Platinum
C03077,31-40,North,50,Gold
C03078,41-50,North,15,Gold
C03079,41-50,West,8,Classic
C03080,51+,West,43,Gold
C03081,31-40,North,58,Classic
C03082,31-40,East,49,Gold
C03083,31-40,North,6,Gold
C03084,41-50,East,23,Classic
C03085,31-40,North,25,Classic
C03086,41-50,West,41,Classic
C03087,31-40,West,51,Classic
C03088,21-30,North,18,Classic
C03089,51+,South,14,Classic
C03090,41-50,North,50,Classic
C03091,31-40,South,54,Gold
C03092,41-50,North,31,Classic
C03093,31-40,North,40,Classic
C03094,41-50,West,39,Gold
C03095,31-40,North,9,Gold
C03096,31-40,West,63,Gold
C03097,21-30,North,59,Platinum
C03098,21-30,South,46,Classic
C03099,41-50,South,43,Classic
C03100,31-40,West,39,Gold
C03101,21-30,North,63,Gold
C03102,21-30,North,49,Classic
C03103,31-40,West,51,Gold
C03104,41-50,West,36,Classic
C03105,31-40,East,6,Platinum
C03106,41-50,North,51,Gold
C03107,51+,North,31,Gold
C03108,31-40,West,15,Gold
C03109,41-50,East,39,Classic
C03110,21-30,East,44,Gold
C03111,31-40,North,37,Gold
C03112,21-30,North,34,Classic
C03113,21-30,West,41,Classic
C03114,21-30,West,3,Gold
C03115,21-30,North,23,Classic
C03116,41-50,West,20,Platinum
C03117,31-40,East,38,Classic
C03118,51+,South,35,Classic
C03119,31-40,South,40,Classic
C03120,41-50,West,30,Classic
C03121,21-30,South,31,Classic
C03122,31-40,East,48,Gold
C03123,31-40,West,48,Classic
C03124,51+,North,16,Classic
C03125,51+,West,38,Gold
C03126,21-30,South,40,Classic
C03127,41-50,South,10,Classic
C03128,41-50,East,42,Gold
C03129,31-40,East,30,Gold
C03130,21-30,South,53,Classic
C03131,41-50,East,42,Gold
C03132,41-50,West,65,Classic
C03133,31-40,West,49,Platinum
C03134,31-40,West,53,Gold
C03135,21-30,North,31,Gold
C03136,51+,South,32,Classic
C03137,21-30,East,10,Gold
C03138,21-30,North,66,Gold
C03139,31-40,West,32,Classic
C03140,41-50,South,20,Gold
C03141,41-50,North,40,Classic
C03142,21-30,North,33,Classic
C03143,21-30,North,43,Gold
C03144,41-50,South,46,Platinum
C03145,31-40,East,34,Gold
C03146,21-30,East,31,Platinum
C03147,51+,North,32,Classic
C03148,21-30,North,8,Classic
C03149,31-40,West,32,Gold
C03150,21-30,North,40,Classic
C03151,41-50,South,48,Platinum
C03152,41-50,South,17,Classic
C03153,31-40,East,50,Classic
C03154,41-50,West,53,Gold
C03155,51+,East,25,Classic
C03156,41-50,West,21,Gold
C03157,31-40,West,53,Gold
C03158,31-40,North,58,Gold
C03159,51+,North,42,Classic
C03160,21-30,South,35,Gold
C03161,21-30,South,53,Classic
C03162,21-30,East,52,Gold
C03163,41-50,North,43,Classic
C03164,21-30,North,38,Classic
C03165,31-40,South,7,Gold
C03166,41-50,East,19,Gold
C03167,21-30,East,54,Platinum
C03168,31-40,West,36,Gold
C03169,31-40,North,39,Platinum
C03170,21-30,South,8,Platinum
C03171,51+,West,59,Gold
C03172,21-30,East,38,Classic
C03173,41-50,East,35,Classic
C03174,31-40,South,49,Gold
C03175,21-30,North,44,Platinum
C03176,21-30,West,49,Gold
C03177,31-40,East,38,Gold
C03178,31-40,East,53,Gold
C03179,21-30,South,60,Platinum
C03180,51+,South,7,Classic
C03181,31-40,North,53,Gold
C03182,51+,West,37,Classic
C03183,21-30,South,5,Gold
C03184,21-30,North,33,Gold
C03185,31-40,South,63,Platinum
C03186,31-40,West,62,Gold
C03187,21-30,South,45,Classic
C03188,21-30,South,45,Classic
C03189,21-30,East,38,Classic
C03190,41-50,West,56,Classic
C03191,31-40,East,51,Gold
C03192,51+,West,61,Gold
C03193,21-30,North,3,Gold
C03194,31-40,West,21,Classic
C03195,31-40,West,3,Classic
C03196,31-40,South,42,Classic
C03197,51+,East,8,Gold
C03198,41-50,North,76,Gold
C03199,21-30,South,26,Gold
C03200,31-40,North,36,Gold
C03201,41-50,North,32,Classic
C03202,21-30,West,53,Gold
C03203,31-40,North,22,Platinum
C03204,31-40,East,3,Classic
C03205,31-40,South,45,Gold
C03206,31-40,South,55,Gold
C03207,31-40,South,78,Classic
C03208,51+,South,55,Platinum
C03209,31-40,East,58,Platinum
C03210,51+,West,51,Gold
C03211,41-50,South,48,Gold
C03212,31-40,West,45,Classic
C03213,31-40,East,42,Classic
C03214,31-40,East,13,Classic
C03215,41-50,North,33,Gold
C03216,21-30,North,30,Gold
C03217,51+,West,55,Classic
C03218,31-40,East,55,Platinum
C03219,41-50,South,23,Classic
C03220,31-40,West,38,Classic
C03221,31-40,South,39,Classic
C03222,41-50,West,11,Platinum
C03223,41-50,South,32,Classic
C03224,21-30,West,35,Classic
C03225,31-40,North,78,Platinum
C03226,31-40,North,16,Classic
C03227,41-50,East,37,Gold
C03228,31-40,North,51,Classic
C03229,21-30,West,19,Platinum
C03230,41-50,East,3,Gold
C03231,31-40,North,31,Classic
C03232,31-40,North,60,Platinum
C03233,41-50,West,14,Gold
C03234,41-50,East,54,Platinum
C03235,41-50,West,54,Classic
C03236,21-30,North,55,Platinum
C03237,21-30,West,29,Classic
C03238,41-50,South,39,Classic
C03239,21-30,East,46,Classic
C03240,21-30,South,45,Gold
C03241,21-30,North,51,Gold
C03242,31-40,West,28,Classic
C03243,51+,West,36,Classic
C03244,21-30,South,37,Classic
C03245,31-40,West,75,Gold
C03246,51+,North,3,Classic
C03247,51+,North,41,Classic
C03248,21-30,North,42,Classic
C03249,51+,South,60,Classic
C03250,21-30,North,20,Platinum
C03251,41-50,South,54,Gold
C03252,21-30,North,3,Classic
C03253,31-40,West,55,Classic
C03254,21-30,West,3,Gold
C03255,41-50,East,48,Platinum
C03256,21-30,North,33,Classic
C03257,31-40,West,55,Gold
C03258,41-50,North,44,Gold
C03259,21-30,West,18,Gold
C03260,51+,East,77,Gold
C03261,31-40,South,64,Gold
C03262,21-30,North,23,Classic
C03263,21-30,West,66,Platinum
C03264,31-40,West,5,Platinum
C03265,21-30,East,51,Classic
C03266,31-40,West,42,Platinum
C03267,41-50,West,46,Classic
C03268,31-40,North,12,Gold
C03269,31-40,West,25,Gold
C03270,41-50,South,26,Classic
C03271,31-40,South,65,Gold
C03272,41-50,North,3,Gold
C03273,51+,West,21,Classic
C03274,21-30,West,23,Platinum
C03275,41-50,North,27,Gold
C03276,51+,South,29,Classic
C03277,31-40,South,30,Gold
C03278,51+,West,19,Classic
C03279,31-40,West,45,Gold
C03280,31-40,South,72,Platinum
C03281,31-40,South,23,Gold
C03282,21-30,East,70,Gold
C03283,51+,South,51,Platinum
C03284,21-30,South,68,Classic
C03285,51+,North,40,Gold
C03286,41-50,North,9,Gold
C03287,51+,South,5,Classic
C03288,51+,West,33,Gold
C03289,31-40,South,50,Gold
C03290,51+,North,45,Classic
C03291,41-50,West,39,Classic
C03292,31-40,West,34,Classic
C03293,41-50,South,18,Classic
C03294,21-30,North,3,Gold
C03295,21-30,East,3,Classic
C03296,31-40,South,45,Gold
C03297,31-40,East,22,Platinum
C03298,21-30,North,5,Classic
C03299,31-40,North,30,Gold
C03300,41-50,South,44,Gold
C03301,41-50,West,68,Gold
C03302,51+,South,44,Platinum
C03303,51+,North,51,Classic
C03304,51+,South,56,Classic
C03305,41-50,West,36,Classic
C03306,21-30,North,76,Platinum
C03307,51+,East,49,Platinum
C03308,21-30,East,58,Platinum
C03309,21-30,South,5,Gold
C03310,31-40,West,43,Platinum
C03311,31-40,West,41,Classic
C03312,41-50,South,66,Platinum
C03313,21-30,North,12,Classic
C03314,41-50,South,33,Classic
C03315,21-30,North,62,Classic
C03316,31-40,South,89,Platinum
C03317,31-40,West,49,Platinum
C03318,31-40,West,83,Platinum
C03319,41-50,South,63,Platinum
C03320,21-30,South,44,Classic
C03321,21-30,North,62,Platinum
C03322,21-30,South,42,Gold
C03323,41-50,North,31,Classic
C03324,51+,West,37,Gold
C03325,41-50,West,9,Gold
C03326,31-40,North,16,Gold
C03327,51+,East,45,Gold
C03328,31-40,East,23,Gold
C03329,21-30,West,8,Classic
C03330,31-40,South,40,Classic
C03331,31-40,North,44,Classic
C03332,31-40,East,53,Gold
C03333,31-40,North,58,Platinum
C03334,31-40,East,53,Classic
C03335,31-40,North,44,Gold
C03336,31-40,East,41,Gold
C03337,21-30,West,15,Classic
C03338,51+,North,35,Classic
C03339,41-50,South,45,Gold
C03340,21-30,West,22,Classic
C03341,21-30,North,51,Gold
C03342,21-30,East,16,Classic
C03343,21-30,East,26,Gold
C03344,21-30,South,54,Gold
C03345,21-30,West,27,Gold
C03346,41-50,South,32,Classic
C03347,41-50,East,22,Classic
C03348,41-50,North,3,Classic
C03349,41-50,North,23,Classic
C03350,41-50,North,34,Classic
C03351,41-50,West,69,Platinum
C03352,51+,West,70,Platinum
C03353,41-50,West,49,Classic
C03354,41-50,North,49,Classic
C03355,41-50,South,20,Gold
C03356,31-40,West,30,Gold
C03357,21-30,East,13,Gold
C03358,21-30,North,17,Gold
C03359,31-40,West,31,Gold
C03360,21-30,North,12,Classic
C03361,21-30,North,43,Platinum
C03362,21-30,West,48,Classic
C03363,31-40,South,29,Classic
C03364,51+,South,7,Gold
C03365,31-40,East,36,Classic
C03366,21-30,West,39,Classic
C03367,31-40,North,32,Gold
C03368,31-40,West,14,Classic
C03369,41-50,South,66,Gold
C03370,41-50,North,3,Gold
C03371,21-30,South,51,Classic
C03372,31-40,South,52,Platinum
C03373,21-30,North,28,Gold
C03374,41-50,South,59,Classic
C03375,51+,East,3,Gold
C03376,51+,East,39,Platinum
C03377,21-30,West,47,Platinum
C03378,41-50,West,49,Gold
C03379,41-50,South,24,Gold
C03380,51+,South,49,Classic
C03381,31-40,South,40,Gold
C03382,31-40,East,61,Classic
C03383,21-30,North,51,Platinum
C03384,21-30,South,22,Gold
C03385,41-50,North,49,Classic
C03386,31-40,South,3,Classic
C03387,21-30,West,13,Classic
C03388,41-50,East,37,Gold
C03389,31-40,South,33,Classic
C03390,51+,East,56,Classic
C03391,41-50,East,56,Gold
C03392,51+,South,48,Classic
C03393,41-50,South,33,Classic
C03394,21-30,West,49,Platinum
C03395,21-30,North,37,Gold
C03396,51+,South,44,Platinum
C03397,21-30,South,63,Platinum
C03398,31-40,West,58,Platinum
C03399,41-50,West,28,Gold
C03400,21-30,West,10,Classic
C03401,21-30,South,61,Gold
C03402,31-40,North,36,Classic
C03403,31-40,East,30,Gold
C03404,41-50,West,45,Classic
C03405,21-30,West,44,Classic
C03406,31-40,West,24,Gold
C03407,21-30,North,28,Classic
C03408,41-50,West,48,Gold
C03409,21-30,West,3,Classic
C03410,21-30,East,40,Platinum
C03411,41-50,East,5,Classic
C03412,21-30,South,62,Gold
C03413,41-50,East,13,Gold
C03414,31-40,North,65,Gold
C03415,21-30,North,40,Classic
C03416,31-40,West,55,Classic
C03417,51+,West,21,Platinum
C03418,31-40,West,30,Platinum
C03419,21-30,South,71,Gold
C03420,31-40,North,13,Classic
C03421,31-40,North,47,Classic
C03422,41-50,West,43,Gold
C03423,51+,East,20,Classic
C03424,31-40,West,24,Classic
C03425,31-40,South,39,Classic
C03426,31-40,East,18,Classic
C03427,51+,West,64,Platinum
C03428,31-40,North,59,Classic
C03429,21-30,West,55,Classic
C03430,51+,East,29,Gold
C03431,51+,North,20,Gold
C03432,31-40,North,11,Classic
C03433,31-40,West,49,Gold
C03434,41-50,East,49,Gold
C03435,41-50,West,59,Gold
C03436,31-40,West,17,Classic
C03437,31-40,South,51,Classic
C03438,31-40,West,49,Gold
C03439,31-40,West,72,Platinum
C03440,21-30,North,37,Gold
C03441,41-50,West,49,Gold
C03442,21-30,South,37,Classic
C03443,31-40,South,65,Platinum
C03444,41-50,South,46,Platinum
C03445,31-40,West,54,Classic
C03446,31-40,North,56,Platinum
C03447,51+,South,13,Platinum
C03448,21-30,East,45,Classic
C03449,51+,North,60,Platinum
C03450,21-30,West,35,Gold
C03451,31-40,West,35,Classic
C03452,41-50,North,11,Classic
C03453,31-40,North,60,Gold
C03454,31-40,West,66,Gold
C03455,21-30,North,54,Platinum
C03456,31-40,North,37,Classic
C03457,21-30,West,54,Classic
C03458,41-50,West,56,Platinum
C03459,31-40,East,67,Platinum
C03460,31-40,East,19,Classic
C03461,21-30,West,22,Platinum
C03462,31-40,East,48,Gold
C03463,31-40,East,59,Platinum
C03464,31-40,West,56,Classic
C03465,41-50,East,20,Platinum
C03466,21-30,South,29,Classic
C03467,21-30,South,7,Gold
C03468,41-50,South,55,Classic
C03469,21-30,South,58,Gold
C03470,21-30,South,47,Gold
C03471,41-50,South,53,Classic
C03472,41-50,West,30,Classic
C03473,21-30,South,13,Platinum
C03474,21-30,North,43,Classic
C03475,31-40,North,21,Classic
C03476,31-40,North,33,Gold
C03477,31-40,West,31,Classic
C03478,41-50,South,69,Gold
C03479,41-50,North,42,Classic
C03480,51+,West,22,Gold
C03481,31-40,North,19,Classic
C03482,21-30,North,28,Classic
C03483,31-40,West,32,Classic
C03484,21-30,East,31,Gold
C03485,31-40,West,35,Classic
C03486,51+,West,37,Gold
C03487,31-40,West,46,Gold
C03488,21-30,North,27,Gold
C03489,31-40,West,31,Classic
C03490,51+,West,31,Classic
C03491,21-30,North,15,Classic
C03492,41-50,West,68,Platinum
C03493,41-50,South,22,Classic
C03494,31-40,West,17,Classic
C03495,41-50,East,49,Gold
C03496,31-40,South,30,Classic
C03497,31-40,North,23,Gold
C03498,31-40,West,21,Classic
C03499,21-30,East,38,Classic
C03500,41-50,North,7,Classic
C03501,41-50,North,30,Gold
C03502,31-40,West,21,Gold
C03503,31-40,North,63,Platinum
C03504,21-30,East,3,Classic
C03505,21-30,East,35,Gold
C03506,41-50,North,5,Classic
C03507,21-30,East,21,Platinum
C03508,41-50,North,28,Platinum
C03509,31-40,West,26,Gold
C03510,41-50,West,41,Gold
C03511,31-40,North,73,Gold
C03512,31-40,South,22,Classic
C03513,41-50,South,50,Classic
C03514,31-40,West,55,Gold
C03515,21-30,South,38,Gold
C03516,51+,East,14,Classic
C03517,31-40,West,7,Gold
C03518,21-30,North,49,Classic
C03519,31-40,East,10,Classic
C03520,31-40,North,27,Classic
C03521,41-50,East,23,Platinum
C03522,41-50,South,39,Classic
C03523,31-40,West,59,Classic
C03524,21-30,South,26,Platinum
C03525,31-40,North,17,Classic
C03526,21-30,West,44,Gold
C03527,41-50,West,67,Platinum
C03528,21-30,East,30,Classic
C03529,41-50,West,28,Gold
C03530,31-40,North,3,Gold
C03531,41-50,East,57,Platinum
C03532,21-30,North,74,Gold
C03533,21-30,North,10,Classic
C03534,51+,West,28,Classic
C03535,31-40,West,23,Classic
C03536,31-40,North,13,Platinum
C03537,41-50,North,29,Classic
C03538,51+,West,20,Gold
C03539,31-40,North,27,Classic
C03540,51+,North,45,Classic
C03541,21-30,North,48,Classic
C03542,51+,North,8,Classic
C03543,21-30,South,50,Classic
C03544,31-40,West,32,Gold
C03545,21-30,South,50,Platinum
C03546,41-50,South,7,Classic
C03547,51+,West,10,Classic
C03548,31-40,East,42,Classic
C03549,31-40,West,66,Gold
C03550,31-40,East,35,Gold
C03551,21-30,East,21,Gold
C03552,41-50,East,16,Platinum
C03553,21-30,West,24,Classic
C03554,51+,West,10,Classic
C03555,51+,West,40,Classic
C03556,21-30,North,26,Classic
C03557,31-40,East,19,Classic
C03558,51+,West,55,Gold
C03559,51+,North,6,Gold
C03560,41-50,West,5,Gold
C03561,21-30,South,29,Classic
C03562,21-30,North,3,Platinum
C03563,41-50,West,43,Classic
C03564,31-40,North,55,Gold
C03565,41-50,South,32,Classic
C03566,41-50,South,26,Gold
C03567,31-40,West,42,Classic
C03568,21-30,South,34,Gold
C03569,31-40,East,24,Classic
C03570,51+,West,37,Classic
C03571,31-40,East,19,Gold
C03572,21-30,West,42,Classic
C03573,51+,West,44,Classic
C03574,41-50,South,5,Gold
C03575,31-40,West,51,Classic
C03576,41-50,South,44,Classic
C03577,31-40,North,38,Classic
C03578,51+,North,38,Classic
C03579,51+,East,32,Classic
C03580,31-40,North,57,Platinum
C03581,31-40,East,44,Gold
C03582,31-40,South,31,Gold
C03583,41-50,South,42,Classic
C03584,41-50,North,25,Gold
C03585,31-40,West,42,Gold
C03586,51+,South,32,Classic
C03587,31-40,North,50,Gold
C03588,41-50,South,7,Gold
C03589,41-50,South,31,Classic
C03590,31-40,East,43,Classic
C03591,21-30,South,33,Classic
C03592,41-50,North,24,Gold
C03593,41-50,West,20,Classic
C03594,21-30,South,46,Classic
C03595,41-50,North,60,Platinum
C03596,31-40,West,38,Platinum
C03597,31-40,East,43,Gold
C03598,41-50,East,36,Classic
C03599,31-40,South,43,Gold
C03600,41-50,South,30,Classic
C03601,41-50,South,49,Classic
C03602,21-30,North,64,Classic
C03603,31-40,North,15,Gold
C03604,21-30,West,38,Classic
C03605,21-30,East,27,Classic
C03606,41-50,South,55,Platinum
C03607,21-30,North,34,Classic
C03608,51+,West,44,Platinum
C03609,31-40,North,48,Gold
C03610,31-40,North,45,Platinum
C03611,51+,North,26,Gold
C03612,31-40,West,36,Gold
C03613,41-50,East,7,Classic
C03614,41-50,North,58,Classic
C03615,51+,North,15,Gold
C03616,21-30,East,27,Classic
C03617,21-30,East,60,Classic
C03618,51+,East,47,Gold
C03619,21-30,North,40,Platinum
C03620,41-50,West,41,Gold
C03621,41-50,West,27,Classic
C03622,31-40,East,44,Classic
C03623,41-50,North,14,Classic
C03624,51+,East,36,Gold
C03625,21-30,South,38,Classic
C03626,41-50,North,19,Classic
C03627,41-50,South,56,Gold
C03628,31-40,West,34,Platinum
C03629,51+,South,19,Gold
C03630,31-40,West,34,Classic
C03631,21-30,South,78,Classic
C03632,51+,South,35,Gold
C03633,51+,North,17,Classic
C03634,21-30,East,28,Classic
C03635,41-50,North,13,Classic
C03636,21-30,South,54,Gold
C03637,21-30,North,31,Classic
C03638,31-40,South,45,Platinum
C03639,51+,South,20,Gold
C03640,21-30,North,13,Classic
C03641,21-30,North,55,Classic
C03642,41-50,West,46,Platinum
C03643,31-40,North,21,Classic
C03644,21-30,South,50,Gold
C03645,21-30,South,60,Platinum
C03646,41-50,South,31,Classic
C03647,41-50,East,52,Gold
C03648,41-50,North,34,Gold
C03649,21-30,South,36,Gold
C03650,31-40,East,23,Classic
C03651,41-50,South,38,Gold
C03652,31-40,West,55,Gold
C03653,21-30,West,24,Gold
C03654,31-40,North,30,Platinum
C03655,31-40,South,28,Platinum
C03656,21-30,North,74,Platinum
C03657,51+,North,35,Gold
C03658,31-40,South,38,Classic
C03659,41-50,East,31,Gold
C03660,21-30,South,57,Platinum
C03661,41-50,North,50,Classic
C03662,31-40,North,50,Platinum
C03663,51+,West,46,Gold
C03664,31-40,West,14,Classic
C03665,41-50,North,38,Classic
C03666,31-40,East,43,Classic
C03667,31-40,South,32,Classic
C03668,51+,East,66,Classic
C03669,41-50,East,50,Gold
C03670,41-50,West,8,Platinum
C03671,51+,North,49,Classic
C03672,51+,South,12,Platinum
C03673,21-30,West,53,Classic
C03674,21-30,North,62,Platinum
C03675,31-40,North,19,Gold
C03676,51+,West,55,Classic
C03677,31-40,West,55,Classic
C03678,31-40,East,4,Classic
C03679,31-40,West,36,Gold
C03680,21-30,East,54,Platinum
C03681,21-30,North,28,Classic
C03682,21-30,East,38,Platinum
C03683,21-30,West,40,Classic
C03684,41-50,West,22,Classic
C03685,31-40,North,23,Gold
C03686,21-30,North,50,Platinum
C03687,31-40,West,48,Classic
C03688,31-40,North,53,Gold
C03689,31-40,North,3,Platinum
C03690,31-40,West,47,Classic
C03691,21-30,South,73,Platinum
C03692,41-50,South,13,Classic
C03693,21-30,North,49,Platinum
C03694,21-30,North,22,Gold
C03695,21-30,West,47,Classic
C03696,31-40,South,33,Platinum
C03697,21-30,North,42,Classic
C03698,31-40,South,70,Platinum
C03699,21-30,North,61,Platinum
C03700,21-30,North,24,Classic
C03701,51+,North,52,Classic
C03702,31-40,South,32,Classic
C03703,21-30,North,3,Gold
C03704,31-40,South,12,Platinum
C03705,21-30,South,71,Classic
C03706,41-50,South,33,Classic
C03707,21-30,North,45,Classic
C03708,31-40,North,35,Gold
C03709,51+,North,43,Gold
C03710,21-30,South,32,Platinum
C03711,21-30,West,51,Gold
C03712,41-50,North,31,Gold
C03713,51+,West,40,Gold
C03714,31-40,West,21,Platinum
C03715,41-50,North,28,Classic
C03716,21-30,North,28,Classic
C03717,41-50,North,34,Gold
C03718,31-40,North,41,Classic
C03719,41-50,South,51,Classic
C03720,21-30,North,5,Platinum
C03721,31-40,West,3,Classic
C03722,21-30,South,6,Classic
C03723,41-50,West,16,Classic
C03724,41-50,West,34,Classic
C03725,41-50,South,32,Gold
C03726,51+,West,30,Classic
C03727,31-40,West,66,Gold
C03728,41-50,South,46,Platinum
C03729,21-30,North,49,Gold
C03730,51+,South,37,Gold
C03731,41-50,North,58,Platinum
C03732,31-40,South,44,Classic
C03733,31-40,South,3,Gold
C03734,41-50,South,9,Gold
C03735,41-50,West,41,Platinum
C03736,41-50,North,41,Gold
C03737,31-40,South,31,Classic
C03738,31-40,South,34,Classic
C03739,51+,West,19,Classic
C03740,41-50,East,3,Classic
C03741,31-40,North,30,Platinum
C03742,31-40,East,39,Gold
C03743,41-50,North,20,Classic
C03744,41-50,West,11,Classic
C03745,31-40,East,66,Classic
C03746,51+,South,35,Classic
C03747,51+,East,35,Classic
C03748,31-40,West,34,Platinum
C03749,21-30,West,36,Gold
C03750,31-40,South,48,Classic
C03751,41-50,West,68,Platinum
C03752,31-40,South,17,Classic
C03753,51+,West,26,Classic
C03754,21-30,West,47,Gold
C03755,31-40,North,9,Gold
C03756,51+,North,56,Classic
C03757,51+,North,39,Classic
C03758,31-40,North,52,Classic
C03759,21-30,South,55,Classic
C03760,31-40,North,22,Classic
C03761,31-40,East,38,Gold
C03762,31-40,North,29,Gold
C03763,31-40,North,42,Platinum
C03764,31-40,East,50,Gold
C03765,41-50,South,80,Gold
C03766,41-50,South,27,Classic
C03767,41-50,West,22,Classic
C03768,31-40,West,56,Gold
C03769,31-40,East,32,Classic
C03770,31-40,North,13,Gold
C03771,51+,North,45,Classic
C03772,31-40,West,53,Gold
C03773,41-50,East,38,Classic
C03774,31-40,West,34,Gold
C03775,51+,East,34,Classic
C03776,31-40,North,13,Classic
C03777,31-40,South,14,Classic
C03778,41-50,West,68,Classic
C03779,21-30,West,17,Gold
C03780,31-40,North,54,Gold
C03781,31-40,East,67,Platinum
C03782,51+,North,18,Gold
C03783,41-50,West,41,Gold
C03784,21-30,North,63,Classic
C03785,41-50,West,13,Classic
C03786,41-50,North,35,Gold
C03787,31-40,East,56,Classic
C03788,21-30,East,52,Gold
C03789,21-30,South,22,Gold
C03790,41-50,West,35,Classic
C03791,31-40,West,32,Classic
C03792,51+,West,45,Classic
C03793,31-40,South,51,Gold
C03794,41-50,West,49,Gold
C03795,21-30,East,15,Gold
C03796,41-50,East,3,Classic
C03797,21-30,South,17,Gold
C03798,31-40,East,27,Gold
C03799,21-30,North,56,Gold
C03800,41-50,South,45,Classic
C03801,31-40,North,67,Platinum
C03802,41-50,North,34,Classic
C03803,21-30,North,34,Classic
C03804,31-40,North,41,Gold
C03805,31-40,West,56,Platinum
C03806,21-30,South,55,Classic
C03807,21-30,North,28,Classic
C03808,31-40,West,3,Classic
C03809,41-50,West,39,Classic
C03810,51+,West,39,Gold
C03811,21-30,West,12,Classic
C03812,41-50,West,57,Platinum
C03813,41-50,East,24,Classic
C03814,41-50,West,50,Gold
C03815,31-40,West,19,Gold
C03816,51+,South,33,Classic
C03817,31-40,West,44,Classic
C03818,41-50,West,39,Gold
C03819,31-40,West,14,Classic
C03820,41-50,West,40,Gold
C03821,51+,South,31,Classic
C03822,51+,South,17,Classic
C03823,31-40,East,18,Platinum
C03824,41-50,West,47,Platinum
C03825,21-30,West,33,Classic
C03826,41-50,West,23,Gold
C03827,31-40,West,53,Gold
C03828,41-50,West,49,Classic
C03829,31-40,North,53,Platinum
C03830,21-30,West,3,Classic
C03831,21-30,North,13,Platinum
C03832,21-30,East,4,Gold
C03833,31-40,North,54,Gold
C03834,41-50,East,25,Classic
C03835,41-50,South,32,Classic
C03836,41-50,North,41,Gold
C03837,41-50,East,32,Gold
C03838,31-40,West,69,Gold
C03839,31-40,North,13,Classic
C03840,31-40,East,19,Gold
C03841,21-30,North,30,Gold
C03842,31-40,North,3,Classic
C03843,41-50,North,15,Classic
C03844,41-50,East,19,Classic
C03845,41-50,West,60,Classic
C03846,21-30,East,7,Classic
C03847,41-50,West,31,Classic
C03848,21-30,East,36,Classic
C03849,51+,West,30,Classic
C03850,21-30,West,51,Gold
C03851,31-40,South,44,Classic
C03852,31-40,North,35,Gold
C03853,31-40,North,43,Classic
C03854,31-40,East,40,Classic
C03855,21-30,South,21,Classic
C03856,31-40,North,38,Gold
C03857,51+,West,32,Classic
C03858,31-40,West,35,Gold
C03859,31-40,North,20,Gold
C03860,51+,North,61,Gold
C03861,31-40,North,5,Gold
C03862,41-50,South,68,Gold
C03863,31-40,West,35,Classic
C03864,31-40,East,34,Classic
C03865,21-30,North,50,Classic
C03866,21-30,South,34,Gold
C03867,41-50,North,3,Classic
C03868,41-50,South,36,Gold
C03869,21-30,South,13,Classic
C03870,51+,East,19,Classic
C03871,31-40,South,43,Classic
C03872,31-40,West,51,Classic
C03873,51+,North,50,Gold
C03874,51+,West,56,Gold
C03875,31-40,North,64,Classic
C03876,31-40,South,22,Gold
C03877,21-30,West,55,Platinum
C03878,31-40,East,37,Classic
C03879,41-50,North,58,Platinum
C03880,31-40,South,37,Gold
C03881,41-50,West,36,Classic
C03882,21-30,West,50,Classic
C03883,31-40,East,16,Gold
C03884,31-40,North,8,Gold
C03885,31-40,South,47,Gold
C03886,31-40,North,67,Platinum
C03887,51+,North,72,Gold
C03888,51+,East,37,Classic
C03889,41-50,West,37,Gold
C03890,21-30,North,41,Classic
C03891,51+,West,43,Classic
C03892,51+,West,24,Gold
C03893,51+,West,18,Classic
C03894,31-40,North,3,Gold
C03895,21-30,South,53,Classic
C03896,41-50,North,9,Classic
C03897,31-40,North,40,Classic
C03898,31-40,South,56,Gold
C03899,31-40,South,47,Platinum
C03900,31-40,North,44,Gold
C03901,31-40,North,49,Classic
C03902,41-50,West,31,Gold
C03903,41-50,West,13,Classic
C03904,31-40,South,27,Gold
C03905,21-30,West,39,Gold
C03906,51+,North,24,Gold
C03907,31-40,South,26,Gold
C03908,31-40,West,44,Classic
C03909,31-40,South,3,Gold
C03910,31-40,North,31,Gold
C03911,41-50,South,8,Classic
C03912,21-30,South,20,Gold
C03913,51+,East,53,Classic
C03914,21-30,South,58,Classic
C03915,51+,South,39,Classic
C03916,41-50,North,33,Gold
C03917,21-30,South,3,Platinum
C03918,31-40,North,35,Classic
C03919,31-40,West,36,Classic
C03920,51+,West,35,Gold
C03921,41-50,South,58,Gold
C03922,31-40,West,61,Gold
C03923,31-40,North,28,Classic
C03924,51+,South,40,Gold
C03925,41-50,South,40,Classic
C03926,31-40,South,3,Platinum
C03927,31-40,West,13,Classic
C03928,31-40,West,37,Platinum
C03929,41-50,South,46,Platinum
C03930,31-40,South,50,Gold
C03931,41-50,East,25,Gold
C03932,31-40,North,18,Classic
C03933,31-40,North,13,Classic
C03934,31-40,West,53,Platinum
C03935,41-50,West,22,Classic
C03936,31-40,West,30,Gold
C03937,51+,North,44,Platinum
C03938,31-40,North,14,Platinum
C03939,41-50,South,25,Classic
C03940,51+,West,54,Classic
C03941,41-50,North,55,Platinum
C03942,31-40,North,29,Classic
C03943,41-50,North,46,Gold
C03944,21-30,West,9,Gold
C03945,21-30,West,33,Classic
C03946,41-50,East,40,Classic
C03947,41-50,North,47,Classic
C03948,21-30,West,48,Platinum
C03949,51+,South,37,Platinum
C03950,31-40,North,50,Classic
C03951,51+,North,40,Classic
C03952,41-50,South,57,Gold
C03953,51+,South,44,Gold
C03954,41-50,West,29,Classic
C03955,51+,South,61,Platinum
C03956,41-50,South,27,Classic
C03957,21-30,East,61,Classic
C03958,31-40,East,59,Gold
C03959,41-50,North,53,Platinum
C03960,21-30,East,32,Classic
C03961,51+,North,49,Classic
C03962,21-30,South,73,Classic
C03963,51+,West,41,Classic
C03964,31-40,East,42,Platinum
C03965,41-50,South,49,Gold
C03966,51+,North,67,Gold
C03967,31-40,South,15,Gold
C03968,41-50,South,43,Classic
C03969,21-30,West,42,Gold
C03970,41-50,South,34,Gold
C03971,41-50,West,41,Gold
C03972,31-40,South,34,Classic
C03973,21-30,West,3,Classic
C03974,31-40,North,43,Classic
C03975,21-30,North,59,Platinum
C03976,41-50,North,49,Classic
C03977,31-40,North,72,Gold
C03978,51+,West,73,Platinum
C03979,51+,West,28,Classic
C03980,51+,East,6,Classic
C03981,31-40,South,45,Platinum
C03982,31-40,East,23,Gold
C03983,41-50,East,27,Classic
C03984,41-50,West,57,Gold
C03985,51+,East,46,Classic
C03986,31-40,West,40,Platinum
C03987,21-30,North,45,Gold
C03988,51+,West,19,Gold
C03989,41-50,North,60,Classic
C03990,21-30,South,62,Platinum
C03991,41-50,West,57,Gold
C03992,21-30,North,36,Platinum
C03993,31-40,North,49,Gold
C03994,31-40,South,47,Gold
C03995,31-40,South,34,Platinum
C03996,21-30,West,74,Gold
C03997,31-40,West,42,Platinum
C03998,31-40,South,19,Classic
C03999,21-30,West,45,Gold
C04000,31-40,East,39,Classic
C04001,31-40,West,20,Gold
C04002,41-50,North,21,Platinum
C04003,41-50,South,24,Gold
C04004,21-30,North,36,Classic
C04005,21-30,North,25,Classic
C04006,41-50,West,34,Gold
C04007,51+,North,18,Gold
C04008,51+,South,29,Gold
C04009,51+,East,46,Gold
C04010,41-50,North,3,Gold
C04011,51+,South,62,Classic
C04012,31-40,East,40,Platinum
C04013,41-50,West,20,Classic
C04014,51+,North,52,Platinum
C04015,41-50,West,5,Classic
C04016,31-40,West,7,Gold
C04017,31-40,East,38,Platinum
C04018,31-40,South,7,Classic
C04019,31-40,West,51,Platinum
C04020,41-50,West,18,Classic
C04021,41-50,South,50,Classic
C04022,21-30,West,54,Classic
C04023,41-50,West,39,Classic
C04024,31-40,South,47,Gold
C04025,31-40,West,18,Gold
C04026,31-40,South,48,Classic
C04027,31-40,West,16,Gold
C04028,41-50,West,27,Classic
C04029,41-50,North,17,Gold
C04030,41-50,North,51,Classic
C04031,31-40,South,3,Gold
C04032,41-50,West,53,Platinum
C04033,21-30,South,11,Classic
C04034,31-40,West,30,Classic
C04035,31-40,South,64,Platinum
C04036,41-50,North,61,Gold
C04037,51+,West,53,Classic
C04038,31-40,East,32,Gold
C04039,41-50,South,34,Classic
C04040,31-40,North,22,Classic
C04041,31-40,North,19,Gold
C04042,41-50,North,31,Gold
C04043,41-50,South,54,Platinum
C04044,51+,East,56,Gold
C04045,41-50,South,14,Classic
C04046,31-40,North,50,Gold
C04047,51+,North,32,Classic
C04048,51+,South,51,Classic
C04049,31-40,West,47,Gold
C04050,21-30,South,41,Classic
C04051,31-40,North,57,Gold
C04052,41-50,East,29,Gold
C04053,51+,West,12,Classic
C04054,41-50,West,31,Gold
C04055,31-40,West,27,Gold
C04056,21-30,West,37,Gold
C04057,31-40,East,38,Gold
C04058,31-40,West,29,Classic
C04059,21-30,North,29,Classic
C04060,21-30,West,34,Classic
C04061,21-30,West,55,Classic
C04062,21-30,West,34,Classic
C04063,41-50,South,53,Gold
C04064,31-40,West,17,Classic
C04065,31-40,North,52,Platinum
C04066,31-40,East,35,Gold
C04067,51+,South,43,Classic
C04068,41-50,East,24,Classic
C04069,41-50,East,52,Classic
C04070,41-50,South,42,Gold
C04071,41-50,North,35,Classic
C04072,41-50,South,12,Gold
C04073,31-40,East,56,Gold
C04074,31-40,East,55,Classic
C04075,31-40,West,61,Platinum
C04076,31-40,North,42,Classic
C04077,31-40,West,3,Classic
C04078,31-40,East,31,Classic
C04079,31-40,North,52,Platinum
C04080,31-40,South,21,Gold
C04081,31-40,South,19,Classic
C04082,21-30,South,42,Classic
C04083,31-40,North,28,Classic
C04084,31-40,North,48,Platinum
C04085,41-50,North,9,Platinum
C04086,31-40,North,45,Classic
C04087,21-30,North,20,Classic
C04088,21-30,West,6,Classic
C04089,31-40,South,54,Platinum
C04090,21-30,South,43,Gold
C04091,31-40,East,73,Gold
C04092,31-40,South,38,Classic
C04093,51+,North,40,Gold
C04094,41-50,North,42,Gold
C04095,21-30,North,56,Classic
C04096,31-40,East,24,Platinum
C04097,41-50,South,34,Gold
C04098,31-40,South,35,Classic
C04099,51+,East,34,Platinum
C04100,31-40,West,56,Classic
C04101,21-30,South,41,Platinum
C04102,21-30,South,11,Classic
C04103,51+,South,7,Classic
C04104,51+,West,41,Classic
C04105,51+,West,53,Classic
C04106,31-40,West,64,Gold
C04107,41-50,North,49,Gold
C04108,21-30,South,31,Gold
C04109,31-40,West,33,Platinum
C04110,41-50,South,30,Classic
C04111,51+,West,29,Platinum
C04112,31-40,South,24,Gold
C04113,31-40,South,32,Classic
C04114,21-30,South,18,Classic
C04115,31-40,South,15,Gold
C04116,21-30,West,34,Gold
C04117,51+,North,3,Classic
C04118,21-30,East,54,Classic
C04119,41-50,East,53,Classic
C04120,31-40,West,3,Gold
C04121,31-40,East,57,Classic
C04122,31-40,West,39,Platinum
C04123,31-40,West,41,Gold
C04124,31-40,South,22,Gold
C04125,41-50,West,37,Gold
C04126,51+,West,36,Classic
C04127,31-40,North,29,Classic
C04128,31-40,East,12,Classic
C04129,51+,North,19,Classic
C04130,31-40,East,49,Gold
C04131,51+,North,17,Classic
C04132,51+,West,19,Classic
C04133,41-50,South,32,Classic
C04134,31-40,East,5,Gold
C04135,41-50,North,17,Classic
C04136,31-40,East,77,Platinum
C04137,31-40,South,35,Gold
C04138,51+,East,19,Classic
C04139,31-40,South,24,Gold
C04140,41-50,North,35,Platinum
C04141,31-40,South,53,Classic
C04142,21-30,West,3,Classic
C04143,41-50,North,60,Gold
C04144,41-50,East,37,Classic
C04145,31-40,North,3,Classic
C04146,41-50,West,28,Gold
C04147,31-40,North,54,Platinum
C04148,51+,South,30,Classic
C04149,41-50,South,52,Gold
C04150,41-50,North,45,Classic
C04151,31-40,South,51,Classic
C04152,31-40,South,14,Gold
C04153,51+,South,34,Gold
C04154,21-30,West,12,Gold
C04155,31-40,South,20,Classic
C04156,41-50,West,70,Gold
C04157,41-50,South,46,Classic
C04158,51+,North,50,Gold
C04159,41-50,North,17,Classic
C04160,51+,South,46,Gold
C04161,31-40,South,26,Gold
C04162,41-50,West,35,Gold
C04163,41-50,East,41,Classic
C04164,41-50,East,49,Gold
C04165,21-30,South,9,Gold
C04166,31-40,South,37,Gold
C04167,31-40,East,72,Platinum
C04168,41-50,North,28,Classic
C04169,31-40,North,34,Classic
C04170,41-50,South,7,Gold
C04171,41-50,North,56,Classic
C04172,31-40,East,28,Platinum
C04173,41-50,North,50,Gold
C04174,31-40,North,39,Gold
C04175,21-30,West,38,Classic
C04176,31-40,West,10,Classic
C04177,31-40,South,8,Classic
C04178,41-50,South,66,Classic
C04179,31-40,West,14,Gold
C04180,21-30,North,41,Classic
C04181,31-40,South,15,Classic
C04182,41-50,North,78,Platinum
C04183,31-40,South,24,Gold
C04184,31-40,West,34,Platinum
C04185,51+,West,51,Platinum
C04186,21-30,West,31,Gold
C04187,31-40,West,61,Platinum
C04188,31-40,East,82,Classic
C04189,41-50,West,38,Gold
C04190,41-50,East,16,Classic
C04191,21-30,South,57,Gold
C04192,41-50,North,27,Classic
C04193,41-50,South,15,Gold
C04194,51+,North,27,Classic
C04195,51+,South,43,Classic
C04196,41-50,North,13,Classic
C04197,21-30,East,46,Gold
C04198,31-40,North,51,Platinum
C04199,51+,North,49,Classic
C04200,31-40,South,54,Platinum
C04201,31-40,North,60,Gold
C04202,51+,West,43,Classic
C04203,51+,South,68,Gold
C04204,41-50,South,22,Gold
C04205,51+,North,30,Gold
C04206,21-30,West,41,Classic
C04207,41-50,East,57,Gold
C04208,51+,South,68,Gold
C04209,21-30,North,8,Classic
C04210,21-30,West,41,Classic
C04211,41-50,West,35,Platinum
C04212,31-40,South,50,Classic
C04213,21-30,North,13,Classic
C04214,31-40,North,54,Platinum
C04215,31-40,North,29,Classic
C04216,31-40,West,31,Classic
C04217,51+,West,20,Gold
C04218,41-50,West,46,Gold
C04219,41-50,West,38,Classic
C04220,21-30,North,42,Classic
C04221,31-40,West,54,Classic
C04222,31-40,South,59,Platinum
C04223,51+,South,46,Classic
C04224,51+,East,41,Classic
C04225,31-40,North,30,Gold
C04226,51+,West,70,Gold
C04227,21-30,West,27,Classic
C04228,31-40,West,45,Classic
C04229,41-50,West,5,Gold
C04230,31-40,South,39,Gold
C04231,51+,North,41,Classic
C04232,21-30,West,60,Platinum
C04233,41-50,East,33,Classic
C04234,21-30,West,26,Classic
C04235,21-30,North,45,Classic
C04236,31-40,South,63,Gold
C04237,51+,South,44,Classic
C04238,31-40,East,52,Classic
C04239,41-50,West,9,Classic
C04240,21-30,West,3,Gold
C04241,21-30,North,29,Classic
C04242,21-30,South,26,Classic
C04243,41-50,North,21,Classic
C04244,21-30,North,23,Platinum
C04245,31-40,South,37,Classic
C04246,41-50,East,51,Gold
C04247,31-40,South,48,Gold
C04248,31-40,South,63,Gold
C04249,21-30,East,52,Classic
C04250,31-40,West,34,Classic
C04251,41-50,North,22,Gold
C04252,21-30,South,40,Gold
C04253,41-50,West,33,Gold
C04254,21-30,West,16,Gold
C04255,51+,West,22,Classic
C04256,51+,North,66,Platinum
C04257,21-30,South,69,Platinum
C04258,31-40,West,26,Classic
C04259,31-40,South,64,Gold
C04260,41-50,South,25,Gold
C04261,31-40,West,36,Classic
C04262,41-50,North,77,Platinum
C04263,21-30,West,52,Classic
C04264,21-30,West,32,Classic
C04265,41-50,North,30,Classic
C04266,41-50,West,13,Gold
C04267,41-50,South,22,Gold
C04268,41-50,West,22,Classic
C04269,41-50,West,28,Platinum
C04270,31-40,West,22,Gold
C04271,51+,North,42,Gold
C04272,41-50,West,39,Gold
C04273,51+,West,27,Platinum
C04274,51+,East,50,Classic
C04275,31-40,East,44,Classic
C04276,41-50,North,65,Platinum
C04277,41-50,West,37,Gold
C04278,21-30,North,42,Platinum
C04279,41-50,South,46,Classic
C04280,31-40,West,17,Classic
C04281,31-40,West,58,Classic
C04282,21-30,West,40,Platinum
C04283,41-50,South,11,Gold
C04284,41-50,North,65,Gold
C04285,31-40,South,54,Gold
C04286,21-30,North,47,Platinum
C04287,31-40,West,51,Gold
C04288,21-30,East,42,Platinum
C04289,31-40,South,26,Classic
C04290,31-40,North,21,Classic
C04291,51+,South,64,Gold
C04292,31-40,West,50,Platinum
C04293,31-40,West,62,Gold
C04294,51+,North,20,Classic
C04295,31-40,North,41,Classic
C04296,51+,South,47,Classic
C04297,21-30,North,17,Classic
C04298,31-40,West,23,Gold
C04299,21-30,East,10,Classic
C04300,31-40,North,34,Classic
C04301,51+,West,7,Classic
C04302,41-50,South,41,Classic
C04303,41-50,North,31,Gold
C04304,31-40,East,50,Classic
C04305,51+,North,60,Platinum
C04306,31-40,South,69,Gold
C04307,31-40,West,6,Gold
C04308,51+,West,42,Gold
C04309,31-40,South,48,Classic
C04310,31-40,East,18,Classic
C04311,21-30,North,3,Classic
C04312,21-30,East,36,Gold
C04313,41-50,North,23,Gold
C04314,31-40,East,23,Gold
C04315,51+,North,44,Platinum
C04316,21-30,West,22,Classic
C04317,41-50,West,52,Classic
C04318,41-50,South,34,Platinum
C04319,41-50,West,44,Classic
C04320,31-40,North,38,Platinum
C04321,31-40,West,36,Gold
C04322,41-50,North,14,Gold
C04323,51+,North,13,Gold
C04324,31-40,East,73,Platinum
C04325,31-40,South,62,Classic
C04326,41-50,South,9,Classic
C04327,31-40,South,68,Gold
C04328,21-30,North,33,Classic
C04329,51+,North,33,Classic
C04330,21-30,East,50,Classic
C04331,21-30,East,56,Classic
C04332,41-50,North,12,Classic
C04333,21-30,South,75,Platinum
C04334,21-30,East,7,Gold
C04335,21-30,East,27,Classic
C04336,21-30,West,57,Gold
C04337,31-40,South,52,Gold
C04338,41-50,South,62,Gold
C04339,31-40,East,13,Classic
C04340,31-40,South,22,Classic
C04341,41-50,North,61,Gold
C04342,31-40,North,59,Platinum
C04343,31-40,West,23,Classic
C04344,31-40,North,28,Platinum
C04345,31-40,East,21,Platinum
C04346,31-40,East,55,Classic
C04347,21-30,South,23,Platinum
C04348,51+,West,38,Classic
C04349,51+,East,8,Classic
C04350,51+,North,28,Classic
C04351,21-30,West,41,Gold
C04352,41-50,South,57,Gold
C04353,31-40,South,3,Classic
C04354,21-30,West,67,Gold
C04355,51+,East,61,Classic
C04356,41-50,South,10,Classic
C04357,21-30,West,32,Classic
C04358,51+,East,52,Classic
C04359,21-30,East,29,Classic
C04360,31-40,North,8,Gold
C04361,21-30,North,50,Classic
C04362,21-30,South,30,Gold
C04363,51+,East,5,Gold
C04364,31-40,South,63,Gold
C04365,31-40,West,28,Gold
C04366,41-50,North,63,Platinum
C04367,51+,West,6,Classic
C04368,51+,West,24,Classic
C04369,51+,West,50,Classic
C04370,51+,West,59,Platinum
C04371,41-50,West,56,Classic
C04372,31-40,North,59,Platinum
C04373,51+,East,45,Classic
C04374,21-30,West,55,Gold
C04375,21-30,East,19,Classic
C04376,31-40,North,32,Classic
C04377,31-40,West,14,Gold
C04378,41-50,North,27,Gold
C04379,51+,South,38,Gold
C04380,31-40,North,73,Platinum
C04381,31-40,South,18,Classic
C04382,31-40,South,35,Classic
C04383,41-50,South,40,Classic
C04384,21-30,West,11,Classic
C04385,21-30,South,38,Gold
C04386,41-50,South,39,Classic
C04387,31-40,West,45,Classic
C04388,31-40,West,45,Gold
C04389,31-40,North,21,Classic
C04390,21-30,North,29,Classic
C04391,41-50,East,39,Classic
C04392,31-40,West,20,Classic
C04393,31-40,East,22,Classic
C04394,51+,North,14,Classic
C04395,41-50,West,46,Classic
C04396,21-30,East,30,Gold
C04397,41-50,East,50,Classic
C04398,21-30,West,51,Classic
C04399,21-30,West,29,Classic
C04400,41-50,East,33,Classic
C04401,21-30,East,22,Gold
C04402,31-40,East,56,Gold
C04403,51+,South,72,Gold
C04404,41-50,South,44,Classic
C04405,51+,West,3,Classic
C04406,51+,East,4,Classic
C04407,31-40,South,55,Gold
C04408,41-50,North,28,Classic
C04409,31-40,West,34,Gold
C04410,41-50,East,42,Classic
C04411,31-40,South,43,Classic
C04412,21-30,South,63,Platinum
C04413,21-30,North,25,Classic
C04414,41-50,West,51,Classic
C04415,21-30,West,33,Classic
C04416,31-40,East,36,Gold
C04417,51+,South,16,Classic
C04418,41-50,West,66,Platinum
C04419,31-40,South,71,Platinum
C04420,21-30,West,9,Classic
C04421,51+,North,35,Gold
C04422,31-40,North,25,Classic
C04423,31-40,East,3,Gold
C04424,51+,North,40,Classic
C04425,21-30,East,12,Classic
C04426,31-40,West,31,Classic
C04427,21-30,North,33,Gold
C04428,21-30,South,75,Platinum
C04429,31-40,East,50,Classic
C04430,41-50,West,47,Classic
C04431,31-40,South,37,Platinum
C04432,41-50,North,52,Platinum
C04433,41-50,East,23,Classic
C04434,51+,South,33,Gold
C04435,21-30,West,10,Classic
C04436,41-50,East,24,Classic
C04437,21-30,North,41,Gold
C04438,41-50,West,34,Gold
C04439,31-40,South,46,Classic
C04440,41-50,North,41,Gold
C04441,21-30,East,49,Platinum
C04442,41-50,West,39,Gold
C04443,21-30,West,35,Classic
C04444,21-30,North,59,Classic
C04445,41-50,West,75,Gold
C04446,31-40,North,9,Platinum
C04447,41-50,South,35,Classic
C04448,41-50,South,24,Classic
C04449,41-50,North,26,Gold
C04450,41-50,South,48,Gold
C04451,41-50,West,28,Classic
C04452,51+,North,47,Platinum
C04453,21-30,West,6,Classic
C04454,31-40,East,33,Gold
C04455,41-50,South,7,Gold
C04456,21-30,North,36,Platinum
C04457,31-40,North,40,Gold
C04458,31-40,North,3,Gold
C04459,31-40,East,39,Platinum
C04460,31-40,West,39,Classic
C04461,41-50,West,34,Classic
C04462,41-50,North,63,Gold
C04463,41-50,North,61,Classic
C04464,31-40,North,42,Classic
C04465,41-50,West,65,Classic
C04466,41-50,North,51,Classic
C04467,21-30,North,35,Gold
C04468,21-30,East,3,Platinum
C04469,31-40,East,54,Platinum
C04470,51+,North,42,Gold
C04471,31-40,East,52,Classic
C04472,21-30,North,39,Platinum
C04473,21-30,North,3,Classic
C04474,21-30,North,55,Classic
C04475,31-40,South,21,Classic
C04476,41-50,West,10,Classic
C04477,31-40,South,10,Classic
C04478,41-50,West,26,Classic
C04479,21-30,South,30,Classic
C04480,31-40,West,36,Gold
C04481,41-50,West,23,Gold
C04482,41-50,South,6,Platinum
C04483,51+,West,27,Classic
C04484,31-40,East,63,Classic
C04485,31-40,West,44,Gold
C04486,41-50,North,37,Gold
C04487,21-30,East,35,Classic
C04488,41-50,South,42,Platinum
C04489,31-40,West,54,Gold
C04490,21-30,West,23,Gold
C04491,41-50,South,19,Gold
C04492,41-50,West,3,Classic
C04493,51+,West,45,Platinum
C04494,51+,East,47,Platinum
C04495,31-40,North,53,Classic
C04496,41-50,North,52,Classic
C04497,51+,North,17,Classic
C04498,21-30,North,3,Classic
C04499,31-40,West,44,Gold
C04500,51+,North,27,Gold
C04501,21-30,East,78,Platinum
C04502,51+,East,16,Gold
C04503,31-40,East,19,Gold
C04504,51+,North,9,Classic
C04505,41-50,East,74,Platinum
C04506,41-50,East,48,Gold
C04507,41-50,East,56,Classic
C04508,21-30,North,43,Gold
C04509,41-50,West,29,Classic
C04510,51+,North,47,Platinum
C04511,51+,East,28,Classic
C04512,51+,South,24,Classic
C04513,41-50,North,49,Classic
C04514,41-50,West,41,Gold
C04515,31-40,North,68,Platinum
C04516,41-50,West,27,Platinum
C04517,41-50,West,42,Gold
C04518,21-30,South,40,Gold
C04519,21-30,South,15,Classic
C04520,41-50,North,45,Gold
C04521,31-40,West,81,Platinum
C04522,31-40,East,38,Classic
C04523,21-30,North,37,Gold
C04524,41-50,South,53,Classic
C04525,51+,North,38,Gold
C04526,41-50,East,7,Classic
C04527,51+,South,32,Gold
C04528,51+,North,34,Classic
C04529,21-30,West,56,Classic
C04530,21-30,North,26,Classic
C04531,21-30,South,3,Classic
C04532,21-30,East,33,Classic
C04533,31-40,West,13,Gold
C04534,31-40,South,3,Classic
C04535,51+,West,3,Classic
C04536,41-50,South,52,Gold
C04537,31-40,West,29,Classic
C04538,51+,North,42,Classic
C04539,51+,West,32,Gold
C04540,41-50,North,42,Gold
C04541,41-50,West,63,Platinum
C04542,51+,West,55,Gold
C04543,41-50,South,61,Classic
C04544,51+,South,14,Platinum
C04545,21-30,East,33,Classic
C04546,31-40,North,30,Platinum
C04547,31-40,East,45,Gold
C04548,21-30,East,53,Classic
C04549,21-30,South,21,Classic
C04550,21-30,North,47,Gold
C04551,31-40,West,60,Gold
C04552,21-30,North,49,Classic
C04553,31-40,East,63,Gold
C04554,41-50,North,23,Classic
C04555,41-50,North,49,Gold
C04556,41-50,North,37,Gold
C04557,21-30,South,26,Platinum
C04558,41-50,East,18,Classic
C04559,21-30,South,65,Platinum
C04560,31-40,East,30,Classic
C04561,31-40,East,32,Classic
C04562,51+,North,44,Classic
C04563,51+,North,35,Gold
C04564,41-50,East,14,Classic
C04565,41-50,East,38,Gold
C04566,31-40,East,42,Classic
C04567,41-50,North,42,Classic
C04568,21-30,West,69,Platinum
C04569,31-40,North,16,Classic
C04570,51+,East,19,Classic
C04571,51+,North,42,Classic
C04572,31-40,East,36,Gold
C04573,21-30,South,32,Platinum
C04574,21-30,West,35,Platinum
C04575,31-40,North,44,Classic
C04576,21-30,East,52,Gold
C04577,41-50,North,19,Classic
C04578,21-30,East,60,Classic
C04579,21-30,North,9,Platinum
C04580,31-40,North,58,Gold
C04581,41-50,West,24,Gold
C04582,31-40,North,44,Gold
C04583,31-40,North,29,Gold
C04584,41-50,West,50,Classic
C04585,41-50,West,32,Classic
C04586,31-40,West,19,Platinum
C04587,41-50,South,15,Gold
C04588,31-40,South,58,Gold
C04589,41-50,West,28,Classic
C04590,31-40,North,36,Platinum
C04591,51+,West,26,Classic
C04592,51+,North,14,Classic
C04593,41-50,West,41,Gold
C04594,51+,East,45,Classic
C04595,21-30,South,48,Classic
C04596,41-50,South,34,Classic
C04597,21-30,North,36,Classic
C04598,31-40,South,20,Classic
C04599,31-40,West,40,Classic
C04600,41-50,South,20,Gold
C04601,41-50,South,27,Classic
C04602,51+,North,63,Gold
C04603,31-40,East,49,Gold
C04604,51+,South,3,Classic
C04605,51+,North,33,Gold
C04606,41-50,West,60,Gold
C04607,21-30,South,34,Gold
C04608,31-40,South,53,Classic
C04609,41-50,West,55,Gold
C04610,51+,South,39,Gold
C04611,21-30,West,47,Classic
C04612,31-40,East,22,Classic
C04613,31-40,East,52,Gold
C04614,31-40,North,15,Classic
C04615,41-50,North,50,Gold
C04616,21-30,South,37,Classic
C04617,31-40,North,44,Gold
C04618,41-50,North,28,Platinum
C04619,31-40,East,3,Classic
C04620,21-30,West,17,Gold
C04621,41-50,North,46,Classic
C04622,31-40,West,48,Gold
C04623,51+,West,6,Classic
C04624,41-50,West,46,Classic
C04625,51+,West,50,Platinum
C04626,21-30,West,22,Classic
C04627,41-50,North,35,Platinum
C04628,31-40,South,41,Classic
C04629,41-50,West,36,Classic
C04630,31-40,East,63,Platinum
C04631,21-30,West,28,Gold
C04632,21-30,West,3,Platinum
C04633,41-50,North,41,Classic
C04634,41-50,South,39,Classic
C04635,21-30,East,24,Platinum
C04636,41-50,North,66,Platinum
C04637,41-50,East,42,Classic
C04638,31-40,West,35,Gold
C04639,31-40,East,46,Gold
C04640,51+,North,63,Classic
C04641,41-50,West,44,Platinum
C04642,41-50,North,53,Classic
C04643,41-50,West,15,Platinum
C04644,41-50,North,33,Gold
C04645,21-30,West,41,Gold
C04646,51+,South,58,Gold
C04647,31-40,South,54,Gold
C04648,41-50,South,44,Classic
C04649,51+,North,48,Classic
C04650,41-50,South,25,Platinum
C04651,31-40,West,44,Classic
C04652,21-30,West,34,Gold
C04653,31-40,North,56,Platinum
C04654,41-50,East,36,Platinum
C04655,21-30,West,51,Classic
C04656,21-30,West,53,Gold
C04657,51+,South,49,Gold
C04658,31-40,North,53,Classic
C04659,31-40,West,23,Classic
C04660,31-40,South,39,Gold
C04661,41-50,South,29,Classic
C04662,31-40,West,47,Gold
C04663,41-50,North,18,Classic
C04664,31-40,West,48,Platinum
C04665,21-30,North,19,Classic
C04666,31-40,West,34,Classic
C04667,21-30,West,23,Gold
C04668,41-50,West,50,Gold
C04669,21-30,West,38,Gold
C04670,21-30,West,50,Classic
C04671,31-40,North,43,Classic
C04672,21-30,West,25,Classic
C04673,31-40,West,73,Classic
C04674,31-40,South,45,Classic
C04675,51+,South,33,Classic
C04676,21-30,North,52,Classic
C04677,31-40,East,74,Platinum
C04678,41-50,West,62,Gold
C04679,21-30,South,66,Platinum
C04680,41-50,South,51,Platinum
C04681,51+,East,44,Gold
C04682,41-50,North,44,Platinum
C04683,51+,West,32,Classic
C04684,41-50,North,43,Gold
C04685,31-40,North,53,Platinum
C04686,51+,North,31,Classic
C04687,21-30,West,52,Classic
C04688,31-40,West,10,Gold
C04689,41-50,North,9,Gold
C04690,51+,North,40,Gold
C04691,51+,South,4,Classic
C04692,21-30,North,59,Gold
C04693,41-50,West,41,Classic
C04694,21-30,North,27,Gold
C04695,41-50,South,46,Classic
C04696,41-50,South,54,Platinum
C04697,21-30,South,52,Classic
C04698,41-50,South,16,Gold
C04699,31-40,North,42,Gold
C04700,31-40,North,31,Classic
C04701,51+,North,53,Classic
C04702,41-50,North,4,Gold
C04703,31-40,West,25,Classic
C04704,21-30,North,39,Gold
C04705,21-30,South,60,Classic
C04706,21-30,North,45,Gold
C04707,31-40,West,45,Platinum
C04708,31-40,West,48,Gold
C04709,31-40,West,33,Gold
C04710,41-50,East,48,Classic
C04711,21-30,West,39,Gold
C04712,41-50,South,38,Gold
C04713,51+,West,4,Classic
C04714,21-30,West,63,Gold
C04715,41-50,North,22,Platinum
C04716,21-30,South,43,Classic
C04717,31-40,North,56,Platinum
C04718,41-50,North,14,Classic
C04719,21-30,West,7,Classic
C04720,31-40,North,31,Gold
C04721,51+,West,12,Classic
C04722,21-30,West,21,Gold
C04723,41-50,South,55,Classic
C04724,41-50,South,14,Classic
C04725,21-30,East,72,Gold
C04726,41-50,West,39,Classic
C04727,31-40,North,22,Classic
C04728,21-30,North,28,Platinum
C04729,51+,East,8,Classic
C04730,31-40,West,29,Gold
C04731,41-50,North,62,Classic
C04732,21-30,South,52,Classic
C04733,21-30,West,41,Gold
C04734,41-50,North,59,Gold
C04735,41-50,North,34,Classic
C04736,31-40,East,28,Classic
C04737,41-50,North,49,Classic
C04738,31-40,North,58,Platinum
C04739,31-40,East,84,Gold
C04740,41-50,East,21,Gold
C04741,41-50,South,55,Classic
C04742,31-40,South,55,Gold
C04743,41-50,East,30,Classic
C04744,31-40,East,37,Classic
C04745,51+,West,58,Platinum
C04746,41-50,West,50,Gold
C04747,31-40,East,13,Gold
C04748,31-40,West,13,Gold
C04749,51+,West,64,Gold
C04750,51+,North,65,Platinum
C04751,21-30,West,65,Gold
C04752,31-40,West,3,Classic
C04753,31-40,South,29,Classic
C04754,51+,North,10,Classic
C04755,51+,East,62,Classic
C04756,41-50,South,12,Classic
C04757,31-40,West,27,Platinum
C04758,51+,South,45,Classic
C04759,21-30,North,48,Classic
C04760,31-40,North,34,Gold
C04761,31-40,West,33,Gold
C04762,31-40,North,10,Classic
C04763,31-40,West,49,Classic
C04764,21-30,North,13,Classic
C04765,21-30,South,39,Classic
C04766,41-50,South,33,Gold
C04767,21-30,North,10,Classic
C04768,31-40,East,17,Classic
C04769,21-30,East,56,Gold
C04770,31-40,North,39,Platinum
C04771,31-40,South,3,Gold
C04772,41-50,West,51,Classic
C04773,31-40,West,64,Gold
C04774,31-40,South,7,Classic
C04775,41-50,West,61,Platinum
C04776,21-30,North,65,Gold
C04777,41-50,North,42,Platinum
C04778,21-30,East,64,Classic
C04779,51+,East,33,Classic
C04780,21-30,West,33,Classic
C04781,31-40,North,22,Gold
C04782,41-50,South,53,Platinum
C04783,31-40,East,51,Platinum
C04784,41-50,North,20,Classic
C04785,21-30,South,40,Gold
C04786,31-40,East,59,Classic
C04787,51+,North,40,Gold
C04788,51+,South,18,Classic
C04789,31-40,North,49,Platinum
C04790,31-40,West,31,Platinum
C04791,41-50,North,3,Classic
C04792,41-50,North,78,Platinum
C04793,51+,North,52,Gold
C04794,41-50,North,66,Classic
C04795,31-40,North,59,Gold
C04796,41-50,East,38,Classic
C04797,31-40,North,33,Classic
C04798,21-30,North,3,Platinum
C04799,41-50,North,25,Gold
C04800,41-50,South,47,Platinum
C04801,21-30,North,33,Platinum
C04802,41-50,East,39,Platinum
C04803,31-40,East,54,Gold
C04804,21-30,West,17,Platinum
C04805,41-50,North,42,Classic
C04806,41-50,West,14,Classic
C04807,31-40,East,28,Platinum
C04808,21-30,North,28,Classic
C04809,31-40,South,49,Platinum
C04810,21-30,West,11,Gold
C04811,51+,South,31,Classic
C04812,31-40,South,16,Classic
C04813,51+,East,23,Platinum
C04814,21-30,North,47,Classic
C04815,21-30,West,48,Classic
C04816,31-40,North,36,Platinum
C04817,41-50,North,39,Classic
C04818,51+,North,21,Classic
C04819,31-40,South,13,Classic
C04820,31-40,West,26,Classic
C04821,21-30,West,42,Classic
C04822,31-40,West,32,Classic
C04823,31-40,South,38,Gold
C04824,51+,South,20,Platinum
C04825,31-40,South,42,Gold
C04826,41-50,North,48,Platinum
C04827,41-50,West,33,Platinum
C04828,21-30,South,49,Classic
C04829,31-40,South,24,Classic
C04830,51+,South,42,Gold
C04831,31-40,West,21,Gold
C04832,31-40,North,33,Classic
C04833,51+,West,21,Gold
C04834,21-30,West,40,Classic
C04835,51+,West,43,Classic
C04836,31-40,North,15,Classic
C04837,31-40,North,68,Platinum
C04838,31-40,South,55,Platinum
C04839,31-40,West,45,Gold
C04840,21-30,West,16,Platinum
C04841,21-30,East,57,Gold
C04842,31-40,North,33,Gold
C04843,31-40,North,29,Classic
C04844,41-50,East,48,Classic
C04845,21-30,North,50,Classic
C04846,21-30,East,34,Classic
C04847,21-30,West,69,Platinum
C04848,31-40,South,34,Classic
C04849,21-30,South,73,Gold
C04850,21-30,North,41,Gold
C04851,31-40,North,45,Classic
C04852,41-50,East,25,Gold
C04853,41-50,South,29,Classic
C04854,31-40,North,64,Platinum
C04855,51+,North,47,Platinum
C04856,41-50,North,40,Classic
C04857,41-50,East,3,Classic
C04858,21-30,East,16,Gold
C04859,21-30,South,60,Gold
C04860,31-40,South,35,Classic
C04861,21-30,North,22,Gold
C04862,41-50,South,37,Classic
C04863,31-40,North,35,Classic
C04864,21-30,West,37,Classic
C04865,21-30,North,39,Classic
C04866,21-30,South,52,Platinum
C04867,31-40,North,44,Classic
C04868,21-30,West,34,Classic
C04869,31-40,North,12,Gold
C04870,31-40,West,15,Platinum
C04871,31-40,North,47,Classic
C04872,51+,West,45,Classic
C04873,51+,East,32,Gold
C04874,31-40,North,3,Platinum
C04875,31-40,North,17,Gold
C04876,41-50,South,19,Platinum
C04877,51+,West,48,Gold
C04878,31-40,West,22,Classic
C04879,21-30,North,51,Gold
C04880,41-50,South,28,Classic
C04881,21-30,North,37,Classic
C04882,41-50,North,11,Classic
C04883,21-30,East,3,Classic
C04884,21-30,South,39,Gold
C04885,41-50,North,32,Classic
C04886,41-50,West,11,Classic
C04887,31-40,West,56,Platinum
C04888,41-50,West,12,Classic
C04889,51+,North,62,Classic
C04890,31-40,West,50,Classic
C04891,51+,East,43,Gold
C04892,31-40,South,44,Gold
C04893,21-30,North,20,Classic
C04894,41-50,West,51,Gold
C04895,31-40,South,14,Platinum
C04896,51+,West,27,Classic
C04897,21-30,East,54,Classic
C04898,21-30,West,13,Gold
C04899,21-30,East,46,Gold
C04900,41-50,West,3,Classic
C04901,41-50,North,3,Classic
C04902,31-40,North,47,Classic
C04903,21-30,West,54,Classic
C04904,31-40,South,55,Gold
C04905,31-40,East,29,Classic
C04906,41-50,West,33,Classic
C04907,41-50,South,58,Classic
C04908,21-30,West,56,Gold
C04909,31-40,South,51,Gold
C04910,41-50,West,31,Gold
C04911,31-40,North,45,Gold
C04912,31-40,East,9,Platinum
C04913,41-50,West,34,Classic
C04914,31-40,North,44,Classic
C04915,21-30,South,49,Platinum
C04916,21-30,South,29,Classic
C04917,41-50,East,29,Classic
C04918,21-30,South,30,Classic
C04919,41-50,North,24,Gold
C04920,31-40,West,26,Platinum
C04921,31-40,North,38,Gold
C04922,41-50,South,33,Gold
C04923,31-40,East,39,Classic
C04924,21-30,North,62,Gold
C04925,21-30,North,13,Gold
C04926,41-50,West,28,Classic
C04927,31-40,East,34,Gold
C04928,41-50,North,31,Gold
C04929,31-40,West,45,Classic
C04930,31-40,South,47,Classic
C04931,31-40,North,14,Gold
C04932,21-30,East,17,Classic
C04933,41-50,South,33,Classic
C04934,21-30,North,42,Platinum
C04935,51+,West,8,Platinum
C04936,21-30,North,38,Classic
C04937,31-40,North,35,Gold
C04938,21-30,North,18,Classic
C04939,41-50,West,27,Platinum
C04940,21-30,West,50,Gold
C04941,31-40,West,27,Classic
C04942,51+,North,63,Classic
C04943,41-50,West,17,Platinum
C04944,21-30,East,71,Gold
C04945,41-50,South,22,Classic
C04946,31-40,North,38,Classic
C04947,21-30,West,14,Gold
C04948,31-40,North,25,Gold
C04949,41-50,East,27,Classic
C04950,31-40,South,36,Gold
C04951,41-50,North,33,Gold
C04952,41-50,West,34,Gold
C04953,31-40,West,50,Gold
C04954,31-40,South,27,Classic
C04955,41-50,East,32,Gold
C04956,31-40,South,45,Classic
C04957,21-30,West,10,Gold
C04958,31-40,North,24,Gold
C04959,51+,South,39,Classic
C04960,31-40,South,34,Classic
C04961,21-30,South,47,Gold
C04962,21-30,South,57,Platinum
C04963,21-30,North,14,Classic
C04964,51+,West,38,Classic
C04965,31-40,North,28,Classic
C04966,41-50,North,56,Gold
C04967,41-50,South,49,Gold
C04968,31-40,East,49,Classic
C04969,41-50,North,62,Platinum
C04970,51+,South,19,Gold
C04971,41-50,West,26,Classic
C04972,41-50,North,60,Platinum
C04973,31-40,West,55,Gold
C04974,41-50,South,40,Gold
C04975,21-30,East,13,Classic
C04976,41-50,North,37,Classic
C04977,31-40,West,21,Classic
C04978,31-40,West,31,Gold
C04979,51+,North,26,Gold
C04980,41-50,North,29,Classic
C04981,21-30,North,53,Classic
C04982,41-50,North,54,Classic
C04983,51+,West,51,Gold
C04984,41-50,East,50,Gold
C04985,51+,East,50,Gold
C04986,41-50,West,48,Classic
C04987,51+,West,20,Classic
C04988,31-40,West,48,Classic
C04989,31-40,South,41,Gold
C04990,41-50,South,57,Platinum
C04991,51+,North,60,Gold
C04992,21-30,South,26,Gold
C04993,21-30,South,14,Classic
C04994,31-40,North,29,Classic
C04995,41-50,South,16,Gold
C04996,51+,South,51,Gold
C04997,31-40,South,42,Gold
C04998,21-30,North,41,Classic
C04999,31-40,South,32,Gold
C05000,51+,South,18,Gold
