customer_id,age_band,region,card_tier,tenure_months,txn_count,total_spend,avg_ticket,categories_used,recency_days,share_dining,share_entertainment,share_fuel,share_groceries,share_health,share_shopping,share_travel,share_utilities,segment
C00001,41-50,North,Classic,44,24,34275.37,1428.14,7,10,0.1241,0.1041,0.1225,0.1759,0.0775,0.2204,0.0,0.1755,Low-Engagement Occasional
C00002,41-50,East,Gold,59,185,190852.07,1031.63,8,5,0.0935,0.0969,0.2067,0.2554,0.0261,0.1074,0.0832,0.1308,Everyday Essentials Loyalists
C00003,21-30,West,Classic,33,35,47606.83,1360.2,8,2,0.0906,0.0353,0.0885,0.2499,0.1205,0.1648,0.023,0.2274,Low-Engagement Occasional
C00004,21-30,North,Classic,17,22,35651.96,1620.54,8,27,0.1363,0.0915,0.0312,0.1519,0.1109,0.2107,0.1506,0.1168,Low-Engagement Occasional
C00005,31-40,North,Gold,77,115,1020642.2,8875.15,8,3,0.168,0.0489,0.0175,0.0501,0.0557,0.1114,0.4966,0.0518,Premium Travel & Dining Elite
C00006,21-30,South,Classic,37,40,58368.76,1459.22,8,145,0.1418,0.0825,0.1792,0.2304,0.0387,0.0693,0.1786,0.0794,Lapsed / Dormant
C00007,31-40,West,Gold,33,28,37893.24,1353.33,8,20,0.0629,0.0531,0.1442,0.2788,0.113,0.1372,0.0703,0.1406,Low-Engagement Occasional
C00008,51+,East,Classic,27,30,51383.95,1712.8,8,6,0.2262,0.0113,0.199,0.0878,0.0097,0.1057,0.2173,0.1431,Low-Engagement Occasional
C00009,21-30,West,Platinum,55,113,900238.31,7966.71,8,7,0.1604,0.1061,0.0078,0.0831,0.0433,0.1532,0.4209,0.0252,Premium Travel & Dining Elite
C00010,31-40,South,Gold,21,124,264203.93,2130.68,8,2,0.0918,0.2278,0.0394,0.0726,0.0903,0.2832,0.1487,0.0461,Digital Shoppers (New)
C00011,41-50,North,Gold,44,174,199535.64,1146.76,8,1,0.0758,0.0984,0.1955,0.2792,0.0308,0.1361,0.0536,0.1306,Everyday Essentials Loyalists
C00012,31-40,South,Classic,53,61,99642.9,1633.49,8,144,0.1813,0.0927,0.1865,0.1774,0.0204,0.1118,0.1824,0.0476,Lapsed / Dormant
C00013,21-30,North,Classic,5,138,252088.99,1826.73,8,0,0.0883,0.2963,0.0216,0.0278,0.071,0.3513,0.0923,0.0514,Digital Shoppers (New)
C00014,21-30,West,Gold,28,33,49218.07,1491.46,7,39,0.0725,0.0106,0.063,0.3047,0.0,0.0675,0.2158,0.2659,Low-Engagement Occasional
C00015,51+,North,Classic,6,155,291950.28,1883.55,8,0,0.1052,0.2023,0.0463,0.0665,0.0459,0.3715,0.1243,0.0381,Digital Shoppers (New)
C00016,21-30,North,Gold,40,179,181871.3,1016.04,8,1,0.1311,0.0494,0.2089,0.2638,0.0241,0.1334,0.0425,0.1469,Everyday Essentials Loyalists
C00017,41-50,South,Platinum,12,138,272566.87,1975.12,8,2,0.1209,0.2657,0.0358,0.0184,0.0361,0.3319,0.1315,0.0598,Digital Shoppers (New)
C00018,41-50,South,Platinum,78,110,855391.62,7776.29,8,0,0.1712,0.0921,0.0167,0.0134,0.0394,0.1135,0.5442,0.0095,Premium Travel & Dining Elite
C00019,31-40,East,Classic,27,27,35418.66,1311.8,8,3,0.1756,0.0555,0.0776,0.109,0.07,0.2151,0.0945,0.2028,Low-Engagement Occasional
C00020,41-50,South,Classic,3,160,296376.57,1852.35,8,2,0.1037,0.2492,0.0586,0.0299,0.068,0.349,0.1056,0.0361,Digital Shoppers (New)
C00021,21-30,West,Gold,43,22,35341.34,1606.42,8,13,0.0766,0.0718,0.1365,0.1462,0.0768,0.1007,0.2725,0.1189,Low-Engagement Occasional
C00022,31-40,West,Platinum,46,198,217100.55,1096.47,8,0,0.0711,0.0268,0.253,0.24,0.0602,0.1061,0.0989,0.1439,Everyday Essentials Loyalists
C00023,31-40,West,Classic,46,32,36376.9,1136.78,8,219,0.0923,0.119,0.1466,0.066,0.1998,0.1314,0.1093,0.1356,Lapsed / Dormant
C00024,51+,East,Classic,43,21,30255.01,1440.71,7,258,0.2175,0.031,0.1768,0.1459,0.0,0.1257,0.2052,0.0979,Lapsed / Dormant
C00025,21-30,East,Platinum,20,28,37772.23,1349.01,8,2,0.0744,0.187,0.1412,0.1131,0.0943,0.0958,0.1162,0.178,Low-Engagement Occasional
C00026,21-30,East,Classic,61,193,224634.18,1163.91,8,0,0.0724,0.0861,0.2633,0.2452,0.0313,0.138,0.0738,0.0899,Everyday Essentials Loyalists
C00027,51+,South,Classic,14,144,300760.62,2088.62,8,2,0.1208,0.2588,0.0446,0.0688,0.0184,0.3784,0.052,0.0581,Digital Shoppers (New)
C00028,21-30,South,Platinum,42,105,838701.32,7987.63,8,5,0.1604,0.0868,0.0086,0.0533,0.0412,0.1226,0.5184,0.0086,Premium Travel & Dining Elite
C00029,51+,East,Platinum,45,172,187543.0,1090.37,8,1,0.0619,0.052,0.1769,0.3856,0.0768,0.1016,0.0523,0.093,Everyday Essentials Loyalists
C00030,41-50,North,Classic,42,31,40372.49,1302.34,8,19,0.2247,0.1387,0.0149,0.0909,0.0446,0.1915,0.1254,0.1694,Low-Engagement Occasional
C00031,31-40,North,Classic,31,25,29865.97,1194.64,7,5,0.1056,0.0,0.2723,0.224,0.025,0.0864,0.1574,0.1294,Low-Engagement Occasional
C00032,41-50,West,Gold,38,45,60049.91,1334.44,8,127,0.0583,0.146,0.1623,0.1645,0.0396,0.0848,0.2198,0.1246,Low-Engagement Occasional
C00033,41-50,North,Classic,32,177,216108.3,1220.95,8,0,0.0465,0.06,0.2121,0.3298,0.0037,0.082,0.104,0.1619,Everyday Essentials Loyalists
C00034,21-30,South,Classic,32,161,190283.76,1181.89,8,2,0.086,0.0252,0.1664,0.3714,0.0188,0.0912,0.105,0.136,Everyday Essentials Loyalists
C00035,51+,East,Classic,29,155,309010.42,1993.62,8,0,0.1195,0.2405,0.0455,0.0628,0.0518,0.3262,0.1021,0.0517,Digital Shoppers (New)
C00036,51+,North,Classic,41,179,216716.34,1210.71,8,1,0.0748,0.0491,0.2269,0.2867,0.0208,0.1112,0.1392,0.0914,Everyday Essentials Loyalists
C00037,51+,West,Platinum,43,113,927048.71,8203.97,8,3,0.0818,0.0448,0.024,0.0613,0.0499,0.1232,0.5843,0.0307,Premium Travel & Dining Elite
C00038,41-50,North,Classic,17,149,280357.66,1881.6,8,1,0.1047,0.228,0.0298,0.0503,0.0566,0.3435,0.1422,0.0448,Digital Shoppers (New)
C00039,31-40,West,Gold,43,171,185622.37,1085.51,8,1,0.1402,0.101,0.2057,0.2777,0.0332,0.1114,0.0343,0.0965,Everyday Essentials Loyalists
C00040,31-40,West,Classic,25,34,47911.47,1409.16,8,10,0.0997,0.0437,0.1354,0.1817,0.0986,0.2805,0.0839,0.0765,Low-Engagement Occasional
C00041,21-30,North,Gold,31,169,184599.98,1092.31,8,2,0.0866,0.0757,0.1966,0.2095,0.0358,0.0816,0.0765,0.2379,Everyday Essentials Loyalists
C00042,31-40,North,Platinum,19,30,40002.7,1333.42,8,2,0.0556,0.1551,0.0803,0.2366,0.0707,0.1825,0.0525,0.1666,Low-Engagement Occasional
C00043,41-50,South,Gold,40,32,48813.45,1525.42,8,15,0.0292,0.1125,0.0888,0.2134,0.1188,0.1199,0.0828,0.2345,Low-Engagement Occasional
C00044,41-50,South,Classic,44,170,187250.02,1101.47,8,1,0.0858,0.0467,0.2081,0.2894,0.0213,0.0742,0.1009,0.1735,Everyday Essentials Loyalists
C00045,31-40,North,Classic,34,35,47491.61,1356.9,8,19,0.0984,0.0767,0.0343,0.1894,0.1471,0.1975,0.1079,0.1487,Low-Engagement Occasional
C00046,31-40,West,Classic,32,26,45569.52,1752.67,7,0,0.1592,0.2354,0.1196,0.1324,0.0,0.108,0.093,0.1525,Low-Engagement Occasional
C00047,41-50,North,Platinum,45,156,171858.29,1101.66,8,4,0.124,0.0188,0.229,0.2619,0.0541,0.0824,0.0386,0.1911,Everyday Essentials Loyalists
C00048,31-40,West,Gold,37,146,164891.08,1129.39,8,1,0.1273,0.0398,0.1649,0.2648,0.0254,0.1033,0.0868,0.1877,Everyday Essentials Loyalists
C00049,51+,North,Classic,27,32,46946.06,1467.06,8,14,0.1283,0.1974,0.0285,0.1375,0.0731,0.1058,0.1551,0.1743,Low-Engagement Occasional
C00050,41-50,West,Platinum,71,122,975228.64,7993.68,8,0,0.2017,0.0622,0.0079,0.02,0.0397,0.1526,0.4535,0.0623,Premium Travel & Dining Elite
C00051,21-30,North,Classic,56,163,174214.44,1068.8,8,0,0.1178,0.0563,0.1818,0.3462,0.0452,0.067,0.0612,0.1245,Everyday Essentials Loyalists
C00052,21-30,South,Classic,47,104,896018.6,8615.56,7,2,0.1545,0.0902,0.0233,0.0956,0.0336,0.1441,0.4587,0.0,Premium Travel & Dining Elite
C00053,41-50,East,Classic,27,28,44856.84,1602.03,8,9,0.0654,0.1546,0.0268,0.1268,0.0694,0.1181,0.2228,0.2162,Low-Engagement Occasional
C00054,31-40,North,Gold,38,37,46939.05,1268.62,8,0,0.1154,0.0511,0.1088,0.1213,0.1222,0.1907,0.0547,0.2357,Low-Engagement Occasional
C00055,41-50,West,Classic,48,23,26718.56,1161.68,7,52,0.0413,0.0292,0.0,0.3023,0.0817,0.2646,0.1727,0.1081,Low-Engagement Occasional
C00056,21-30,North,Classic,47,24,29293.66,1220.57,7,0,0.0447,0.068,0.049,0.4116,0.0,0.1442,0.1728,0.1097,Low-Engagement Occasional
C00057,21-30,South,Classic,6,128,243109.55,1899.29,8,0,0.1231,0.2325,0.0403,0.0356,0.0487,0.3205,0.1342,0.0652,Digital Shoppers (New)
C00058,31-40,South,Classic,26,156,287148.41,1840.69,8,2,0.0982,0.2512,0.035,0.0451,0.0928,0.3271,0.0904,0.0601,Digital Shoppers (New)
C00059,41-50,East,Platinum,60,113,928438.8,8216.27,7,0,0.145,0.1119,0.006,0.0807,0.0456,0.2232,0.3875,0.0,Premium Travel & Dining Elite
C00060,51+,North,Gold,70,106,782990.95,7386.71,8,0,0.1653,0.1038,0.0246,0.0316,0.0211,0.0929,0.5494,0.0114,Premium Travel & Dining Elite
C00061,51+,North,Gold,37,27,33948.16,1257.34,8,40,0.1077,0.0928,0.1165,0.203,0.0447,0.242,0.0417,0.1514,Low-Engagement Occasional
C00062,31-40,North,Classic,3,138,272744.99,1976.41,8,4,0.0984,0.3362,0.0268,0.0676,0.0617,0.2673,0.097,0.0452,Digital Shoppers (New)
C00063,41-50,South,Classic,19,136,250767.35,1843.88,8,5,0.0496,0.3107,0.0357,0.0377,0.0562,0.3477,0.1333,0.029,Digital Shoppers (New)
C00064,21-30,North,Classic,40,29,33027.6,1138.88,8,3,0.0299,0.1802,0.0467,0.1283,0.0668,0.2218,0.2305,0.0958,Low-Engagement Occasional
C00065,31-40,West,Gold,13,122,244331.55,2002.72,8,0,0.0813,0.3291,0.0737,0.0592,0.0615,0.2598,0.0988,0.0366,Digital Shoppers (New)
C00066,51+,South,Classic,11,145,290521.26,2003.59,8,6,0.0847,0.2069,0.0144,0.0214,0.0597,0.2925,0.2207,0.0997,Digital Shoppers (New)
C00067,31-40,East,Gold,3,133,266554.36,2004.17,8,4,0.1071,0.1842,0.0454,0.0566,0.0533,0.3992,0.1241,0.0301,Digital Shoppers (New)
C00068,51+,South,Classic,48,174,194397.33,1117.23,8,2,0.1127,0.0568,0.1878,0.2562,0.0483,0.1047,0.0711,0.1624,Everyday Essentials Loyalists
C00069,21-30,North,Gold,62,124,876562.25,7069.05,8,1,0.1547,0.0647,0.0138,0.0754,0.0473,0.1414,0.4691,0.0337,Premium Travel & Dining Elite
C00070,21-30,South,Classic,32,207,227034.98,1096.79,8,1,0.1013,0.0568,0.2287,0.3065,0.0304,0.074,0.0969,0.1054,Everyday Essentials Loyalists
C00071,31-40,North,Gold,38,165,189234.15,1146.87,8,8,0.1043,0.0438,0.1152,0.3628,0.0231,0.0635,0.1152,0.172,Everyday Essentials Loyalists
C00072,51+,South,Classic,43,160,187016.11,1168.85,8,2,0.1171,0.0474,0.1787,0.3041,0.0703,0.0986,0.0877,0.0962,Everyday Essentials Loyalists
C00073,31-40,South,Classic,24,28,34436.74,1229.88,8,10,0.178,0.1452,0.0287,0.0601,0.0954,0.0514,0.2118,0.2294,Low-Engagement Occasional
C00074,41-50,South,Classic,42,173,205527.22,1188.02,8,3,0.0923,0.1065,0.2212,0.2207,0.0103,0.0999,0.0925,0.1565,Everyday Essentials Loyalists
C00075,21-30,West,Platinum,42,92,754072.52,8196.44,8,1,0.1347,0.0739,0.022,0.026,0.0469,0.2309,0.4139,0.0518,Premium Travel & Dining Elite
C00076,41-50,North,Classic,55,178,197774.73,1111.09,8,0,0.101,0.0702,0.21,0.2834,0.0357,0.1222,0.0532,0.1244,Everyday Essentials Loyalists
C00077,31-40,South,Gold,42,140,171980.62,1228.43,8,0,0.1509,0.0383,0.1578,0.2833,0.0397,0.1129,0.0878,0.1293,Everyday Essentials Loyalists
C00078,21-30,North,Platinum,19,17,23830.42,1401.79,8,2,0.1506,0.0287,0.1232,0.1751,0.0485,0.0268,0.2006,0.2465,Low-Engagement Occasional
C00079,41-50,South,Classic,3,131,275301.43,2101.54,8,0,0.1559,0.26,0.0308,0.0755,0.0258,0.2597,0.1639,0.0283,Digital Shoppers (New)
C00080,41-50,West,Classic,40,22,30143.92,1370.18,7,8,0.1285,0.1866,0.1099,0.1426,0.0185,0.2004,0.0,0.2136,Low-Engagement Occasional
C00081,31-40,North,Gold,35,31,41104.68,1325.96,8,1,0.0729,0.0902,0.1603,0.1822,0.0764,0.133,0.0634,0.2217,Low-Engagement Occasional
C00082,21-30,East,Gold,44,160,187886.2,1174.29,8,2,0.1217,0.0359,0.2145,0.3075,0.0447,0.0721,0.0404,0.1632,Everyday Essentials Loyalists
C00083,21-30,South,Classic,38,25,34359.6,1374.38,7,10,0.1435,0.0832,0.1266,0.2172,0.0622,0.042,0.0,0.3253,Low-Engagement Occasional
C00084,51+,North,Classic,50,169,176087.07,1041.94,8,0,0.0844,0.1208,0.1633,0.2968,0.0116,0.1262,0.0512,0.1456,Everyday Essentials Loyalists
C00085,41-50,West,Gold,61,84,778091.76,9263.0,7,5,0.1204,0.0506,0.0,0.0622,0.0069,0.134,0.5834,0.0426,Premium Travel & Dining Elite
C00086,41-50,South,Gold,57,135,1090792.06,8079.94,8,1,0.1556,0.0677,0.0215,0.1112,0.0336,0.1005,0.4835,0.0264,Premium Travel & Dining Elite
C00087,41-50,West,Classic,25,33,44983.55,1363.14,8,4,0.2538,0.0665,0.0123,0.1786,0.0596,0.1696,0.0348,0.2249,Low-Engagement Occasional
C00088,41-50,South,Classic,18,112,230149.37,2054.91,8,1,0.1362,0.1694,0.0153,0.0333,0.0341,0.3182,0.2524,0.0412,Digital Shoppers (New)
C00089,21-30,West,Gold,55,168,186479.67,1110.0,8,5,0.0481,0.0621,0.212,0.3508,0.0469,0.0785,0.0837,0.1179,Everyday Essentials Loyalists
C00090,31-40,North,Classic,12,135,253198.72,1875.55,8,2,0.0852,0.1878,0.0268,0.0358,0.1331,0.3474,0.1418,0.0421,Digital Shoppers (New)
C00091,41-50,South,Classic,56,169,190481.07,1127.11,8,2,0.0842,0.0778,0.1894,0.285,0.0738,0.0979,0.0549,0.1369,Everyday Essentials Loyalists
C00092,21-30,West,Classic,33,35,47364.26,1353.26,8,24,0.0881,0.1425,0.1491,0.1166,0.097,0.1134,0.1953,0.098,Low-Engagement Occasional
C00093,21-30,South,Platinum,17,156,296334.55,1899.58,8,3,0.1156,0.1995,0.0471,0.087,0.0647,0.3108,0.0952,0.0801,Digital Shoppers (New)
C00094,41-50,South,Classic,66,181,196833.71,1087.48,8,1,0.109,0.0572,0.2502,0.2403,0.0313,0.1043,0.0695,0.1383,Everyday Essentials Loyalists
C00095,51+,West,Classic,58,187,199209.77,1065.29,8,0,0.0859,0.0387,0.1792,0.3013,0.015,0.0997,0.0933,0.1869,Everyday Essentials Loyalists
C00096,41-50,East,Gold,30,124,233940.59,1886.62,8,9,0.1361,0.2054,0.0289,0.0782,0.0704,0.2713,0.1906,0.0189,Digital Shoppers (New)
C00097,21-30,East,Classic,34,187,208860.79,1116.9,8,1,0.1302,0.0553,0.2118,0.2783,0.0608,0.0576,0.0975,0.1084,Everyday Essentials Loyalists
C00098,51+,East,Gold,81,96,833368.77,8680.92,8,1,0.1356,0.085,0.0081,0.0707,0.0357,0.1266,0.5347,0.0036,Premium Travel & Dining Elite
C00099,21-30,West,Gold,59,115,1010160.14,8784.0,8,5,0.1433,0.0857,0.0273,0.0797,0.0362,0.0884,0.5243,0.0152,Premium Travel & Dining Elite
C00100,21-30,West,Classic,45,20,23407.73,1170.39,6,301,0.101,0.0,0.2711,0.2834,0.0268,0.2066,0.0,0.111,Lapsed / Dormant
C00101,51+,East,Platinum,26,39,49115.3,1259.37,8,213,0.0885,0.0123,0.1422,0.0828,0.0814,0.1943,0.1146,0.284,Lapsed / Dormant
C00102,41-50,North,Classic,33,32,47761.44,1492.55,6,9,0.0,0.2501,0.1117,0.1315,0.1009,0.1457,0.0,0.2601,Low-Engagement Occasional
C00103,51+,North,Gold,31,157,179835.79,1145.45,8,4,0.0675,0.0961,0.15,0.2842,0.0229,0.0975,0.1384,0.1433,Everyday Essentials Loyalists
C00104,41-50,East,Classic,52,46,70794.87,1539.02,8,163,0.0871,0.115,0.1344,0.1618,0.0366,0.1573,0.1822,0.1255,Lapsed / Dormant
C00105,41-50,West,Classic,18,28,57278.01,2045.64,8,14,0.1014,0.0823,0.0744,0.1454,0.0777,0.265,0.1979,0.0558,Low-Engagement Occasional
C00106,31-40,South,Classic,47,38,57454.41,1511.96,8,13,0.0866,0.0979,0.0804,0.3212,0.0725,0.0884,0.0333,0.2196,Low-Engagement Occasional
C00107,31-40,North,Classic,19,123,218373.0,1775.39,8,1,0.1351,0.2699,0.017,0.0346,0.0127,0.3015,0.1752,0.054,Digital Shoppers (New)
C00108,51+,North,Classic,64,166,179297.38,1080.1,8,0,0.1211,0.0582,0.1955,0.3293,0.049,0.0803,0.0475,0.1192,Everyday Essentials Loyalists
C00109,51+,South,Platinum,49,101,912951.56,9039.12,8,0,0.1503,0.0955,0.0348,0.0224,0.0163,0.2,0.4166,0.0643,Premium Travel & Dining Elite
C00110,31-40,West,Gold,63,14,15151.51,1082.25,7,282,0.1226,0.1192,0.197,0.0,0.0566,0.1334,0.3258,0.0454,Lapsed / Dormant
C00111,31-40,North,Gold,3,133,289261.27,2174.9,8,1,0.1435,0.1514,0.0437,0.0607,0.1328,0.2127,0.1954,0.0598,Digital Shoppers (New)
C00112,31-40,East,Classic,44,191,219778.67,1150.67,8,0,0.0736,0.0513,0.2144,0.3537,0.0253,0.0758,0.0992,0.1067,Everyday Essentials Loyalists
C00113,31-40,West,Classic,35,165,181363.46,1099.17,8,0,0.1037,0.0452,0.2022,0.3076,0.0413,0.065,0.0446,0.1904,Everyday Essentials Loyalists
C00114,51+,West,Classic,9,125,234870.99,1878.97,8,1,0.1646,0.2113,0.0352,0.0324,0.0751,0.3318,0.1057,0.0438,Digital Shoppers (New)
C00115,21-30,North,Gold,36,161,185547.23,1152.47,8,1,0.0868,0.0649,0.188,0.2441,0.0404,0.1451,0.0683,0.1625,Everyday Essentials Loyalists
C00116,31-40,West,Classic,20,27,41862.02,1550.45,8,25,0.0476,0.128,0.1496,0.0895,0.0464,0.0815,0.2226,0.2348,Low-Engagement Occasional
C00117,51+,East,Classic,17,35,55144.5,1575.56,8,28,0.1207,0.0492,0.0719,0.1685,0.1109,0.0822,0.1758,0.221,Low-Engagement Occasional
C00118,31-40,West,Classic,25,29,38915.84,1341.93,7,25,0.1494,0.1008,0.0,0.1678,0.0913,0.1342,0.1666,0.1899,Low-Engagement Occasional
C00119,31-40,North,Classic,43,177,197256.95,1114.45,8,1,0.0812,0.0714,0.2058,0.2913,0.0271,0.0635,0.0771,0.1826,Everyday Essentials Loyalists
C00120,31-40,South,Classic,25,119,234529.31,1970.83,8,0,0.1241,0.1644,0.0246,0.0772,0.0481,0.3749,0.1384,0.0485,Digital Shoppers (New)
C00121,21-30,East,Classic,16,131,260596.72,1989.29,8,5,0.1315,0.1642,0.0395,0.026,0.1198,0.3081,0.1218,0.0892,Digital Shoppers (New)
C00122,21-30,South,Gold,25,145,261365.62,1802.52,8,1,0.1219,0.1512,0.0436,0.0131,0.0251,0.5007,0.0888,0.0555,Digital Shoppers (New)
C00123,21-30,South,Platinum,45,130,1064143.29,8185.72,8,1,0.1189,0.1087,0.0032,0.0239,0.076,0.1344,0.5108,0.0242,Premium Travel & Dining Elite
C00124,21-30,East,Classic,37,165,194259.06,1177.33,8,5,0.0762,0.0305,0.2046,0.3046,0.0494,0.0715,0.1489,0.1142,Everyday Essentials Loyalists
C00125,21-30,East,Gold,67,122,1031528.59,8455.15,8,0,0.1171,0.0945,0.0073,0.0745,0.0349,0.2094,0.4373,0.0249,Premium Travel & Dining Elite
C00126,31-40,North,Platinum,17,107,197915.61,1849.68,8,4,0.0893,0.2839,0.0816,0.0734,0.0405,0.3186,0.0683,0.0445,Digital Shoppers (New)
C00127,21-30,South,Gold,33,167,197870.77,1184.85,8,1,0.0813,0.0808,0.204,0.2742,0.0477,0.1045,0.0469,0.1608,Everyday Essentials Loyalists
C00128,51+,North,Classic,51,153,177469.35,1159.93,8,0,0.0858,0.0808,0.161,0.3753,0.0478,0.0731,0.0815,0.0946,Everyday Essentials Loyalists
C00129,21-30,West,Platinum,54,112,946612.66,8451.9,8,0,0.1592,0.0666,0.0336,0.0556,0.0552,0.141,0.4602,0.0287,Premium Travel & Dining Elite
C00130,31-40,West,Gold,6,131,257406.59,1964.94,8,0,0.114,0.1747,0.039,0.0414,0.0724,0.3178,0.2188,0.0218,Digital Shoppers (New)
C00131,51+,North,Classic,46,170,188199.41,1107.06,8,2,0.0541,0.0434,0.2127,0.3894,0.0639,0.1007,0.0516,0.0841,Everyday Essentials Loyalists
C00132,21-30,North,Classic,48,29,31275.32,1078.46,8,162,0.0232,0.0644,0.1497,0.1131,0.0568,0.373,0.0975,0.1223,Lapsed / Dormant
C00133,31-40,North,Gold,8,126,218038.05,1730.46,8,0,0.1235,0.2237,0.0555,0.0512,0.0438,0.3834,0.0728,0.0461,Digital Shoppers (New)
C00134,41-50,South,Gold,36,177,205877.64,1163.15,8,1,0.122,0.0685,0.1952,0.2943,0.0328,0.1284,0.0412,0.1176,Everyday Essentials Loyalists
C00135,31-40,West,Platinum,3,141,268561.58,1904.69,8,5,0.0998,0.1743,0.0787,0.0471,0.0206,0.414,0.1206,0.0449,Digital Shoppers (New)
C00136,21-30,South,Platinum,56,112,985065.73,8795.23,8,5,0.1733,0.0484,0.0061,0.0531,0.0445,0.144,0.5087,0.022,Premium Travel & Dining Elite
C00137,41-50,North,Classic,59,52,65576.46,1261.09,8,121,0.1476,0.0481,0.0956,0.1659,0.0305,0.2243,0.2296,0.0583,Lapsed / Dormant
C00138,41-50,North,Gold,16,145,284862.19,1964.57,8,3,0.1587,0.2559,0.0197,0.065,0.0414,0.276,0.0924,0.0908,Digital Shoppers (New)
C00139,31-40,North,Gold,39,36,47701.46,1325.04,8,7,0.1131,0.1229,0.1553,0.114,0.1187,0.0771,0.2186,0.0803,Low-Engagement Occasional
C00140,21-30,West,Classic,65,103,864438.32,8392.61,8,0,0.1581,0.0325,0.0225,0.0479,0.0496,0.1231,0.5359,0.0305,Premium Travel & Dining Elite
C00141,21-30,East,Classic,7,122,259805.39,2129.55,8,2,0.0765,0.2341,0.0339,0.0295,0.048,0.4131,0.1249,0.0399,Digital Shoppers (New)
C00142,41-50,East,Gold,3,125,212588.47,1700.71,8,4,0.1135,0.2188,0.0203,0.0093,0.0417,0.4705,0.0835,0.0424,Digital Shoppers (New)
C00143,31-40,South,Gold,38,9,11804.0,1311.56,4,288,0.0513,0.0,0.0,0.2456,0.0,0.122,0.5811,0.0,Lapsed / Dormant
C00144,21-30,West,Classic,7,118,221161.92,1874.25,8,1,0.116,0.1951,0.0469,0.1043,0.0104,0.4081,0.0775,0.0415,Digital Shoppers (New)
C00145,31-40,South,Classic,6,133,273066.74,2053.13,8,1,0.0825,0.1724,0.0438,0.059,0.0536,0.3946,0.0964,0.0978,Digital Shoppers (New)
C00146,51+,West,Classic,51,174,203194.79,1167.79,8,0,0.0878,0.095,0.1352,0.3377,0.0147,0.0908,0.0817,0.1572,Everyday Essentials Loyalists
C00147,21-30,West,Platinum,51,155,182737.82,1178.95,8,0,0.0794,0.0517,0.2035,0.283,0.0384,0.0635,0.05,0.2306,Everyday Essentials Loyalists
C00148,21-30,South,Classic,36,136,246878.99,1815.29,8,1,0.0314,0.2409,0.0597,0.0508,0.0562,0.3743,0.1299,0.0568,Digital Shoppers (New)
C00149,31-40,West,Platinum,34,192,236384.06,1231.17,8,0,0.0745,0.0537,0.2106,0.3022,0.053,0.0991,0.0467,0.1603,Everyday Essentials Loyalists
C00150,41-50,North,Platinum,75,124,1061744.14,8562.45,8,0,0.1328,0.0548,0.045,0.0541,0.0228,0.1324,0.5518,0.0063,Premium Travel & Dining Elite
C00151,31-40,East,Classic,45,29,39440.5,1360.02,7,1,0.0375,0.0,0.0974,0.1693,0.2196,0.1158,0.1169,0.2434,Low-Engagement Occasional
C00152,51+,North,Classic,45,24,27093.18,1128.88,8,229,0.0287,0.0298,0.0862,0.29,0.2263,0.1374,0.1449,0.0566,Lapsed / Dormant
C00153,21-30,South,Platinum,46,168,184275.46,1096.88,8,2,0.1037,0.0455,0.1872,0.2986,0.0582,0.0959,0.046,0.1648,Everyday Essentials Loyalists
C00154,31-40,North,Gold,26,149,284301.42,1908.06,8,2,0.1288,0.3205,0.0415,0.0635,0.043,0.2788,0.0918,0.032,Digital Shoppers (New)
C00155,31-40,North,Gold,59,115,1055590.1,9179.04,8,3,0.1656,0.0522,0.016,0.0794,0.0326,0.1179,0.4716,0.0646,Premium Travel & Dining Elite
C00156,31-40,North,Gold,28,25,37491.5,1499.66,7,9,0.0,0.2138,0.0465,0.1536,0.1373,0.0881,0.173,0.1877,Low-Engagement Occasional
C00157,31-40,South,Gold,35,152,161460.67,1062.24,8,0,0.1606,0.0552,0.2196,0.322,0.0254,0.075,0.0759,0.0663,Everyday Essentials Loyalists
C00158,41-50,East,Gold,3,111,213354.55,1922.11,8,2,0.1216,0.2115,0.0483,0.064,0.0682,0.2787,0.1555,0.0521,Digital Shoppers (New)
C00159,31-40,South,Gold,30,21,22886.05,1089.81,7,11,0.0263,0.1227,0.1152,0.297,0.0284,0.1496,0.0,0.2609,Low-Engagement Occasional
C00160,41-50,South,Classic,22,37,50253.99,1358.22,8,1,0.1368,0.0907,0.0835,0.177,0.2155,0.0667,0.1061,0.1237,Low-Engagement Occasional
C00161,21-30,West,Platinum,49,86,690718.22,8031.61,8,3,0.1662,0.0639,0.0203,0.0253,0.0492,0.2795,0.3593,0.0363,Premium Travel & Dining Elite
C00162,31-40,West,Classic,52,27,30500.19,1129.64,8,240,0.2481,0.0756,0.1981,0.2057,0.0113,0.1283,0.068,0.065,Lapsed / Dormant
C00163,31-40,North,Classic,27,167,193627.3,1159.44,8,0,0.1044,0.0605,0.1762,0.3476,0.0099,0.1112,0.1022,0.088,Everyday Essentials Loyalists
C00164,31-40,South,Platinum,68,119,1099879.87,9242.69,8,0,0.2664,0.0566,0.0207,0.074,0.0209,0.1736,0.3646,0.0234,Premium Travel & Dining Elite
C00165,21-30,East,Classic,18,145,248448.17,1713.44,8,2,0.1338,0.1806,0.0208,0.0535,0.0436,0.4211,0.0735,0.0731,Digital Shoppers (New)
C00166,51+,West,Gold,37,167,196605.54,1177.28,8,0,0.0722,0.0853,0.2515,0.2293,0.0396,0.1624,0.0232,0.1365,Everyday Essentials Loyalists
C00167,51+,South,Classic,29,26,47445.56,1824.83,8,10,0.174,0.0846,0.0703,0.2648,0.0617,0.0532,0.1538,0.1375,Low-Engagement Occasional
C00168,41-50,West,Classic,18,28,32473.65,1159.77,7,4,0.0128,0.2025,0.1567,0.2096,0.1079,0.097,0.0,0.2136,Low-Engagement Occasional
C00169,51+,North,Classic,49,169,183366.76,1085.01,8,1,0.1626,0.0567,0.174,0.3152,0.0215,0.0644,0.0767,0.1288,Everyday Essentials Loyalists
C00170,21-30,South,Gold,49,23,36706.8,1595.95,8,245,0.0773,0.1477,0.0282,0.2709,0.0489,0.0585,0.2874,0.0811,Lapsed / Dormant
C00171,31-40,West,Classic,44,174,186496.85,1071.82,8,2,0.0958,0.0846,0.2905,0.2406,0.0329,0.129,0.0505,0.076,Everyday Essentials Loyalists
C00172,31-40,East,Classic,19,135,265333.18,1965.43,8,0,0.1137,0.3282,0.0306,0.0148,0.0376,0.28,0.1052,0.09,Digital Shoppers (New)
C00173,51+,West,Gold,35,170,197395.36,1161.15,8,1,0.1069,0.0964,0.1453,0.2993,0.0476,0.0923,0.1098,0.1023,Everyday Essentials Loyalists
C00174,21-30,North,Platinum,32,10,18761.03,1876.1,7,313,0.0506,0.0856,0.0157,0.2012,0.057,0.1872,0.4027,0.0,Lapsed / Dormant
C00175,21-30,North,Platinum,51,206,212932.01,1033.65,8,0,0.0542,0.0673,0.1968,0.2906,0.0757,0.1139,0.0491,0.1524,Everyday Essentials Loyalists
C00176,41-50,North,Platinum,66,104,888166.16,8540.06,8,1,0.1145,0.1089,0.0218,0.064,0.0492,0.0993,0.5353,0.0069,Premium Travel & Dining Elite
C00177,21-30,North,Gold,36,171,200816.14,1174.36,8,0,0.079,0.0544,0.222,0.2962,0.0468,0.1359,0.0614,0.1043,Everyday Essentials Loyalists
C00178,41-50,North,Classic,52,23,26012.57,1130.98,7,260,0.0781,0.2403,0.2169,0.1074,0.0,0.0646,0.1473,0.1454,Lapsed / Dormant
C00179,31-40,South,Classic,60,16,17296.95,1081.06,7,281,0.0,0.091,0.0631,0.208,0.0952,0.2234,0.2987,0.0205,Lapsed / Dormant
C00180,41-50,South,Gold,41,27,36134.75,1338.32,8,9,0.0246,0.0766,0.0869,0.2889,0.138,0.2556,0.0437,0.0857,Low-Engagement Occasional
C00181,51+,East,Classic,42,46,68253.23,1483.77,8,171,0.0698,0.1001,0.074,0.2739,0.0861,0.2224,0.1005,0.0732,Lapsed / Dormant
C00182,41-50,South,Classic,33,21,23717.14,1129.39,8,256,0.1821,0.0646,0.1002,0.1541,0.044,0.1971,0.0489,0.2089,Lapsed / Dormant
C00183,21-30,North,Classic,3,137,242498.92,1770.07,8,6,0.1247,0.2008,0.054,0.05,0.06,0.3531,0.0788,0.0786,Digital Shoppers (New)
C00184,21-30,East,Classic,38,167,191065.18,1144.1,8,8,0.0989,0.0579,0.1404,0.3793,0.0261,0.0689,0.0686,0.1598,Everyday Essentials Loyalists
C00185,21-30,North,Classic,44,29,33100.66,1141.4,8,1,0.0872,0.0377,0.1993,0.1346,0.116,0.0317,0.1332,0.2603,Low-Engagement Occasional
C00186,21-30,West,Classic,22,27,38235.24,1416.12,7,7,0.0423,0.1215,0.0,0.2464,0.1644,0.1669,0.0485,0.21,Low-Engagement Occasional
C00187,31-40,North,Gold,36,186,210723.37,1132.92,8,4,0.0659,0.041,0.2181,0.2757,0.0936,0.0616,0.0755,0.1686,Everyday Essentials Loyalists
C00188,31-40,South,Platinum,53,91,697245.71,7662.04,7,2,0.1633,0.0527,0.0192,0.042,0.047,0.209,0.4668,0.0,Premium Travel & Dining Elite
C00189,21-30,West,Classic,24,26,34022.33,1308.55,8,13,0.0744,0.0428,0.1058,0.0809,0.0458,0.0978,0.1646,0.3879,Low-Engagement Occasional
C00190,21-30,East,Gold,41,180,215363.38,1196.46,8,0,0.1346,0.0212,0.1913,0.3275,0.0196,0.075,0.0875,0.1434,Everyday Essentials Loyalists
C00191,51+,East,Platinum,35,15,18029.28,1201.95,8,296,0.0657,0.0914,0.1117,0.0533,0.1354,0.1282,0.2904,0.1239,Lapsed / Dormant
C00192,21-30,East,Gold,52,188,216113.48,1149.54,8,0,0.0711,0.0586,0.2159,0.2417,0.022,0.0815,0.1211,0.1882,Everyday Essentials Loyalists
C00193,31-40,North,Platinum,58,113,973401.36,8614.17,8,0,0.123,0.0525,0.0165,0.0603,0.071,0.1274,0.5176,0.0317,Premium Travel & Dining Elite
C00194,31-40,East,Gold,54,28,47602.56,1700.09,8,61,0.0128,0.0415,0.1574,0.1314,0.0488,0.2533,0.1398,0.215,Low-Engagement Occasional
C00195,21-30,West,Classic,30,172,215199.16,1251.16,8,0,0.0739,0.077,0.2405,0.2867,0.0234,0.1167,0.0417,0.1401,Everyday Essentials Loyalists
C00196,51+,West,Gold,57,169,170229.54,1007.28,8,3,0.084,0.0356,0.2044,0.3898,0.042,0.0925,0.0437,0.1079,Everyday Essentials Loyalists
C00197,21-30,South,Classic,27,133,267021.06,2007.68,8,1,0.0818,0.2182,0.0219,0.0831,0.0369,0.3247,0.1742,0.0592,Digital Shoppers (New)
C00198,41-50,South,Classic,43,22,25614.27,1164.29,7,217,0.1882,0.1666,0.1416,0.0,0.0248,0.2765,0.1405,0.0619,Lapsed / Dormant
C00199,41-50,West,Classic,38,174,201000.43,1155.17,8,0,0.0933,0.0659,0.1613,0.3013,0.0512,0.046,0.1407,0.1402,Everyday Essentials Loyalists
C00200,41-50,South,Gold,32,162,173044.89,1068.18,8,1,0.1117,0.0799,0.168,0.3708,0.0246,0.1374,0.0258,0.0818,Everyday Essentials Loyalists
C00201,41-50,North,Gold,20,30,43633.01,1454.43,7,14,0.0169,0.1286,0.0426,0.3951,0.0,0.185,0.1082,0.1236,Low-Engagement Occasional
C00202,41-50,North,Classic,47,31,41124.19,1326.59,7,236,0.1541,0.0465,0.1026,0.1368,0.0,0.2612,0.1732,0.1256,Lapsed / Dormant
C00203,31-40,North,Classic,14,129,262963.0,2038.47,8,8,0.086,0.2199,0.0393,0.0723,0.0564,0.3502,0.1153,0.0606,Digital Shoppers (New)
C00204,31-40,South,Gold,25,161,176208.69,1094.46,8,0,0.0733,0.0364,0.2865,0.2861,0.0335,0.1091,0.0519,0.1233,Everyday Essentials Loyalists
C00205,41-50,North,Classic,82,109,898645.46,8244.45,8,3,0.1952,0.0477,0.0309,0.0838,0.0269,0.1073,0.4895,0.0188,Premium Travel & Dining Elite
C00206,31-40,North,Classic,39,167,186842.15,1118.82,8,3,0.1066,0.0787,0.2083,0.2818,0.0341,0.0891,0.0711,0.1303,Everyday Essentials Loyalists
C00207,31-40,North,Platinum,60,116,899530.74,7754.58,8,2,0.2337,0.0947,0.0162,0.0501,0.0468,0.1095,0.4107,0.0384,Premium Travel & Dining Elite
C00208,21-30,West,Classic,23,29,41367.03,1426.45,8,1,0.0737,0.065,0.0324,0.0637,0.035,0.1399,0.1502,0.44,Low-Engagement Occasional
C00209,31-40,North,Gold,57,111,952541.85,8581.46,8,1,0.1288,0.0412,0.0072,0.0492,0.067,0.1773,0.5156,0.0136,Premium Travel & Dining Elite
C00210,31-40,North,Classic,10,153,269677.0,1762.59,8,3,0.1261,0.2004,0.0347,0.1424,0.0405,0.3379,0.0756,0.0424,Digital Shoppers (New)
C00211,21-30,South,Platinum,29,33,46063.94,1395.88,8,25,0.1039,0.0141,0.1103,0.2126,0.0462,0.1786,0.1771,0.1572,Low-Engagement Occasional
C00212,31-40,North,Gold,13,132,261879.23,1983.93,8,0,0.0981,0.1742,0.029,0.1127,0.0346,0.3352,0.1132,0.103,Digital Shoppers (New)
C00213,21-30,West,Gold,50,172,195651.02,1137.51,8,0,0.0712,0.0719,0.1993,0.2893,0.0661,0.0649,0.0737,0.1637,Everyday Essentials Loyalists
C00214,31-40,West,Gold,32,37,62417.44,1686.96,8,6,0.0782,0.065,0.0359,0.2624,0.1314,0.1126,0.2509,0.0637,Low-Engagement Occasional
C00215,41-50,South,Gold,37,31,36636.41,1181.82,8,6,0.0909,0.0741,0.0556,0.2708,0.1041,0.1673,0.1483,0.089,Low-Engagement Occasional
C00216,31-40,South,Classic,29,24,28190.64,1174.61,6,33,0.0728,0.1273,0.1084,0.1781,0.0,0.4083,0.0,0.1051,Low-Engagement Occasional
C00217,41-50,South,Platinum,62,114,895542.46,7855.64,8,2,0.1918,0.0891,0.0316,0.0899,0.0403,0.1338,0.3732,0.0504,Premium Travel & Dining Elite
C00218,21-30,North,Platinum,57,140,1171283.66,8366.31,8,6,0.1963,0.0593,0.0022,0.0846,0.037,0.1314,0.4713,0.0179,Premium Travel & Dining Elite
C00219,21-30,North,Classic,58,25,29086.33,1163.45,7,221,0.1701,0.0223,0.164,0.1431,0.0,0.2057,0.1999,0.095,Lapsed / Dormant
C00220,41-50,North,Platinum,45,170,205578.4,1209.28,8,2,0.0839,0.0903,0.2086,0.2348,0.0224,0.1093,0.0855,0.1653,Everyday Essentials Loyalists
C00221,41-50,North,Gold,40,189,214068.27,1132.64,8,0,0.1153,0.0596,0.1427,0.3657,0.0198,0.086,0.0557,0.1552,Everyday Essentials Loyalists
C00222,41-50,East,Classic,12,129,243977.06,1891.3,8,2,0.2003,0.1868,0.0589,0.0273,0.0798,0.2757,0.0953,0.0759,Digital Shoppers (New)
C00223,41-50,North,Classic,28,36,47833.52,1328.71,7,12,0.0432,0.0808,0.0162,0.2317,0.0,0.1854,0.281,0.1617,Low-Engagement Occasional
C00224,41-50,North,Gold,48,30,54485.36,1816.18,8,197,0.0291,0.0105,0.2436,0.189,0.0465,0.0757,0.3331,0.0725,Lapsed / Dormant
C00225,41-50,South,Classic,41,170,195000.3,1147.06,8,1,0.0753,0.0518,0.2213,0.3103,0.0675,0.0906,0.0751,0.1081,Everyday Essentials Loyalists
C00226,41-50,South,Classic,42,26,38622.96,1485.5,8,235,0.1475,0.1112,0.0957,0.0981,0.0373,0.1684,0.2342,0.1076,Lapsed / Dormant
C00227,41-50,North,Gold,67,116,1019564.81,8789.35,8,1,0.1291,0.0565,0.0436,0.0368,0.0259,0.2134,0.4899,0.0048,Premium Travel & Dining Elite
C00228,21-30,North,Classic,22,133,268313.91,2017.4,8,4,0.1216,0.1606,0.0306,0.0839,0.0527,0.3395,0.1529,0.0584,Digital Shoppers (New)
C00229,21-30,North,Gold,31,131,239496.22,1828.22,8,6,0.1106,0.2759,0.0433,0.035,0.0475,0.3449,0.1204,0.0223,Digital Shoppers (New)
C00230,31-40,North,Platinum,53,105,884161.08,8420.58,8,9,0.1645,0.1044,0.0198,0.0882,0.0311,0.1324,0.4369,0.0228,Premium Travel & Dining Elite
C00231,31-40,West,Classic,48,177,196017.38,1107.44,8,0,0.0618,0.0552,0.2166,0.3216,0.03,0.1191,0.1121,0.0836,Everyday Essentials Loyalists
C00232,41-50,West,Classic,22,176,207591.89,1179.5,8,1,0.0607,0.0761,0.1822,0.2369,0.0285,0.0833,0.1341,0.1982,Everyday Essentials Loyalists
C00233,31-40,South,Gold,56,34,52095.3,1532.21,7,122,0.1384,0.0063,0.0842,0.2134,0.0,0.1535,0.3199,0.0842,Lapsed / Dormant
C00234,31-40,South,Platinum,3,128,245528.74,1918.19,8,1,0.1134,0.2367,0.0114,0.0419,0.0633,0.3275,0.1469,0.0588,Digital Shoppers (New)
C00235,41-50,West,Platinum,38,20,28085.42,1404.27,8,266,0.3146,0.065,0.0655,0.2627,0.0488,0.0896,0.0882,0.0657,Lapsed / Dormant
C00236,21-30,East,Platinum,33,30,46291.58,1543.05,8,19,0.0456,0.0945,0.1345,0.3063,0.0264,0.1296,0.0997,0.1635,Low-Engagement Occasional
C00237,41-50,North,Gold,7,127,255653.26,2013.02,8,6,0.0988,0.2132,0.0161,0.0295,0.0449,0.3419,0.2009,0.0548,Digital Shoppers (New)
C00238,21-30,North,Classic,22,23,39771.68,1729.2,7,22,0.2406,0.0592,0.0,0.2173,0.0675,0.115,0.2486,0.0517,Low-Engagement Occasional
C00239,31-40,South,Platinum,55,125,1073874.3,8590.99,8,0,0.0974,0.069,0.0206,0.089,0.0354,0.1805,0.4851,0.0229,Premium Travel & Dining Elite
C00240,31-40,East,Gold,67,123,1035578.56,8419.34,8,0,0.1621,0.0289,0.0233,0.1316,0.0527,0.1142,0.4691,0.018,Premium Travel & Dining Elite
C00241,31-40,North,Platinum,20,22,28824.38,1310.2,7,10,0.1865,0.038,0.1967,0.1303,0.0727,0.13,0.0,0.2457,Low-Engagement Occasional
C00242,21-30,North,Gold,29,31,49026.65,1581.5,8,30,0.103,0.0635,0.0914,0.2773,0.0837,0.1172,0.1247,0.1393,Low-Engagement Occasional
C00243,21-30,South,Classic,38,162,180130.2,1111.91,8,2,0.1139,0.0561,0.2302,0.27,0.0635,0.103,0.0688,0.0944,Everyday Essentials Loyalists
C00244,31-40,North,Gold,22,139,290095.97,2087.02,8,5,0.1202,0.2696,0.0269,0.0231,0.0255,0.3201,0.1517,0.063,Digital Shoppers (New)
C00245,31-40,South,Gold,22,155,267998.67,1729.02,8,3,0.0945,0.2018,0.0355,0.0221,0.0521,0.4169,0.1091,0.0681,Digital Shoppers (New)
C00246,41-50,East,Classic,29,10,16648.21,1664.82,6,295,0.1787,0.058,0.0756,0.4968,0.0,0.0338,0.0,0.1572,Lapsed / Dormant
C00247,21-30,South,Gold,24,125,257140.93,2057.13,8,0,0.1158,0.1161,0.0332,0.0907,0.0303,0.4025,0.1249,0.0864,Digital Shoppers (New)
C00248,31-40,North,Platinum,35,166,183626.26,1106.18,8,1,0.0693,0.0489,0.1668,0.3128,0.0413,0.1312,0.0736,0.1562,Everyday Essentials Loyalists
C00249,21-30,North,Classic,44,195,213736.46,1096.08,8,3,0.1194,0.0451,0.1303,0.3092,0.0627,0.0598,0.1092,0.1643,Everyday Essentials Loyalists
C00250,51+,West,Gold,32,153,178954.91,1169.64,8,0,0.065,0.0647,0.2229,0.3197,0.0388,0.0897,0.099,0.1002,Everyday Essentials Loyalists
C00251,41-50,South,Classic,17,130,262539.83,2019.54,8,2,0.1567,0.16,0.0312,0.0195,0.1001,0.3002,0.205,0.0274,Digital Shoppers (New)
C00252,51+,North,Gold,73,21,24558.61,1169.46,7,245,0.197,0.0,0.1077,0.191,0.1126,0.167,0.086,0.1387,Lapsed / Dormant
C00253,51+,North,Gold,15,125,220647.77,1765.18,8,2,0.049,0.2569,0.0395,0.0307,0.0703,0.3867,0.0657,0.1011,Digital Shoppers (New)
C00254,31-40,West,Classic,37,151,161872.88,1072.01,8,0,0.0638,0.034,0.2591,0.3408,0.0119,0.1034,0.1182,0.0687,Everyday Essentials Loyalists
C00255,41-50,West,Classic,39,158,156952.36,993.37,8,4,0.0994,0.0936,0.1672,0.3232,0.0532,0.0534,0.0652,0.1448,Everyday Essentials Loyalists
C00256,31-40,West,Gold,15,32,43040.78,1345.02,8,18,0.174,0.0563,0.0115,0.2209,0.1054,0.0896,0.0893,0.253,Low-Engagement Occasional
C00257,51+,East,Classic,44,22,29356.81,1334.4,8,4,0.027,0.1311,0.2444,0.1319,0.0997,0.2141,0.0748,0.077,Low-Engagement Occasional
C00258,31-40,South,Gold,63,103,779670.75,7569.62,8,4,0.1358,0.0751,0.0384,0.0804,0.0193,0.1901,0.397,0.0639,Premium Travel & Dining Elite
C00259,31-40,South,Gold,49,85,805573.36,9477.33,8,0,0.2001,0.0668,0.0234,0.0669,0.0301,0.1043,0.5048,0.0037,Premium Travel & Dining Elite
C00260,51+,North,Classic,3,132,259950.14,1969.32,8,2,0.0972,0.2481,0.0441,0.0527,0.0292,0.3029,0.1937,0.0322,Digital Shoppers (New)
C00261,41-50,East,Classic,42,178,198751.88,1116.58,8,3,0.0889,0.0789,0.2416,0.2557,0.0158,0.1223,0.0536,0.1433,Everyday Essentials Loyalists
C00262,51+,East,Classic,39,22,30914.23,1405.19,7,16,0.0366,0.0295,0.0902,0.2893,0.0483,0.0,0.3313,0.1749,Low-Engagement Occasional
C00263,21-30,North,Gold,30,171,193702.92,1132.77,8,6,0.1043,0.06,0.2088,0.3003,0.0458,0.0762,0.0832,0.1216,Everyday Essentials Loyalists
C00264,21-30,West,Classic,53,159,179853.13,1131.15,8,0,0.0746,0.0474,0.2354,0.2728,0.0406,0.0579,0.1001,0.1711,Everyday Essentials Loyalists
C00265,31-40,South,Classic,47,15,20935.96,1395.73,5,287,0.0947,0.0,0.1932,0.0,0.0,0.3883,0.1486,0.1752,Lapsed / Dormant
C00266,31-40,North,Classic,32,165,193704.84,1173.97,8,1,0.098,0.0657,0.1898,0.3109,0.0539,0.0868,0.0965,0.0984,Everyday Essentials Loyalists
C00267,31-40,South,Classic,37,164,178597.96,1089.01,8,2,0.0872,0.0735,0.2,0.2848,0.0576,0.0489,0.1104,0.1377,Everyday Essentials Loyalists
C00268,31-40,West,Platinum,59,157,158212.9,1007.73,8,2,0.132,0.0641,0.1862,0.3333,0.0254,0.0543,0.0967,0.108,Everyday Essentials Loyalists
C00269,41-50,West,Platinum,46,101,932127.86,9228.99,8,3,0.1893,0.0642,0.0153,0.0214,0.0513,0.0917,0.5462,0.0207,Premium Travel & Dining Elite
C00270,21-30,South,Platinum,52,94,765617.72,8144.87,8,1,0.1206,0.0664,0.0027,0.0375,0.0534,0.167,0.5239,0.0287,Premium Travel & Dining Elite
C00271,41-50,West,Platinum,69,112,894372.08,7985.46,8,0,0.0961,0.0883,0.0344,0.0634,0.0346,0.1331,0.4757,0.0744,Premium Travel & Dining Elite
C00272,51+,West,Classic,44,178,185329.59,1041.18,8,1,0.0921,0.0508,0.2421,0.2974,0.0339,0.0818,0.0661,0.1359,Everyday Essentials Loyalists
C00273,41-50,West,Platinum,52,103,835540.28,8112.04,8,2,0.1132,0.0438,0.0109,0.0844,0.0529,0.161,0.4833,0.0505,Premium Travel & Dining Elite
C00274,31-40,West,Classic,23,124,234336.39,1889.81,8,0,0.1763,0.1354,0.0273,0.0385,0.022,0.3401,0.1673,0.0931,Digital Shoppers (New)
C00275,21-30,South,Classic,40,32,44162.56,1380.08,8,17,0.0301,0.0832,0.0741,0.2006,0.0675,0.199,0.0859,0.2597,Low-Engagement Occasional
C00276,21-30,West,Classic,45,169,207043.32,1225.11,8,0,0.0839,0.0195,0.1953,0.3773,0.0501,0.0863,0.0927,0.0949,Everyday Essentials Loyalists
C00277,41-50,East,Platinum,35,168,179654.43,1069.37,8,0,0.1129,0.0449,0.147,0.321,0.0417,0.1072,0.1338,0.0915,Everyday Essentials Loyalists
C00278,31-40,West,Classic,9,148,273080.77,1845.14,8,0,0.0804,0.3236,0.0131,0.0553,0.0777,0.2472,0.0816,0.1211,Digital Shoppers (New)
C00279,21-30,North,Gold,50,34,43625.38,1283.1,8,235,0.0285,0.0626,0.0691,0.2317,0.0522,0.1065,0.2793,0.17,Lapsed / Dormant
C00280,51+,West,Classic,16,30,39500.91,1316.7,8,8,0.1081,0.1339,0.151,0.1188,0.2,0.1518,0.0302,0.106,Low-Engagement Occasional
C00281,41-50,West,Platinum,73,122,924690.87,7579.43,8,5,0.1953,0.1265,0.0788,0.0227,0.0394,0.1199,0.3713,0.0462,Premium Travel & Dining Elite
C00282,41-50,South,Classic,59,171,192823.4,1127.62,8,0,0.0391,0.0791,0.2625,0.2411,0.0637,0.0658,0.1364,0.1123,Everyday Essentials Loyalists
C00283,31-40,West,Platinum,39,177,194634.1,1099.63,8,0,0.09,0.0936,0.1687,0.2924,0.0265,0.1152,0.1005,0.113,Everyday Essentials Loyalists
C00284,51+,South,Gold,45,162,190292.46,1174.64,8,0,0.1187,0.056,0.3054,0.2247,0.0475,0.0909,0.0555,0.1015,Everyday Essentials Loyalists
C00285,21-30,North,Gold,25,156,292691.04,1876.22,8,3,0.1074,0.259,0.0305,0.0632,0.0468,0.2395,0.1797,0.0738,Digital Shoppers (New)
C00286,21-30,North,Classic,61,162,184306.05,1137.69,8,0,0.0434,0.0598,0.1721,0.3343,0.0817,0.1113,0.0764,0.1209,Everyday Essentials Loyalists
C00287,51+,West,Gold,75,133,1170207.58,8798.55,8,0,0.1165,0.0731,0.0184,0.0793,0.0284,0.1307,0.5214,0.0321,Premium Travel & Dining Elite
C00288,51+,East,Classic,24,154,177439.51,1152.2,8,5,0.0546,0.0802,0.2659,0.2911,0.034,0.0724,0.0381,0.1636,Everyday Essentials Loyalists
C00289,31-40,South,Classic,10,151,254659.83,1686.49,8,0,0.139,0.2466,0.0304,0.0858,0.0611,0.355,0.0574,0.0246,Digital Shoppers (New)
C00290,21-30,East,Platinum,65,101,813533.93,8054.79,7,4,0.1838,0.0775,0.0,0.0136,0.0752,0.1848,0.458,0.007,Premium Travel & Dining Elite
C00291,31-40,South,Platinum,25,35,37545.54,1072.73,7,2,0.2495,0.1921,0.1897,0.1093,0.0577,0.0602,0.0,0.1415,Low-Engagement Occasional
C00292,41-50,South,Platinum,77,120,994991.48,8291.6,8,1,0.139,0.0841,0.0051,0.0832,0.0358,0.1203,0.5135,0.0189,Premium Travel & Dining Elite
C00293,41-50,West,Classic,64,40,49873.35,1246.83,6,147,0.0747,0.0073,0.0,0.3107,0.0,0.1668,0.1955,0.245,Lapsed / Dormant
C00294,31-40,East,Classic,51,108,883357.74,8179.24,8,2,0.1739,0.113,0.008,0.0534,0.0159,0.1567,0.4622,0.0169,Premium Travel & Dining Elite
C00295,21-30,West,Gold,28,31,37649.74,1214.51,8,16,0.1008,0.0639,0.0491,0.1881,0.0617,0.2131,0.1262,0.1971,Low-Engagement Occasional
C00296,41-50,East,Classic,40,47,71270.6,1516.4,8,183,0.0522,0.0875,0.0469,0.2417,0.0901,0.1567,0.2519,0.0731,Lapsed / Dormant
C00297,41-50,West,Classic,46,28,36797.9,1314.21,8,174,0.0051,0.077,0.096,0.1512,0.0604,0.1864,0.2891,0.1348,Lapsed / Dormant
C00298,31-40,North,Classic,27,36,51075.98,1418.78,8,0,0.0572,0.163,0.1441,0.0649,0.1163,0.219,0.0174,0.2181,Low-Engagement Occasional
C00299,31-40,North,Gold,39,27,35877.34,1328.79,8,31,0.0713,0.0723,0.0814,0.2888,0.0781,0.1019,0.0738,0.2323,Low-Engagement Occasional
C00300,51+,North,Classic,5,164,290176.55,1769.37,8,0,0.167,0.1953,0.0364,0.1082,0.0959,0.2613,0.1054,0.0305,Digital Shoppers (New)
C00301,21-30,East,Classic,3,21,24989.02,1189.95,6,20,0.0974,0.0897,0.0939,0.1117,0.0,0.2959,0.0,0.3114,Low-Engagement Occasional
C00302,31-40,East,Platinum,43,111,927742.12,8358.04,8,0,0.2304,0.0427,0.0119,0.0514,0.0158,0.2071,0.4316,0.0092,Premium Travel & Dining Elite
C00303,41-50,West,Classic,3,144,258389.66,1794.37,8,0,0.1378,0.1696,0.0444,0.0458,0.0283,0.43,0.0412,0.103,Digital Shoppers (New)
C00304,31-40,South,Gold,7,123,235385.26,1913.7,8,11,0.0974,0.1634,0.0904,0.0473,0.0515,0.348,0.1085,0.0936,Digital Shoppers (New)
C00305,51+,North,Classic,31,32,50861.57,1589.42,8,3,0.0812,0.0922,0.0732,0.1718,0.1771,0.2109,0.1258,0.0677,Low-Engagement Occasional
C00306,41-50,East,Classic,3,110,211083.52,1918.94,8,16,0.0716,0.1835,0.0435,0.0178,0.0617,0.3925,0.1905,0.039,Digital Shoppers (New)
C00307,31-40,West,Classic,29,175,190295.46,1087.4,8,0,0.111,0.077,0.2354,0.3807,0.0078,0.066,0.0359,0.0862,Everyday Essentials Loyalists
C00308,21-30,North,Classic,4,145,288622.06,1990.5,8,9,0.0898,0.2286,0.0287,0.042,0.0646,0.3845,0.1079,0.0538,Digital Shoppers (New)
C00309,41-50,North,Classic,30,160,174100.46,1088.13,8,0,0.0963,0.0399,0.2265,0.3443,0.0578,0.0608,0.0621,0.1123,Everyday Essentials Loyalists
C00310,21-30,North,Platinum,54,91,695729.77,7645.38,8,0,0.1354,0.0568,0.0188,0.0619,0.0039,0.1648,0.5194,0.039,Premium Travel & Dining Elite
C00311,21-30,South,Gold,8,136,246284.9,1810.92,8,0,0.113,0.168,0.0398,0.0718,0.0429,0.3623,0.1732,0.029,Digital Shoppers (New)
C00312,31-40,North,Classic,48,150,156727.36,1044.85,8,1,0.0912,0.0721,0.2456,0.1737,0.0324,0.1057,0.1233,0.156,Everyday Essentials Loyalists
C00313,31-40,South,Classic,32,167,181217.48,1085.13,8,4,0.1021,0.0837,0.1725,0.3053,0.0444,0.1124,0.0454,0.1342,Everyday Essentials Loyalists
C00314,51+,East,Classic,38,177,190849.51,1078.25,8,0,0.0761,0.0523,0.2397,0.2884,0.0476,0.0803,0.056,0.1596,Everyday Essentials Loyalists
C00315,41-50,South,Gold,36,194,216711.04,1117.07,8,2,0.1086,0.0328,0.2041,0.3114,0.0553,0.0935,0.0966,0.0977,Everyday Essentials Loyalists
C00316,41-50,South,Classic,50,170,208561.37,1226.83,8,1,0.0987,0.0353,0.2202,0.3081,0.0267,0.0986,0.0768,0.1356,Everyday Essentials Loyalists
C00317,31-40,North,Classic,40,198,232408.8,1173.78,8,1,0.1081,0.073,0.1972,0.29,0.025,0.0495,0.0834,0.1738,Everyday Essentials Loyalists
C00318,31-40,West,Classic,40,26,41594.7,1599.8,8,6,0.0386,0.0217,0.0193,0.2667,0.0419,0.145,0.2189,0.2478,Low-Engagement Occasional
C00319,51+,South,Gold,30,172,189010.53,1098.9,8,2,0.1229,0.0363,0.1581,0.3139,0.059,0.0853,0.1375,0.087,Everyday Essentials Loyalists
C00320,31-40,South,Platinum,47,13,25252.04,1942.46,5,261,0.1407,0.0376,0.0,0.0,0.0,0.2482,0.5086,0.0649,Lapsed / Dormant
C00321,41-50,North,Classic,42,23,36069.09,1568.22,7,255,0.2632,0.0372,0.0261,0.2556,0.0,0.1636,0.228,0.0264,Lapsed / Dormant
C00322,31-40,East,Classic,3,135,253940.41,1881.04,8,1,0.1356,0.1572,0.0287,0.0275,0.0645,0.4088,0.1045,0.0732,Digital Shoppers (New)
C00323,21-30,West,Gold,41,173,188033.67,1086.9,8,6,0.0817,0.0696,0.2464,0.2564,0.0772,0.1109,0.0286,0.1293,Everyday Essentials Loyalists
C00324,31-40,North,Classic,31,143,289249.17,2022.72,8,1,0.1423,0.2222,0.0215,0.041,0.0402,0.3585,0.1392,0.035,Digital Shoppers (New)
C00325,21-30,North,Gold,21,26,36156.99,1390.65,8,13,0.0785,0.0253,0.0478,0.3545,0.0389,0.1147,0.2066,0.1337,Low-Engagement Occasional
C00326,21-30,North,Gold,12,140,291362.93,2081.16,8,1,0.1204,0.2489,0.0387,0.0187,0.0191,0.3211,0.1914,0.0416,Digital Shoppers (New)
C00327,21-30,East,Gold,16,25,29998.85,1199.95,7,9,0.0368,0.0933,0.0898,0.2777,0.183,0.1372,0.0,0.1822,Low-Engagement Occasional
C00328,21-30,West,Gold,3,153,305295.58,1995.4,8,1,0.123,0.2466,0.018,0.0514,0.0369,0.3347,0.1129,0.0764,Digital Shoppers (New)
C00329,31-40,South,Classic,6,144,275257.38,1911.51,8,0,0.1066,0.2458,0.0285,0.0392,0.0683,0.396,0.0613,0.0543,Digital Shoppers (New)
C00330,51+,South,Gold,37,175,191182.23,1092.47,8,0,0.0691,0.0974,0.2014,0.3139,0.0347,0.091,0.0533,0.1393,Everyday Essentials Loyalists
C00331,31-40,West,Classic,25,34,57667.43,1696.1,7,5,0.2318,0.0133,0.1712,0.2597,0.0865,0.1456,0.0,0.0919,Low-Engagement Occasional
C00332,41-50,West,Classic,39,136,145723.41,1071.5,8,0,0.1017,0.0497,0.1778,0.3145,0.0441,0.115,0.0602,0.1369,Everyday Essentials Loyalists
C00333,31-40,North,Platinum,13,23,34113.05,1483.18,8,17,0.1218,0.1078,0.0354,0.2184,0.0839,0.0317,0.3224,0.0786,Low-Engagement Occasional
C00334,21-30,North,Gold,41,42,55867.77,1330.19,8,181,0.1548,0.034,0.2297,0.1825,0.0789,0.1649,0.0495,0.1057,Lapsed / Dormant
C00335,21-30,South,Platinum,65,108,951938.49,8814.25,8,2,0.1425,0.053,0.0442,0.0574,0.0375,0.146,0.4943,0.0251,Premium Travel & Dining Elite
C00336,51+,West,Classic,3,137,263750.95,1925.19,8,0,0.1116,0.1318,0.0192,0.0713,0.0791,0.3646,0.1812,0.0413,Digital Shoppers (New)
C00337,41-50,East,Classic,56,112,936359.34,8360.35,8,4,0.148,0.0711,0.0191,0.0184,0.037,0.1887,0.4985,0.0193,Premium Travel & Dining Elite
C00338,51+,East,Classic,32,40,52321.77,1308.04,8,10,0.0299,0.0903,0.0505,0.2176,0.1489,0.0363,0.2034,0.2233,Low-Engagement Occasional
C00339,31-40,West,Gold,52,124,924729.07,7457.49,8,4,0.1521,0.0375,0.0168,0.0861,0.0296,0.1215,0.5063,0.0502,Premium Travel & Dining Elite
C00340,41-50,North,Classic,51,16,21273.98,1329.62,5,284,0.09,0.0,0.4788,0.2881,0.0,0.1166,0.0,0.0264,Lapsed / Dormant
C00341,41-50,South,Gold,44,122,1124681.05,9218.7,8,3,0.1932,0.0656,0.0518,0.061,0.0116,0.1677,0.4139,0.0352,Premium Travel & Dining Elite
C00342,51+,North,Classic,56,17,22860.04,1344.71,7,298,0.1453,0.1738,0.0,0.1441,0.0328,0.1162,0.3411,0.0468,Lapsed / Dormant
C00343,21-30,West,Classic,33,32,37666.46,1177.08,8,2,0.026,0.0596,0.0929,0.2414,0.1794,0.2397,0.0289,0.1322,Low-Engagement Occasional
C00344,51+,East,Gold,14,126,272985.75,2166.55,8,1,0.1018,0.1792,0.0183,0.0518,0.1346,0.3267,0.1282,0.0594,Digital Shoppers (New)
C00345,31-40,North,Platinum,41,31,48615.67,1568.25,8,5,0.1229,0.1155,0.0414,0.2276,0.0595,0.1165,0.1965,0.1201,Low-Engagement Occasional
C00346,41-50,North,Classic,26,26,35892.43,1380.48,8,10,0.0823,0.0925,0.0582,0.2857,0.0115,0.2565,0.1824,0.0309,Low-Engagement Occasional
C00347,31-40,West,Classic,41,16,21094.01,1318.38,6,301,0.0419,0.1454,0.0,0.2799,0.2062,0.0272,0.0,0.2994,Lapsed / Dormant
C00348,31-40,West,Gold,55,160,182216.93,1138.86,8,4,0.074,0.0874,0.1794,0.2667,0.0405,0.0891,0.12,0.1429,Everyday Essentials Loyalists
C00349,31-40,East,Classic,32,149,302096.22,2027.49,8,1,0.0744,0.2162,0.067,0.043,0.0335,0.3393,0.166,0.0606,Digital Shoppers (New)
C00350,41-50,North,Platinum,53,107,957198.09,8945.78,8,1,0.2012,0.048,0.0382,0.0501,0.0262,0.1399,0.4609,0.0355,Premium Travel & Dining Elite
C00351,31-40,West,Classic,12,123,239024.49,1943.29,8,0,0.1006,0.2394,0.0282,0.0793,0.091,0.2705,0.1146,0.0765,Digital Shoppers (New)
C00352,31-40,West,Classic,52,180,199664.86,1109.25,8,2,0.09,0.0709,0.1948,0.3617,0.0185,0.1182,0.0654,0.0805,Everyday Essentials Loyalists
C00353,31-40,East,Gold,13,144,267859.82,1860.14,8,5,0.0808,0.2907,0.0184,0.0365,0.059,0.4127,0.0523,0.0497,Digital Shoppers (New)
C00354,41-50,East,Classic,19,125,262917.22,2103.34,8,0,0.0929,0.1885,0.033,0.0642,0.0457,0.255,0.2441,0.0767,Digital Shoppers (New)
C00355,31-40,West,Classic,21,123,244862.91,1990.76,8,1,0.1156,0.2192,0.0195,0.0228,0.0796,0.3783,0.1482,0.0167,Digital Shoppers (New)
C00356,41-50,West,Classic,8,128,243419.05,1901.71,8,13,0.1189,0.1998,0.0164,0.0385,0.0392,0.4146,0.0772,0.0954,Digital Shoppers (New)
C00357,31-40,East,Classic,34,22,30907.91,1404.9,7,46,0.0685,0.0927,0.1004,0.214,0.0,0.1379,0.0462,0.3403,Low-Engagement Occasional
C00358,41-50,South,Classic,29,28,49361.35,1762.91,8,9,0.2087,0.0136,0.0669,0.289,0.0839,0.1922,0.0453,0.1005,Low-Engagement Occasional
C00359,41-50,South,Classic,3,136,263591.44,1938.17,8,3,0.1617,0.1982,0.0212,0.0868,0.0373,0.3272,0.1468,0.0208,Digital Shoppers (New)
C00360,41-50,West,Classic,4,122,235079.68,1926.88,8,0,0.0591,0.224,0.0567,0.0416,0.035,0.4608,0.0692,0.0535,Digital Shoppers (New)
C00361,41-50,East,Gold,41,19,24071.35,1266.91,6,288,0.24,0.0,0.0341,0.3095,0.0,0.1359,0.1851,0.0954,Lapsed / Dormant
C00362,31-40,North,Platinum,69,103,873323.76,8478.87,8,3,0.1841,0.0677,0.009,0.0346,0.0408,0.1057,0.5521,0.006,Premium Travel & Dining Elite
C00363,21-30,North,Platinum,69,113,919655.31,8138.54,8,3,0.1866,0.0444,0.0219,0.0475,0.0091,0.1797,0.4904,0.0204,Premium Travel & Dining Elite
C00364,41-50,West,Platinum,67,123,1040579.94,8460.0,8,0,0.2047,0.1171,0.0095,0.0868,0.0194,0.1351,0.3982,0.0292,Premium Travel & Dining Elite
C00365,21-30,West,Classic,18,134,255820.37,1909.11,8,2,0.165,0.1964,0.0452,0.0745,0.026,0.3264,0.1225,0.044,Digital Shoppers (New)
C00366,21-30,West,Classic,46,184,205578.24,1117.27,8,0,0.1988,0.0475,0.2472,0.1852,0.0346,0.1272,0.0733,0.0862,Everyday Essentials Loyalists
C00367,41-50,South,Classic,32,31,41553.61,1340.44,8,1,0.0996,0.0509,0.0331,0.1304,0.0682,0.1382,0.1815,0.2981,Low-Engagement Occasional
C00368,31-40,West,Gold,34,30,37211.82,1240.39,8,11,0.0253,0.0486,0.1603,0.1785,0.0217,0.2624,0.1072,0.196,Low-Engagement Occasional
C00369,31-40,West,Classic,46,163,188695.87,1157.64,8,1,0.1067,0.0603,0.1697,0.3384,0.0494,0.1185,0.0565,0.1005,Everyday Essentials Loyalists
C00370,51+,South,Classic,33,48,63706.01,1327.21,8,146,0.0431,0.029,0.1292,0.2864,0.039,0.1566,0.161,0.1557,Low-Engagement Occasional
C00371,21-30,North,Gold,22,29,34858.45,1202.02,8,17,0.081,0.0556,0.1724,0.1042,0.2129,0.1574,0.131,0.0856,Low-Engagement Occasional
C00372,21-30,West,Classic,31,174,205538.06,1181.25,8,1,0.0953,0.073,0.2336,0.2432,0.054,0.1033,0.0611,0.1365,Everyday Essentials Loyalists
C00373,21-30,North,Gold,53,191,222038.07,1162.5,8,0,0.0628,0.0491,0.1443,0.3387,0.0452,0.1104,0.1012,0.1483,Everyday Essentials Loyalists
C00374,21-30,East,Classic,58,172,176145.47,1024.1,8,4,0.1178,0.1093,0.1218,0.3536,0.0392,0.0615,0.0391,0.1576,Everyday Essentials Loyalists
C00375,41-50,East,Gold,20,157,164096.28,1045.2,8,1,0.0519,0.0362,0.1727,0.3056,0.061,0.1066,0.0538,0.2121,Everyday Essentials Loyalists
C00376,41-50,East,Classic,57,170,203760.65,1198.59,8,3,0.0557,0.0704,0.161,0.3339,0.0564,0.1176,0.055,0.15,Everyday Essentials Loyalists
C00377,31-40,North,Classic,48,28,30505.21,1089.47,7,200,0.1495,0.0467,0.0795,0.1801,0.0467,0.3402,0.0,0.1573,Lapsed / Dormant
C00378,31-40,West,Classic,52,173,206398.94,1193.06,8,1,0.1096,0.0124,0.1878,0.3829,0.0364,0.0805,0.0718,0.1185,Everyday Essentials Loyalists
C00379,31-40,North,Gold,47,186,213014.36,1145.24,8,0,0.069,0.0675,0.2218,0.2695,0.0378,0.1203,0.0957,0.1185,Everyday Essentials Loyalists
C00380,21-30,West,Gold,44,39,49958.11,1280.98,8,6,0.1218,0.0966,0.1438,0.2696,0.057,0.0708,0.0967,0.1437,Low-Engagement Occasional
C00381,41-50,North,Classic,16,130,260076.86,2000.59,8,2,0.0581,0.1712,0.009,0.0615,0.068,0.43,0.1186,0.0835,Digital Shoppers (New)
C00382,41-50,East,Platinum,34,32,38316.97,1197.41,8,162,0.1143,0.0595,0.1722,0.2894,0.0911,0.1428,0.0646,0.0662,Lapsed / Dormant
C00383,21-30,West,Gold,28,42,49476.92,1178.02,7,4,0.1362,0.1184,0.1353,0.2646,0.0788,0.1615,0.0,0.1053,Low-Engagement Occasional
C00384,41-50,North,Classic,19,112,226684.41,2023.97,8,4,0.0907,0.1902,0.067,0.0908,0.0433,0.3358,0.1444,0.0378,Digital Shoppers (New)
C00385,41-50,North,Classic,39,176,189736.52,1078.05,8,0,0.0788,0.0652,0.1568,0.3172,0.0313,0.056,0.1515,0.1432,Everyday Essentials Loyalists
C00386,31-40,West,Classic,54,32,36312.85,1134.78,8,202,0.0283,0.0456,0.0366,0.3553,0.069,0.241,0.1745,0.0495,Lapsed / Dormant
C00387,41-50,North,Gold,29,30,35294.36,1176.48,8,14,0.1743,0.0656,0.024,0.2479,0.257,0.0513,0.0268,0.1532,Low-Engagement Occasional
C00388,41-50,North,Classic,42,46,61796.91,1343.41,8,170,0.1904,0.1036,0.0434,0.2011,0.1127,0.1036,0.1297,0.1155,Lapsed / Dormant
C00389,21-30,South,Gold,49,108,847554.67,7847.73,8,2,0.2257,0.0717,0.0289,0.0406,0.043,0.1837,0.3901,0.0163,Premium Travel & Dining Elite
C00390,21-30,West,Gold,26,31,44447.04,1433.78,7,23,0.0588,0.0414,0.3071,0.1652,0.1227,0.1488,0.0,0.156,Low-Engagement Occasional
C00391,41-50,East,Gold,16,124,224548.85,1810.88,8,4,0.1611,0.2513,0.0793,0.0325,0.0718,0.2768,0.0903,0.0369,Digital Shoppers (New)
C00392,51+,South,Platinum,40,109,812448.85,7453.66,8,3,0.1825,0.0806,0.0498,0.0757,0.0322,0.1144,0.4214,0.0434,Premium Travel & Dining Elite
C00393,31-40,West,Classic,6,131,235949.41,1801.14,8,5,0.0946,0.1934,0.0973,0.0554,0.0507,0.267,0.1619,0.0797,Digital Shoppers (New)
C00394,31-40,South,Gold,10,41,62467.09,1523.59,8,3,0.0597,0.0478,0.0319,0.3911,0.0531,0.2442,0.0585,0.1136,Low-Engagement Occasional
C00395,41-50,South,Gold,53,118,1096046.09,9288.53,8,6,0.1586,0.0433,0.0267,0.0538,0.0481,0.1269,0.4923,0.0503,Premium Travel & Dining Elite
C00396,31-40,South,Gold,25,143,269416.22,1884.03,8,1,0.0406,0.3101,0.0261,0.0568,0.0574,0.3346,0.1388,0.0358,Digital Shoppers (New)
C00397,21-30,South,Gold,18,30,45459.77,1515.33,8,0,0.2691,0.1232,0.1674,0.137,0.1078,0.0421,0.0619,0.0915,Low-Engagement Occasional
C00398,31-40,South,Classic,49,186,212440.76,1142.15,8,1,0.0803,0.0661,0.2037,0.2976,0.0546,0.1061,0.0491,0.1425,Everyday Essentials Loyalists
C00399,51+,East,Classic,42,127,246997.59,1944.86,8,4,0.136,0.2785,0.033,0.0651,0.0334,0.3321,0.1126,0.0093,Digital Shoppers (New)
C00400,41-50,North,Classic,28,142,280215.72,1973.35,8,11,0.0906,0.1519,0.0272,0.0601,0.0455,0.429,0.1188,0.077,Digital Shoppers (New)
C00401,51+,East,Classic,43,186,206555.44,1110.51,8,5,0.0593,0.0373,0.2573,0.3933,0.0501,0.0534,0.0565,0.0929,Everyday Essentials Loyalists
C00402,21-30,North,Gold,56,8,7289.89,911.24,7,291,0.1209,0.0805,0.0704,0.1379,0.0,0.2613,0.1999,0.1292,Lapsed / Dormant
C00403,31-40,South,Classic,16,23,32570.34,1416.1,6,27,0.2006,0.0,0.0923,0.2005,0.0819,0.107,0.0,0.3177,Low-Engagement Occasional
C00404,31-40,North,Platinum,44,122,917464.98,7520.2,8,4,0.1777,0.1212,0.0291,0.0411,0.0545,0.1781,0.3686,0.0297,Premium Travel & Dining Elite
C00405,21-30,East,Classic,48,24,27172.71,1132.2,8,235,0.2663,0.0303,0.1645,0.1624,0.119,0.1252,0.046,0.0862,Lapsed / Dormant
C00406,21-30,West,Classic,51,38,48850.72,1285.55,8,169,0.1262,0.1294,0.1826,0.2027,0.0211,0.1611,0.058,0.119,Lapsed / Dormant
C00407,41-50,South,Classic,52,171,177075.69,1035.53,8,2,0.1526,0.0327,0.2315,0.271,0.0487,0.0782,0.0207,0.1644,Everyday Essentials Loyalists
C00408,41-50,North,Platinum,24,28,43433.59,1551.2,7,1,0.1823,0.0437,0.1261,0.2332,0.1337,0.1525,0.0,0.1285,Low-Engagement Occasional
C00409,41-50,North,Platinum,61,87,649955.18,7470.75,8,3,0.2199,0.067,0.0054,0.0723,0.0607,0.0841,0.4738,0.0169,Premium Travel & Dining Elite
C00410,31-40,West,Classic,49,22,31469.97,1430.45,7,237,0.1939,0.1167,0.1255,0.1202,0.0,0.1893,0.2029,0.0514,Lapsed / Dormant
C00411,31-40,North,Classic,28,30,35695.96,1189.87,8,20,0.0856,0.077,0.1442,0.2216,0.0653,0.0966,0.0846,0.2252,Low-Engagement Occasional
C00412,21-30,West,Gold,13,123,226079.77,1838.05,8,3,0.0599,0.191,0.0122,0.0787,0.078,0.376,0.1701,0.0341,Digital Shoppers (New)
C00413,21-30,South,Platinum,51,107,950461.24,8882.82,8,2,0.1463,0.0636,0.0307,0.0399,0.0301,0.1517,0.5266,0.0112,Premium Travel & Dining Elite
C00414,31-40,North,Gold,50,30,46168.81,1538.96,8,190,0.0602,0.0606,0.0491,0.2235,0.0601,0.1204,0.3226,0.1035,Lapsed / Dormant
C00415,31-40,West,Platinum,61,103,797731.48,7744.97,8,2,0.1149,0.0496,0.0447,0.0956,0.0239,0.1475,0.4843,0.0395,Premium Travel & Dining Elite
C00416,51+,South,Gold,37,173,198701.35,1148.56,8,2,0.1165,0.0478,0.203,0.2805,0.0261,0.1161,0.0974,0.1126,Everyday Essentials Loyalists
C00417,31-40,North,Classic,48,163,206590.6,1267.43,8,1,0.0479,0.0384,0.1474,0.32,0.0101,0.1306,0.1376,0.1678,Everyday Essentials Loyalists
C00418,21-30,West,Classic,40,28,33863.22,1209.4,7,0,0.1698,0.0644,0.1067,0.1978,0.0383,0.1447,0.0,0.2784,Low-Engagement Occasional
C00419,21-30,North,Classic,48,165,189727.27,1149.86,8,4,0.0733,0.0844,0.2074,0.303,0.0496,0.0537,0.0565,0.1721,Everyday Essentials Loyalists
C00420,41-50,South,Platinum,37,25,25940.78,1037.63,8,242,0.0785,0.015,0.1713,0.142,0.0506,0.2282,0.0305,0.2839,Lapsed / Dormant
C00421,21-30,South,Platinum,14,154,286828.78,1862.52,8,0,0.1084,0.1883,0.0434,0.0678,0.057,0.4058,0.0454,0.0839,Digital Shoppers (New)
C00422,21-30,South,Platinum,50,126,1021490.69,8107.07,8,0,0.1834,0.0947,0.0214,0.0557,0.039,0.1626,0.4016,0.0415,Premium Travel & Dining Elite
C00423,31-40,West,Gold,60,133,1125725.49,8464.1,8,5,0.1121,0.0885,0.011,0.0693,0.0255,0.1608,0.4971,0.0357,Premium Travel & Dining Elite
C00424,31-40,North,Gold,50,106,917324.41,8654.0,7,1,0.1686,0.0974,0.0,0.058,0.0327,0.1919,0.4147,0.0366,Premium Travel & Dining Elite
C00425,41-50,West,Gold,26,130,303112.46,2331.63,8,0,0.2104,0.2418,0.0206,0.0359,0.0668,0.2661,0.0945,0.064,Digital Shoppers (New)
C00426,31-40,East,Classic,37,34,42352.76,1245.67,8,11,0.1623,0.0227,0.0361,0.1373,0.0956,0.2122,0.089,0.2448,Low-Engagement Occasional
C00427,21-30,West,Classic,53,189,209242.51,1107.1,8,3,0.1465,0.0642,0.1814,0.2792,0.0554,0.0557,0.0902,0.1275,Everyday Essentials Loyalists
C00428,41-50,West,Classic,40,31,40755.45,1314.69,8,24,0.0971,0.049,0.1459,0.3738,0.0895,0.0583,0.0679,0.1185,Low-Engagement Occasional
C00429,31-40,West,Gold,57,116,914122.18,7880.36,8,4,0.2397,0.0761,0.0514,0.0528,0.0303,0.152,0.3855,0.0121,Premium Travel & Dining Elite
C00430,41-50,East,Classic,25,27,29902.64,1107.51,7,19,0.1715,0.0128,0.0514,0.203,0.1475,0.2227,0.0,0.1911,Low-Engagement Occasional
C00431,21-30,South,Platinum,65,47,59455.98,1265.02,7,169,0.0436,0.1352,0.0,0.3196,0.0595,0.0835,0.2028,0.1559,Lapsed / Dormant
C00432,41-50,South,Classic,28,36,55426.7,1539.63,8,17,0.0543,0.0211,0.0872,0.1023,0.0401,0.1119,0.3653,0.2177,Low-Engagement Occasional
C00433,31-40,East,Classic,16,25,39489.99,1579.6,7,3,0.0244,0.0412,0.0,0.0635,0.1125,0.0713,0.2575,0.4295,Low-Engagement Occasional
C00434,31-40,South,Classic,40,26,32308.08,1242.62,7,18,0.1244,0.112,0.0,0.2161,0.0777,0.0651,0.1437,0.2611,Low-Engagement Occasional
C00435,31-40,West,Platinum,61,90,642481.78,7138.69,8,0,0.152,0.0432,0.0202,0.0653,0.0205,0.2681,0.3445,0.0861,Premium Travel & Dining Elite
C00436,51+,North,Classic,57,164,196841.59,1200.25,8,1,0.0825,0.0369,0.2183,0.3333,0.0205,0.0761,0.106,0.1265,Everyday Essentials Loyalists
C00437,21-30,West,Platinum,62,118,987433.55,8368.08,8,0,0.1948,0.0742,0.0431,0.0351,0.0133,0.1354,0.493,0.0112,Premium Travel & Dining Elite
C00438,51+,North,Classic,13,131,287844.82,2197.29,8,0,0.1293,0.2015,0.0392,0.0202,0.0543,0.2828,0.2385,0.0343,Digital Shoppers (New)
C00439,51+,West,Classic,45,21,29561.89,1407.71,7,25,0.0405,0.1008,0.1362,0.2268,0.0691,0.0,0.1677,0.2588,Low-Engagement Occasional
C00440,31-40,North,Gold,3,104,205799.98,1978.85,8,0,0.1541,0.153,0.0418,0.0907,0.0676,0.3253,0.1266,0.0409,Digital Shoppers (New)
C00441,31-40,North,Classic,24,35,47899.65,1368.56,7,1,0.1003,0.0914,0.0525,0.1903,0.0,0.2101,0.1664,0.189,Low-Engagement Occasional
C00442,31-40,West,Classic,33,168,200727.37,1194.81,8,0,0.0993,0.091,0.1532,0.2475,0.0181,0.0979,0.0911,0.2018,Everyday Essentials Loyalists
C00443,51+,West,Classic,8,35,46964.89,1341.85,8,2,0.1848,0.0773,0.0602,0.1278,0.1227,0.0869,0.1272,0.2131,Low-Engagement Occasional
C00444,41-50,West,Classic,50,167,200136.34,1198.42,8,0,0.0921,0.0257,0.1418,0.3127,0.0322,0.1089,0.1636,0.1229,Everyday Essentials Loyalists
C00445,31-40,West,Classic,36,181,209130.09,1155.41,8,0,0.0447,0.0664,0.1719,0.3774,0.047,0.0722,0.0812,0.1393,Everyday Essentials Loyalists
C00446,21-30,North,Gold,39,29,38427.6,1325.09,7,4,0.0,0.1369,0.0781,0.3089,0.031,0.1293,0.0342,0.2815,Low-Engagement Occasional
C00447,41-50,West,Classic,51,13,12960.67,996.97,6,275,0.3324,0.0279,0.0,0.1902,0.1147,0.243,0.0,0.0918,Lapsed / Dormant
C00448,21-30,South,Classic,20,147,266378.09,1812.1,8,4,0.1647,0.1878,0.0661,0.0926,0.0649,0.3174,0.0389,0.0676,Digital Shoppers (New)
C00449,21-30,South,Gold,55,112,901529.45,8049.37,8,0,0.1752,0.0777,0.0066,0.0755,0.0382,0.1906,0.4036,0.0326,Premium Travel & Dining Elite
C00450,31-40,South,Classic,6,134,264555.02,1974.29,8,6,0.0438,0.1862,0.0505,0.0241,0.0813,0.4222,0.1499,0.042,Digital Shoppers (New)
C00451,31-40,North,Platinum,60,116,973912.29,8395.8,8,7,0.1388,0.1007,0.0225,0.0653,0.0361,0.1234,0.4822,0.0311,Premium Travel & Dining Elite
C00452,51+,East,Platinum,57,13,24176.44,1859.73,7,294,0.152,0.1471,0.0226,0.1963,0.0,0.0372,0.3548,0.0899,Lapsed / Dormant
C00453,41-50,West,Classic,29,30,40708.01,1356.93,8,21,0.0524,0.067,0.0766,0.2843,0.1675,0.2465,0.0359,0.0699,Low-Engagement Occasional
C00454,21-30,North,Classic,34,162,182170.91,1124.51,8,0,0.1684,0.0732,0.1509,0.2494,0.0326,0.1144,0.0781,0.133,Everyday Essentials Loyalists
C00455,31-40,West,Platinum,48,119,933769.6,7846.8,8,1,0.1424,0.0941,0.0412,0.0722,0.0146,0.1214,0.49,0.0241,Premium Travel & Dining Elite
C00456,41-50,South,Platinum,44,172,202566.25,1177.71,8,0,0.0836,0.063,0.232,0.2738,0.0415,0.0949,0.1446,0.0667,Everyday Essentials Loyalists
C00457,31-40,North,Gold,42,29,40329.84,1390.68,8,226,0.1069,0.0102,0.0591,0.2561,0.0346,0.2638,0.1409,0.1284,Lapsed / Dormant
C00458,21-30,East,Classic,13,142,303899.5,2140.14,8,3,0.0919,0.2225,0.0448,0.0499,0.0702,0.3536,0.1195,0.0476,Digital Shoppers (New)
C00459,31-40,North,Platinum,27,29,41294.07,1423.93,8,1,0.0123,0.0475,0.1635,0.2698,0.2026,0.1017,0.0457,0.157,Low-Engagement Occasional
C00460,41-50,North,Gold,9,109,186415.89,1710.24,8,1,0.1831,0.2308,0.0283,0.0446,0.0313,0.3411,0.0848,0.056,Digital Shoppers (New)
C00461,51+,East,Gold,16,138,269478.68,1952.74,8,3,0.0851,0.2149,0.0599,0.0471,0.041,0.2987,0.143,0.1102,Digital Shoppers (New)
C00462,41-50,North,Classic,47,173,200399.09,1158.38,8,5,0.106,0.0353,0.1716,0.308,0.0278,0.0832,0.1429,0.1252,Everyday Essentials Loyalists
C00463,21-30,North,Gold,67,22,26474.23,1203.37,7,255,0.2488,0.0,0.0928,0.118,0.0384,0.2241,0.1435,0.1344,Lapsed / Dormant
C00464,41-50,West,Gold,49,170,183164.98,1077.44,8,0,0.1446,0.0601,0.2869,0.2707,0.0261,0.0741,0.0252,0.1125,Everyday Essentials Loyalists
C00465,31-40,North,Classic,29,139,276651.35,1990.3,8,3,0.1026,0.2154,0.0565,0.05,0.0249,0.3211,0.165,0.0645,Digital Shoppers (New)
C00466,51+,West,Gold,21,30,46925.75,1564.19,7,27,0.1645,0.1802,0.1853,0.2034,0.0358,0.0661,0.0,0.1647,Low-Engagement Occasional
C00467,31-40,West,Gold,3,119,234068.33,1966.96,8,3,0.1352,0.2651,0.0425,0.0456,0.0529,0.279,0.1288,0.0509,Digital Shoppers (New)
C00468,21-30,North,Classic,47,27,45164.8,1672.77,8,237,0.1356,0.0553,0.0515,0.1286,0.1046,0.0649,0.3773,0.0822,Lapsed / Dormant
C00469,31-40,South,Platinum,50,168,181198.25,1078.56,8,0,0.2106,0.0549,0.1877,0.2619,0.0151,0.0819,0.0561,0.1317,Everyday Essentials Loyalists
C00470,31-40,North,Platinum,21,154,338434.57,2197.63,8,4,0.1185,0.229,0.048,0.0497,0.0572,0.3547,0.1006,0.0423,Digital Shoppers (New)
C00471,21-30,East,Gold,54,168,189751.04,1129.47,8,3,0.1074,0.0626,0.1576,0.291,0.0333,0.0979,0.1063,0.1438,Everyday Essentials Loyalists
C00472,31-40,North,Gold,3,116,197401.38,1701.74,8,0,0.141,0.2055,0.0403,0.0767,0.0883,0.2732,0.0496,0.1253,Digital Shoppers (New)
C00473,41-50,West,Platinum,72,121,1076927.87,8900.23,8,8,0.1355,0.0794,0.0134,0.0468,0.0346,0.1769,0.4654,0.048,Premium Travel & Dining Elite
C00474,41-50,North,Classic,63,90,642070.99,7134.12,8,1,0.154,0.1007,0.0211,0.0825,0.0385,0.157,0.4129,0.0333,Premium Travel & Dining Elite
C00475,31-40,East,Gold,26,158,175210.62,1108.93,8,1,0.092,0.0531,0.2022,0.2612,0.0423,0.1027,0.0366,0.2098,Everyday Essentials Loyalists
C00476,21-30,North,Classic,49,155,160250.5,1033.87,8,0,0.0895,0.0878,0.166,0.2437,0.0292,0.1702,0.0785,0.1352,Everyday Essentials Loyalists
C00477,31-40,North,Classic,43,174,191478.51,1100.45,8,1,0.0676,0.0365,0.2279,0.2776,0.0673,0.1528,0.0812,0.0891,Everyday Essentials Loyalists
C00478,31-40,South,Classic,17,121,250303.7,2068.63,8,4,0.0887,0.2557,0.0316,0.074,0.0601,0.2974,0.1818,0.0106,Digital Shoppers (New)
C00479,21-30,East,Classic,23,122,234670.98,1923.53,8,10,0.0333,0.2042,0.0352,0.0494,0.0268,0.4911,0.1013,0.0587,Digital Shoppers (New)
C00480,51+,West,Classic,46,181,204921.55,1132.16,8,0,0.1171,0.0565,0.1631,0.2899,0.064,0.1177,0.0936,0.0981,Everyday Essentials Loyalists
C00481,51+,North,Classic,27,171,194388.42,1136.77,8,3,0.0816,0.0489,0.2336,0.2306,0.0361,0.1134,0.1706,0.0851,Everyday Essentials Loyalists
C00482,21-30,North,Classic,40,183,193097.07,1055.18,8,0,0.0656,0.06,0.1698,0.3294,0.0439,0.0792,0.0552,0.197,Everyday Essentials Loyalists
C00483,41-50,South,Platinum,3,160,305866.11,1911.66,8,1,0.1205,0.1913,0.0531,0.0809,0.0285,0.3411,0.12,0.0645,Digital Shoppers (New)
C00484,41-50,South,Classic,48,190,219197.36,1153.67,8,0,0.0977,0.055,0.1624,0.3321,0.0324,0.1126,0.0368,0.171,Everyday Essentials Loyalists
C00485,31-40,West,Platinum,73,91,741607.08,8149.53,8,6,0.1051,0.1278,0.0065,0.0828,0.0252,0.1615,0.4789,0.0124,Premium Travel & Dining Elite
C00486,41-50,West,Classic,29,191,214653.95,1123.84,8,1,0.1223,0.0481,0.119,0.3551,0.041,0.0534,0.0794,0.1818,Everyday Essentials Loyalists
C00487,21-30,West,Classic,7,134,258569.66,1929.62,8,0,0.0925,0.2326,0.0251,0.0557,0.0557,0.3746,0.07,0.0939,Digital Shoppers (New)
C00488,21-30,North,Gold,33,170,192798.93,1134.11,8,1,0.0608,0.038,0.2285,0.3187,0.0476,0.1232,0.0456,0.1377,Everyday Essentials Loyalists
C00489,51+,South,Platinum,9,137,287480.39,2098.4,8,2,0.0997,0.2227,0.0098,0.0787,0.0474,0.3058,0.1381,0.0976,Digital Shoppers (New)
C00490,41-50,West,Classic,18,124,256741.67,2070.5,8,3,0.1007,0.2216,0.0245,0.0521,0.0547,0.3606,0.1071,0.0787,Digital Shoppers (New)
C00491,31-40,South,Classic,25,34,49530.56,1456.78,8,6,0.0646,0.156,0.2438,0.0519,0.1367,0.1028,0.0582,0.1858,Low-Engagement Occasional
C00492,31-40,East,Classic,20,118,222981.57,1889.67,8,0,0.1127,0.1764,0.0399,0.0616,0.0653,0.3683,0.1337,0.0421,Digital Shoppers (New)
C00493,51+,North,Gold,24,109,225614.58,2069.86,8,2,0.0955,0.2412,0.0187,0.0493,0.0936,0.3045,0.1555,0.0418,Digital Shoppers (New)
C00494,31-40,South,Gold,53,168,186895.56,1112.47,8,0,0.0656,0.0523,0.2435,0.2871,0.0269,0.1043,0.0576,0.1627,Everyday Essentials Loyalists
C00495,51+,West,Gold,18,30,52607.8,1753.59,7,14,0.1104,0.0,0.067,0.1703,0.006,0.344,0.1417,0.1606,Low-Engagement Occasional
C00496,51+,North,Gold,27,140,251504.25,1796.46,8,2,0.0702,0.328,0.0198,0.0728,0.0607,0.2081,0.1231,0.1174,Digital Shoppers (New)
C00497,31-40,West,Classic,56,182,210985.88,1159.26,8,0,0.1156,0.0405,0.1561,0.3033,0.0501,0.071,0.1123,0.1511,Everyday Essentials Loyalists
C00498,41-50,South,Classic,29,129,236268.3,1831.54,8,0,0.1119,0.2441,0.0291,0.087,0.0825,0.2921,0.1258,0.0275,Digital Shoppers (New)
C00499,41-50,North,Classic,40,166,161089.44,970.42,8,0,0.0609,0.0851,0.1723,0.3413,0.0346,0.0858,0.1075,0.1126,Everyday Essentials Loyalists
C00500,41-50,North,Classic,6,129,243299.46,1886.04,8,2,0.1107,0.1984,0.0201,0.0633,0.1082,0.3329,0.1131,0.0533,Digital Shoppers (New)
C00501,31-40,North,Gold,20,35,44133.97,1260.97,7,26,0.1811,0.1343,0.0,0.1998,0.2034,0.1609,0.0258,0.0946,Low-Engagement Occasional
C00502,21-30,South,Classic,36,12,13330.07,1110.84,6,298,0.0,0.1481,0.0489,0.1889,0.0,0.1399,0.316,0.1582,Lapsed / Dormant
C00503,21-30,North,Classic,48,35,50605.24,1445.86,8,174,0.2605,0.051,0.0848,0.2793,0.0222,0.1327,0.0977,0.0716,Lapsed / Dormant
C00504,41-50,East,Classic,22,130,275571.59,2119.78,8,0,0.1001,0.186,0.0076,0.0574,0.0268,0.4021,0.1391,0.081,Digital Shoppers (New)
C00505,41-50,West,Classic,27,140,273951.46,1956.8,8,0,0.107,0.2453,0.075,0.0367,0.0759,0.3025,0.0699,0.0877,Digital Shoppers (New)
C00506,41-50,South,Platinum,25,34,45996.08,1352.83,8,6,0.1171,0.0701,0.0381,0.1515,0.0237,0.0213,0.228,0.3503,Low-Engagement Occasional
C00507,31-40,North,Platinum,41,175,189784.58,1084.48,8,2,0.1293,0.0754,0.1647,0.3567,0.0163,0.0867,0.0619,0.109,Everyday Essentials Loyalists
C00508,21-30,South,Classic,28,33,47499.2,1439.37,7,2,0.1364,0.1238,0.0597,0.0775,0.0162,0.1947,0.0,0.3916,Low-Engagement Occasional
C00509,21-30,West,Classic,7,149,285930.27,1919.0,8,1,0.0769,0.1984,0.0418,0.0387,0.0618,0.4116,0.1203,0.0504,Digital Shoppers (New)
C00510,41-50,East,Classic,67,111,869885.23,7836.8,8,0,0.1728,0.0565,0.0141,0.0806,0.0343,0.1233,0.4968,0.0215,Premium Travel & Dining Elite
C00511,31-40,North,Platinum,63,99,823710.42,8320.31,8,0,0.1955,0.1033,0.0226,0.0494,0.0688,0.148,0.4053,0.0073,Premium Travel & Dining Elite
C00512,41-50,South,Classic,31,28,58587.24,2092.4,8,14,0.1188,0.085,0.0176,0.1265,0.2526,0.1006,0.1437,0.1551,Low-Engagement Occasional
C00513,21-30,South,Platinum,63,96,806394.81,8399.95,8,7,0.1971,0.0493,0.0139,0.087,0.0435,0.172,0.4063,0.0309,Premium Travel & Dining Elite
C00514,31-40,South,Classic,48,178,211255.92,1186.83,8,1,0.0882,0.0501,0.2555,0.2303,0.0664,0.1163,0.0484,0.1448,Everyday Essentials Loyalists
C00515,51+,North,Gold,48,147,163033.5,1109.07,8,0,0.0939,0.1223,0.1853,0.3089,0.0385,0.0757,0.0656,0.1098,Everyday Essentials Loyalists
C00516,21-30,West,Classic,33,177,193620.35,1093.9,8,2,0.1099,0.0417,0.1866,0.3653,0.0511,0.0717,0.0472,0.1265,Everyday Essentials Loyalists
C00517,21-30,North,Gold,50,163,202669.71,1243.37,8,0,0.0709,0.0747,0.2133,0.2441,0.0195,0.111,0.1366,0.1299,Everyday Essentials Loyalists
C00518,41-50,North,Gold,32,35,51716.8,1477.62,8,8,0.0509,0.2092,0.0166,0.1632,0.0375,0.2347,0.072,0.2159,Low-Engagement Occasional
C00519,31-40,North,Platinum,55,103,922578.57,8957.07,8,0,0.1121,0.0463,0.0036,0.0572,0.0436,0.1653,0.5153,0.0566,Premium Travel & Dining Elite
C00520,51+,East,Classic,32,22,26758.52,1216.3,6,13,0.3314,0.0924,0.0,0.1826,0.1218,0.0556,0.0,0.2162,Low-Engagement Occasional
C00521,51+,South,Classic,33,31,42209.18,1361.59,8,5,0.0574,0.1325,0.1294,0.1118,0.1414,0.0497,0.1622,0.2155,Low-Engagement Occasional
C00522,41-50,North,Classic,52,168,193776.56,1153.43,8,0,0.0627,0.0834,0.2138,0.3276,0.0366,0.082,0.0809,0.1131,Everyday Essentials Loyalists
C00523,21-30,South,Classic,31,175,207001.67,1182.87,8,0,0.0617,0.0693,0.1848,0.3127,0.067,0.1102,0.1005,0.0939,Everyday Essentials Loyalists
C00524,31-40,East,Classic,27,134,241936.64,1805.5,8,2,0.1729,0.1267,0.0232,0.0237,0.0746,0.4678,0.0848,0.0264,Digital Shoppers (New)
C00525,51+,North,Gold,60,100,875607.94,8756.08,8,4,0.1582,0.0893,0.0094,0.0432,0.0407,0.1427,0.5018,0.0148,Premium Travel & Dining Elite
C00526,31-40,West,Platinum,36,151,161256.03,1067.92,8,2,0.0628,0.0589,0.2218,0.312,0.0348,0.0919,0.0755,0.1424,Everyday Essentials Loyalists
C00527,51+,South,Classic,42,48,63869.35,1330.61,8,140,0.0818,0.1192,0.1125,0.1345,0.0531,0.0561,0.2653,0.1775,Lapsed / Dormant
C00528,41-50,North,Classic,37,39,54772.44,1404.42,8,147,0.2874,0.0993,0.0576,0.0797,0.0504,0.087,0.3125,0.0261,Lapsed / Dormant
C00529,21-30,West,Classic,12,37,59021.35,1595.17,8,30,0.0223,0.0956,0.0959,0.1961,0.1114,0.0684,0.0817,0.3285,Low-Engagement Occasional
C00530,31-40,West,Platinum,48,158,176958.94,1119.99,8,0,0.0762,0.0841,0.2288,0.3133,0.0684,0.0854,0.0551,0.0888,Everyday Essentials Loyalists
C00531,41-50,South,Gold,49,27,35239.78,1305.18,8,28,0.1871,0.1838,0.0091,0.1602,0.0581,0.0972,0.1099,0.1946,Low-Engagement Occasional
C00532,21-30,West,Gold,13,40,44698.17,1117.45,8,0,0.0236,0.1193,0.0494,0.2656,0.0663,0.1676,0.0881,0.2202,Low-Engagement Occasional
C00533,31-40,South,Classic,32,192,217916.87,1134.98,8,1,0.122,0.0382,0.1945,0.3122,0.0667,0.1155,0.0495,0.1014,Everyday Essentials Loyalists
C00534,41-50,South,Classic,21,122,230510.87,1889.43,8,17,0.118,0.2504,0.0362,0.0446,0.0355,0.4081,0.0761,0.031,Digital Shoppers (New)
C00535,21-30,West,Platinum,59,108,1127059.44,10435.74,7,0,0.1504,0.0578,0.0087,0.032,0.0196,0.092,0.6396,0.0,Premium Travel & Dining Elite
C00536,31-40,West,Classic,50,178,187981.03,1056.07,8,1,0.1028,0.0494,0.1853,0.3341,0.0319,0.0873,0.0602,0.1491,Everyday Essentials Loyalists
C00537,41-50,North,Classic,12,144,297014.11,2062.6,8,2,0.133,0.1726,0.0482,0.0438,0.0644,0.3251,0.1378,0.075,Digital Shoppers (New)
C00538,41-50,East,Gold,36,168,181535.24,1080.57,8,1,0.0829,0.0614,0.1411,0.3779,0.0523,0.081,0.0743,0.1291,Everyday Essentials Loyalists
C00539,31-40,South,Platinum,39,141,181110.5,1284.47,8,1,0.0687,0.0382,0.2322,0.1819,0.0239,0.1197,0.1718,0.1636,Everyday Essentials Loyalists
C00540,51+,North,Classic,6,25,50417.79,2016.71,8,30,0.0533,0.0814,0.0742,0.1719,0.1695,0.0527,0.2601,0.1369,Low-Engagement Occasional
C00541,51+,West,Gold,36,12,14925.71,1243.81,7,310,0.2652,0.0753,0.224,0.0549,0.2464,0.0512,0.0,0.083,Lapsed / Dormant
C00542,31-40,South,Gold,23,141,258919.54,1836.31,8,1,0.136,0.1657,0.0454,0.0618,0.078,0.3275,0.1293,0.0563,Digital Shoppers (New)
C00543,21-30,East,Classic,41,24,26328.48,1097.02,7,8,0.1149,0.0983,0.1502,0.1385,0.2233,0.1132,0.0,0.1617,Low-Engagement Occasional
C00544,41-50,East,Gold,62,41,48985.69,1194.77,8,170,0.1565,0.1327,0.122,0.2451,0.0138,0.1201,0.1108,0.099,Lapsed / Dormant
C00545,21-30,East,Classic,46,148,177131.3,1196.83,8,4,0.1129,0.0234,0.2118,0.37,0.0549,0.0861,0.0391,0.1017,Everyday Essentials Loyalists
C00546,41-50,North,Classic,3,139,233366.93,1678.9,8,0,0.1481,0.218,0.0383,0.0521,0.0501,0.3414,0.0495,0.1024,Digital Shoppers (New)
C00547,31-40,West,Classic,35,176,183771.98,1044.16,8,0,0.0533,0.0802,0.166,0.394,0.0337,0.1115,0.0481,0.1133,Everyday Essentials Loyalists
C00548,31-40,East,Classic,73,118,894052.95,7576.72,8,3,0.198,0.0411,0.0074,0.0441,0.0439,0.1403,0.4914,0.0339,Premium Travel & Dining Elite
C00549,31-40,East,Gold,46,32,46187.28,1443.35,8,27,0.1273,0.0623,0.1146,0.1805,0.0331,0.0402,0.076,0.3659,Low-Engagement Occasional
C00550,31-40,South,Gold,55,179,206580.56,1154.08,8,7,0.1169,0.0328,0.1715,0.2868,0.0318,0.0768,0.1224,0.1611,Everyday Essentials Loyalists
C00551,51+,North,Classic,11,132,302335.08,2290.42,8,3,0.0761,0.18,0.055,0.0598,0.042,0.2839,0.2785,0.0248,Digital Shoppers (New)
C00552,21-30,North,Platinum,28,175,198173.05,1132.42,8,0,0.0594,0.1139,0.1573,0.2768,0.0423,0.0707,0.1643,0.1151,Everyday Essentials Loyalists
C00553,51+,South,Classic,41,151,183254.22,1213.6,8,0,0.1289,0.0725,0.1401,0.273,0.0558,0.1094,0.1242,0.096,Everyday Essentials Loyalists
C00554,21-30,North,Platinum,48,16,16276.87,1017.3,7,295,0.2282,0.0785,0.1421,0.1753,0.0471,0.0891,0.2397,0.0,Lapsed / Dormant
C00555,41-50,East,Platinum,75,94,820857.56,8732.53,8,2,0.1202,0.0769,0.0204,0.0256,0.0698,0.1494,0.5046,0.0331,Premium Travel & Dining Elite
C00556,51+,West,Classic,44,175,186696.13,1066.84,8,1,0.0856,0.1086,0.1407,0.3222,0.0394,0.1637,0.0582,0.0816,Everyday Essentials Loyalists
C00557,31-40,South,Classic,42,181,195574.21,1080.52,8,0,0.0504,0.035,0.1977,0.2821,0.0475,0.1094,0.105,0.1728,Everyday Essentials Loyalists
C00558,21-30,South,Classic,14,152,319128.91,2099.53,8,3,0.1472,0.2367,0.0596,0.0355,0.053,0.2944,0.1415,0.0322,Digital Shoppers (New)
C00559,41-50,East,Classic,17,128,287919.16,2249.37,8,7,0.0762,0.1897,0.077,0.0766,0.0879,0.322,0.1094,0.0612,Digital Shoppers (New)
C00560,41-50,North,Gold,20,131,227194.01,1734.31,8,6,0.1469,0.2291,0.0176,0.1025,0.0683,0.3094,0.0792,0.047,Digital Shoppers (New)
C00561,31-40,West,Gold,52,119,1010226.85,8489.3,8,0,0.1932,0.0796,0.0189,0.0614,0.0288,0.1589,0.4387,0.0205,Premium Travel & Dining Elite
C00562,31-40,South,Classic,31,181,179608.86,992.31,8,0,0.0919,0.0475,0.1532,0.3618,0.0452,0.0615,0.0418,0.197,Everyday Essentials Loyalists
C00563,41-50,North,Classic,43,34,50222.04,1477.12,7,9,0.1274,0.1084,0.0694,0.1336,0.1145,0.0714,0.0,0.3752,Low-Engagement Occasional
C00564,21-30,North,Classic,3,135,283658.14,2101.17,8,3,0.0944,0.2424,0.0453,0.0633,0.0711,0.2308,0.1308,0.1219,Digital Shoppers (New)
C00565,41-50,West,Platinum,30,131,237614.49,1813.85,8,4,0.1096,0.1533,0.0608,0.0827,0.0637,0.385,0.0949,0.0501,Digital Shoppers (New)
C00566,31-40,North,Gold,10,31,36810.28,1187.43,8,0,0.1963,0.1221,0.1956,0.1489,0.1326,0.0218,0.0502,0.1325,Low-Engagement Occasional
C00567,21-30,East,Classic,24,25,31859.11,1274.36,5,12,0.1385,0.0,0.0,0.2244,0.0737,0.2781,0.0,0.2853,Low-Engagement Occasional
C00568,41-50,North,Platinum,69,125,993563.96,7948.51,8,4,0.13,0.0729,0.0126,0.1453,0.0405,0.1298,0.4415,0.0275,Premium Travel & Dining Elite
C00569,31-40,North,Classic,42,165,186776.66,1131.98,8,0,0.1036,0.03,0.2139,0.2801,0.0445,0.0913,0.1026,0.1341,Everyday Essentials Loyalists
C00570,51+,West,Classic,3,117,221835.45,1896.03,8,4,0.1493,0.195,0.0143,0.0467,0.0725,0.3467,0.1085,0.0671,Digital Shoppers (New)
C00571,31-40,North,Classic,46,168,188512.22,1122.1,8,1,0.1031,0.0557,0.1464,0.3226,0.0399,0.123,0.0813,0.1281,Everyday Essentials Loyalists
C00572,31-40,North,Gold,30,32,39236.0,1226.13,8,19,0.1489,0.0923,0.0714,0.15,0.0481,0.0405,0.1437,0.3051,Low-Engagement Occasional
C00573,31-40,South,Gold,11,120,223515.72,1862.63,8,0,0.0842,0.2176,0.0558,0.0582,0.0393,0.4065,0.0913,0.047,Digital Shoppers (New)
C00574,31-40,West,Classic,23,26,42966.99,1652.58,8,29,0.1141,0.0223,0.0399,0.1791,0.1834,0.0964,0.2196,0.1451,Low-Engagement Occasional
C00575,41-50,South,Classic,29,31,46584.02,1502.71,6,13,0.0644,0.0,0.1613,0.1403,0.2008,0.2954,0.0,0.1379,Low-Engagement Occasional
C00576,41-50,North,Classic,8,129,251727.72,1951.38,8,1,0.156,0.1844,0.0194,0.0407,0.0206,0.3292,0.1716,0.0781,Digital Shoppers (New)
C00577,41-50,West,Gold,72,21,27823.84,1324.94,8,253,0.0805,0.0854,0.0704,0.2306,0.0139,0.0288,0.305,0.1854,Lapsed / Dormant
C00578,31-40,East,Gold,11,123,248082.03,2016.93,8,0,0.0957,0.2834,0.0347,0.0823,0.0368,0.3502,0.0611,0.0558,Digital Shoppers (New)
C00579,31-40,West,Classic,26,36,53674.36,1490.95,8,8,0.0692,0.0357,0.0688,0.1666,0.1714,0.2871,0.0483,0.1529,Low-Engagement Occasional
C00580,21-30,West,Classic,36,160,185873.62,1161.71,8,1,0.1103,0.0299,0.1584,0.3956,0.0235,0.0873,0.0854,0.1095,Everyday Essentials Loyalists
C00581,41-50,East,Classic,31,126,242227.75,1922.44,8,5,0.1339,0.2141,0.053,0.071,0.0722,0.343,0.0732,0.0397,Digital Shoppers (New)
C00582,31-40,South,Classic,3,145,260995.47,1799.97,8,0,0.1414,0.2072,0.0484,0.0434,0.067,0.3293,0.0878,0.0754,Digital Shoppers (New)
C00583,31-40,South,Platinum,63,127,1067010.56,8401.66,8,0,0.2127,0.0375,0.0178,0.0642,0.0696,0.138,0.4207,0.0395,Premium Travel & Dining Elite
C00584,31-40,West,Classic,39,177,193606.19,1093.82,8,1,0.0846,0.0509,0.1642,0.2847,0.0792,0.0634,0.0346,0.2383,Everyday Essentials Loyalists
C00585,31-40,West,Classic,33,13,14336.26,1102.79,6,294,0.235,0.0,0.1762,0.1287,0.0,0.028,0.3064,0.1256,Lapsed / Dormant
C00586,41-50,West,Classic,5,120,227425.69,1895.21,8,1,0.1104,0.2553,0.0321,0.0444,0.0438,0.3461,0.0952,0.0728,Digital Shoppers (New)
C00587,41-50,East,Classic,45,173,228606.21,1321.42,8,0,0.1127,0.0171,0.1816,0.2755,0.0515,0.0837,0.1518,0.1261,Everyday Essentials Loyalists
C00588,51+,North,Gold,33,151,177545.33,1175.8,8,0,0.1469,0.0526,0.1794,0.3106,0.0368,0.0714,0.1419,0.0605,Everyday Essentials Loyalists
C00589,21-30,South,Classic,44,169,193364.81,1144.17,8,0,0.1281,0.0416,0.1642,0.3094,0.0453,0.1062,0.1264,0.0787,Everyday Essentials Loyalists
C00590,31-40,East,Gold,77,97,775395.2,7993.76,8,4,0.1352,0.0748,0.0195,0.1002,0.0263,0.15,0.4831,0.0107,Premium Travel & Dining Elite
C00591,21-30,South,Classic,49,27,38060.59,1409.65,6,241,0.2295,0.1028,0.272,0.1673,0.0,0.0806,0.0,0.1478,Lapsed / Dormant
C00592,41-50,West,Gold,3,114,225084.71,1974.43,8,2,0.0967,0.2615,0.032,0.0547,0.0297,0.3924,0.0875,0.0454,Digital Shoppers (New)
C00593,41-50,East,Classic,33,159,201568.05,1267.72,8,1,0.0775,0.0677,0.1324,0.3765,0.0261,0.0865,0.1073,0.126,Everyday Essentials Loyalists
C00594,31-40,North,Classic,11,149,297638.49,1997.57,8,1,0.1056,0.1768,0.0261,0.1116,0.0481,0.2719,0.1926,0.0673,Digital Shoppers (New)
C00595,41-50,East,Gold,56,112,872691.45,7791.89,8,0,0.1612,0.0835,0.0206,0.056,0.0434,0.1327,0.4715,0.031,Premium Travel & Dining Elite
C00596,31-40,East,Platinum,43,193,222268.64,1151.65,8,0,0.0884,0.0334,0.2451,0.2728,0.0471,0.0779,0.1113,0.124,Everyday Essentials Loyalists
C00597,21-30,West,Gold,33,26,32530.52,1251.17,8,32,0.085,0.0813,0.1862,0.1945,0.0315,0.2539,0.043,0.1246,Low-Engagement Occasional
C00598,31-40,South,Classic,31,126,236869.85,1879.92,8,4,0.1105,0.2982,0.0206,0.0575,0.0481,0.3878,0.07,0.0073,Digital Shoppers (New)
C00599,21-30,East,Classic,47,21,22376.04,1065.53,7,244,0.1018,0.0239,0.1333,0.2738,0.2003,0.0,0.0633,0.2036,Lapsed / Dormant
C00600,51+,South,Platinum,3,141,276958.17,1964.24,8,1,0.0698,0.1417,0.0554,0.0696,0.0579,0.4221,0.1284,0.0551,Digital Shoppers (New)
C00601,41-50,South,Gold,25,131,257496.17,1965.62,8,0,0.0981,0.1857,0.0452,0.0532,0.0449,0.3627,0.156,0.0543,Digital Shoppers (New)
C00602,41-50,North,Classic,42,25,31672.36,1266.89,8,14,0.148,0.0822,0.0213,0.1887,0.1096,0.1313,0.1449,0.174,Low-Engagement Occasional
C00603,51+,West,Gold,50,19,24745.74,1302.41,6,269,0.1175,0.0,0.2217,0.1232,0.0,0.1653,0.3273,0.045,Lapsed / Dormant
C00604,41-50,West,Platinum,27,32,46242.54,1445.08,7,5,0.0363,0.0,0.1307,0.2159,0.1449,0.1604,0.1444,0.1673,Low-Engagement Occasional
C00605,31-40,South,Classic,54,49,70797.34,1444.84,8,156,0.05,0.0324,0.1235,0.1658,0.2896,0.2085,0.0496,0.0806,Lapsed / Dormant
C00606,21-30,East,Classic,27,48,57078.49,1189.14,7,8,0.0312,0.0815,0.1373,0.3188,0.2086,0.0867,0.0,0.1359,Low-Engagement Occasional
C00607,31-40,North,Gold,27,38,42046.4,1106.48,8,156,0.1704,0.0248,0.0794,0.0994,0.0388,0.3656,0.051,0.1705,Lapsed / Dormant
C00608,51+,East,Platinum,65,110,938242.57,8529.48,8,4,0.1367,0.0884,0.0491,0.0454,0.0349,0.1318,0.458,0.0556,Premium Travel & Dining Elite
C00609,51+,South,Classic,38,29,48140.09,1660.0,8,0,0.1249,0.0458,0.2281,0.171,0.07,0.1485,0.1505,0.0612,Low-Engagement Occasional
C00610,41-50,West,Classic,28,125,251129.42,2009.04,8,0,0.1404,0.1947,0.0532,0.0624,0.0833,0.3002,0.1118,0.0539,Digital Shoppers (New)
C00611,21-30,North,Classic,6,136,266729.45,1961.25,8,0,0.1591,0.1938,0.0481,0.0597,0.0666,0.382,0.0402,0.0505,Digital Shoppers (New)
C00612,21-30,West,Gold,16,115,219133.17,1905.51,8,2,0.0857,0.1965,0.0179,0.026,0.1083,0.3833,0.1606,0.0217,Digital Shoppers (New)
C00613,51+,North,Classic,50,28,43157.22,1541.33,7,271,0.1745,0.0814,0.0568,0.2143,0.0,0.0995,0.2902,0.0832,Lapsed / Dormant
C00614,21-30,East,Classic,48,9,7604.43,844.94,4,292,0.0731,0.0,0.1522,0.3732,0.0,0.4014,0.0,0.0,Lapsed / Dormant
C00615,31-40,East,Gold,43,146,171008.07,1171.29,8,2,0.1058,0.0876,0.2008,0.2378,0.0289,0.1005,0.0847,0.1538,Everyday Essentials Loyalists
C00616,31-40,North,Classic,30,29,39184.07,1351.17,7,3,0.1127,0.0295,0.0889,0.4161,0.1035,0.1172,0.0,0.1321,Low-Engagement Occasional
C00617,31-40,South,Classic,32,34,42873.34,1260.98,8,2,0.1392,0.1509,0.0335,0.2648,0.0841,0.1119,0.0579,0.1579,Low-Engagement Occasional
C00618,41-50,West,Gold,49,175,181668.43,1038.11,8,10,0.082,0.032,0.151,0.373,0.0116,0.1092,0.1082,0.1329,Everyday Essentials Loyalists
C00619,51+,East,Gold,72,94,701679.71,7464.68,8,5,0.1378,0.0888,0.0215,0.0809,0.0425,0.1907,0.3933,0.0445,Premium Travel & Dining Elite
C00620,41-50,North,Platinum,52,93,815713.9,8771.12,8,4,0.1871,0.0189,0.0313,0.0497,0.0194,0.131,0.536,0.0267,Premium Travel & Dining Elite
C00621,31-40,South,Classic,28,38,52677.06,1386.24,8,17,0.1863,0.0498,0.1107,0.1952,0.1425,0.1057,0.0738,0.1361,Low-Engagement Occasional
C00622,31-40,South,Classic,9,122,236126.28,1935.46,8,1,0.1003,0.3163,0.0518,0.0737,0.051,0.2595,0.0801,0.0674,Digital Shoppers (New)
C00623,51+,East,Gold,42,20,35346.49,1767.32,7,262,0.0616,0.1636,0.171,0.1428,0.1255,0.1552,0.0,0.1803,Lapsed / Dormant
C00624,31-40,East,Gold,3,126,267790.16,2125.32,8,1,0.0816,0.2064,0.0296,0.0541,0.0612,0.3696,0.1384,0.059,Digital Shoppers (New)
C00625,31-40,North,Gold,48,53,61928.85,1168.47,8,126,0.0568,0.008,0.0371,0.2075,0.007,0.3451,0.2336,0.105,Lapsed / Dormant
C00626,41-50,East,Classic,46,188,233225.61,1240.56,8,13,0.1016,0.0694,0.2245,0.3105,0.0463,0.0903,0.068,0.0894,Everyday Essentials Loyalists
C00627,21-30,West,Gold,28,32,52769.74,1649.05,7,2,0.0479,0.1142,0.0959,0.2124,0.0,0.1305,0.3261,0.073,Low-Engagement Occasional
C00628,21-30,West,Platinum,59,121,941320.73,7779.51,8,16,0.129,0.0321,0.0197,0.0788,0.0484,0.1352,0.5331,0.0237,Premium Travel & Dining Elite
C00629,51+,North,Classic,18,133,260637.28,1959.68,8,0,0.0988,0.1953,0.0218,0.0594,0.0768,0.3598,0.1706,0.0173,Digital Shoppers (New)
C00630,41-50,South,Classic,44,30,38210.29,1273.68,8,5,0.2269,0.0572,0.1717,0.2503,0.0567,0.0725,0.0621,0.1027,Low-Engagement Occasional
C00631,21-30,South,Classic,43,34,41183.54,1211.28,7,183,0.0242,0.0971,0.296,0.1739,0.0,0.162,0.0574,0.1893,Lapsed / Dormant
C00632,31-40,North,Classic,18,32,40092.43,1252.89,7,13,0.0556,0.0627,0.2283,0.1048,0.0595,0.1475,0.0,0.3416,Low-Engagement Occasional
C00633,51+,South,Platinum,59,100,849258.54,8492.59,8,2,0.1538,0.0484,0.0699,0.0392,0.044,0.1944,0.4236,0.0267,Premium Travel & Dining Elite
C00634,41-50,North,Classic,60,152,165068.04,1085.97,8,1,0.0975,0.0583,0.1899,0.2954,0.0115,0.1042,0.066,0.177,Everyday Essentials Loyalists
C00635,41-50,North,Gold,48,123,1075892.44,8747.09,8,0,0.1475,0.0294,0.0352,0.0693,0.0581,0.1504,0.4808,0.0293,Premium Travel & Dining Elite
C00636,21-30,East,Platinum,66,97,726517.24,7489.87,8,1,0.1917,0.0839,0.0225,0.086,0.0597,0.1787,0.359,0.0185,Premium Travel & Dining Elite
C00637,51+,North,Classic,41,38,48550.48,1277.64,8,2,0.1535,0.0269,0.1096,0.1856,0.1052,0.09,0.0762,0.253,Low-Engagement Occasional
C00638,51+,West,Classic,6,27,37263.34,1380.12,7,1,0.0,0.0906,0.2242,0.1957,0.2388,0.0343,0.0756,0.1409,Low-Engagement Occasional
C00639,31-40,North,Gold,34,39,55115.62,1413.22,8,1,0.0329,0.0714,0.1046,0.0906,0.1315,0.1937,0.1154,0.2599,Low-Engagement Occasional
C00640,31-40,East,Platinum,54,20,25107.54,1255.38,6,264,0.1735,0.0725,0.0872,0.475,0.0,0.1399,0.0,0.0519,Lapsed / Dormant
C00641,41-50,South,Gold,27,27,32247.13,1194.34,7,5,0.1051,0.1536,0.0946,0.2447,0.1966,0.1493,0.0,0.0561,Low-Engagement Occasional
C00642,41-50,West,Classic,23,29,43820.92,1511.07,7,50,0.1289,0.0848,0.1652,0.1566,0.0907,0.1193,0.0,0.2545,Low-Engagement Occasional
C00643,41-50,West,Platinum,54,111,901529.04,8121.88,8,4,0.1345,0.0377,0.0626,0.0692,0.0508,0.1602,0.4727,0.0122,Premium Travel & Dining Elite
C00644,51+,South,Classic,38,152,154345.91,1015.43,8,1,0.0793,0.0365,0.188,0.3068,0.0244,0.0828,0.0946,0.1875,Everyday Essentials Loyalists
C00645,41-50,East,Gold,10,131,284354.43,2170.64,8,1,0.1444,0.188,0.0206,0.0966,0.0788,0.3399,0.1225,0.0093,Digital Shoppers (New)
C00646,31-40,North,Classic,25,24,32643.79,1360.16,8,3,0.0176,0.1027,0.0727,0.2781,0.0471,0.1673,0.0492,0.2653,Low-Engagement Occasional
C00647,31-40,East,Gold,56,105,937847.1,8931.88,8,0,0.1005,0.082,0.0293,0.0601,0.0746,0.1521,0.4702,0.031,Premium Travel & Dining Elite
C00648,41-50,North,Gold,25,136,244668.02,1799.03,8,4,0.04,0.2432,0.0469,0.0563,0.068,0.3241,0.1582,0.0633,Digital Shoppers (New)
C00649,31-40,South,Platinum,17,19,22585.88,1188.73,7,23,0.151,0.0239,0.102,0.1903,0.0942,0.2808,0.0,0.1578,Low-Engagement Occasional
C00650,21-30,North,Gold,42,115,829418.86,7212.34,8,1,0.1932,0.0771,0.0176,0.0367,0.0866,0.1513,0.4152,0.0223,Premium Travel & Dining Elite
C00651,41-50,West,Platinum,54,173,217350.06,1256.36,8,4,0.0973,0.0948,0.2006,0.2432,0.0306,0.104,0.0973,0.1322,Everyday Essentials Loyalists
C00652,31-40,South,Gold,46,30,32576.61,1085.89,8,182,0.0809,0.0612,0.0419,0.2357,0.047,0.0575,0.1905,0.2853,Lapsed / Dormant
C00653,41-50,East,Classic,26,31,41882.14,1351.04,7,48,0.3557,0.0354,0.1083,0.1322,0.0561,0.1402,0.0,0.1721,Low-Engagement Occasional
C00654,21-30,South,Classic,40,180,188395.17,1046.64,8,1,0.1004,0.0454,0.2356,0.3522,0.0306,0.075,0.0406,0.1203,Everyday Essentials Loyalists
C00655,31-40,North,Classic,32,42,51180.41,1218.58,7,14,0.0747,0.0736,0.2231,0.139,0.1085,0.0626,0.0,0.3185,Low-Engagement Occasional
C00656,31-40,North,Classic,36,180,198414.5,1102.3,8,2,0.0707,0.0344,0.2228,0.3574,0.0272,0.1534,0.031,0.1031,Everyday Essentials Loyalists
C00657,41-50,West,Classic,35,30,34902.43,1163.41,7,14,0.1047,0.2008,0.0943,0.2708,0.0439,0.0726,0.0,0.2129,Low-Engagement Occasional
C00658,41-50,West,Classic,32,172,184257.14,1071.26,8,0,0.0628,0.0447,0.2165,0.3702,0.0662,0.0892,0.0483,0.102,Everyday Essentials Loyalists
C00659,31-40,North,Gold,10,140,262106.87,1872.19,8,6,0.1871,0.1543,0.0324,0.0437,0.0493,0.3969,0.0944,0.0418,Digital Shoppers (New)
C00660,31-40,West,Classic,19,166,173024.64,1042.32,8,0,0.1089,0.0446,0.1748,0.31,0.0588,0.0617,0.0583,0.1829,Everyday Essentials Loyalists
C00661,21-30,South,Classic,53,189,220716.69,1167.81,8,2,0.1193,0.056,0.1587,0.3519,0.0232,0.1276,0.0592,0.1042,Everyday Essentials Loyalists
C00662,41-50,North,Classic,46,25,32034.26,1281.37,7,238,0.0766,0.1497,0.1008,0.4109,0.0395,0.1729,0.0,0.0495,Lapsed / Dormant
C00663,51+,South,Classic,48,165,173614.75,1052.21,8,6,0.0926,0.0541,0.1833,0.3647,0.0399,0.1047,0.0918,0.0689,Everyday Essentials Loyalists
C00664,41-50,North,Platinum,64,92,687260.04,7470.22,8,7,0.2379,0.0735,0.0248,0.0844,0.0284,0.2094,0.3047,0.037,Premium Travel & Dining Elite
C00665,21-30,North,Classic,47,178,213027.17,1196.78,8,0,0.1019,0.0466,0.1741,0.3154,0.0643,0.0955,0.0937,0.1086,Everyday Essentials Loyalists
C00666,41-50,East,Classic,29,30,49620.6,1654.02,7,5,0.1662,0.0277,0.1195,0.1762,0.24,0.1713,0.0,0.0991,Low-Engagement Occasional
C00667,31-40,North,Gold,33,35,43652.69,1247.22,8,3,0.1154,0.1382,0.0211,0.0643,0.1479,0.1493,0.0928,0.2711,Low-Engagement Occasional
C00668,21-30,West,Gold,38,40,52872.19,1321.8,7,162,0.0771,0.0627,0.0509,0.4584,0.0,0.196,0.014,0.1409,Lapsed / Dormant
C00669,21-30,East,Classic,30,180,213542.42,1186.35,8,4,0.1192,0.0588,0.2233,0.2392,0.0477,0.133,0.047,0.1318,Everyday Essentials Loyalists
C00670,21-30,West,Gold,40,163,172121.21,1055.96,8,2,0.1673,0.0321,0.263,0.3071,0.0124,0.0713,0.0279,0.1191,Everyday Essentials Loyalists
C00671,21-30,East,Gold,53,119,1088474.43,9146.84,8,6,0.1162,0.0538,0.0313,0.0675,0.0531,0.1027,0.5291,0.0464,Premium Travel & Dining Elite
C00672,41-50,West,Classic,28,135,257968.02,1910.87,8,2,0.1044,0.2752,0.0276,0.0266,0.0192,0.3225,0.1741,0.0504,Digital Shoppers (New)
C00673,31-40,South,Classic,51,49,67775.47,1383.17,8,144,0.0991,0.0421,0.042,0.2541,0.0281,0.123,0.3129,0.0987,Lapsed / Dormant
C00674,41-50,South,Classic,22,28,45567.88,1627.42,8,11,0.1176,0.151,0.0429,0.1404,0.0197,0.0348,0.3063,0.1872,Low-Engagement Occasional
C00675,51+,South,Platinum,11,135,251833.71,1865.43,8,1,0.1459,0.2645,0.0203,0.086,0.0227,0.3276,0.0803,0.0529,Digital Shoppers (New)
C00676,31-40,West,Gold,43,165,177386.16,1075.07,8,0,0.1026,0.0669,0.2225,0.3117,0.0386,0.0547,0.0758,0.1272,Everyday Essentials Loyalists
C00677,31-40,North,Classic,47,24,28472.24,1186.34,8,267,0.2407,0.0297,0.1351,0.0223,0.1506,0.1702,0.0753,0.1761,Lapsed / Dormant
C00678,41-50,East,Gold,16,144,304078.12,2111.65,8,0,0.1317,0.2185,0.0402,0.0417,0.0421,0.297,0.1796,0.0491,Digital Shoppers (New)
C00679,21-30,West,Platinum,60,116,914458.66,7883.26,8,1,0.1766,0.069,0.0281,0.0726,0.0653,0.1455,0.3994,0.0435,Premium Travel & Dining Elite
C00680,31-40,South,Gold,28,165,167490.29,1015.09,8,1,0.106,0.064,0.1997,0.2689,0.0675,0.102,0.0436,0.1483,Everyday Essentials Loyalists
C00681,31-40,West,Platinum,38,105,876351.99,8346.21,8,4,0.1323,0.0645,0.0387,0.0755,0.0331,0.1226,0.4919,0.0414,Premium Travel & Dining Elite
C00682,41-50,South,Classic,38,157,176442.24,1123.84,8,1,0.0927,0.044,0.2184,0.3364,0.0238,0.1022,0.0423,0.1403,Everyday Essentials Loyalists
C00683,41-50,North,Classic,65,121,1174965.17,9710.46,8,1,0.1086,0.0538,0.0113,0.0618,0.0354,0.1145,0.5562,0.0583,Premium Travel & Dining Elite
C00684,41-50,East,Classic,10,128,254528.07,1988.5,8,1,0.1039,0.2004,0.037,0.0698,0.0824,0.2839,0.1545,0.0681,Digital Shoppers (New)
C00685,41-50,South,Gold,26,148,285278.94,1927.56,8,2,0.1221,0.2422,0.0452,0.0768,0.0629,0.3462,0.0616,0.0431,Digital Shoppers (New)
C00686,31-40,North,Classic,41,163,167769.14,1029.26,8,3,0.1038,0.055,0.1656,0.3352,0.0292,0.128,0.0215,0.1617,Everyday Essentials Loyalists
C00687,41-50,North,Classic,55,172,199231.3,1158.32,8,0,0.0981,0.0623,0.1989,0.3498,0.0371,0.0753,0.0895,0.0892,Everyday Essentials Loyalists
C00688,51+,North,Classic,59,30,66922.34,2230.74,7,238,0.0455,0.0291,0.1023,0.1033,0.0,0.1974,0.4605,0.0619,Lapsed / Dormant
C00689,31-40,West,Platinum,40,23,36008.13,1565.57,7,5,0.0226,0.0316,0.0,0.1533,0.1652,0.2615,0.2451,0.1207,Low-Engagement Occasional
C00690,51+,West,Gold,3,136,250881.96,1844.72,8,0,0.1385,0.2381,0.0272,0.0806,0.0264,0.2786,0.1631,0.0475,Digital Shoppers (New)
C00691,51+,South,Classic,42,192,205646.63,1071.08,8,1,0.1222,0.0647,0.2148,0.2869,0.0302,0.0927,0.0337,0.1548,Everyday Essentials Loyalists
C00692,31-40,North,Classic,60,19,23099.65,1215.77,6,291,0.0411,0.0,0.0964,0.3203,0.0,0.4222,0.0633,0.0567,Lapsed / Dormant
C00693,21-30,South,Gold,44,135,144420.33,1069.78,8,1,0.1027,0.0495,0.2171,0.296,0.0262,0.0797,0.0777,0.151,Everyday Essentials Loyalists
C00694,21-30,West,Gold,47,177,182381.89,1030.41,8,2,0.0944,0.0769,0.1787,0.3314,0.0508,0.0891,0.0613,0.1174,Everyday Essentials Loyalists
C00695,41-50,West,Classic,34,33,38969.25,1180.89,6,190,0.0,0.0,0.1722,0.3169,0.093,0.1743,0.0713,0.1723,Lapsed / Dormant
C00696,21-30,North,Classic,33,134,244092.37,1821.58,8,0,0.0771,0.1857,0.0105,0.0264,0.0382,0.4377,0.1146,0.1099,Digital Shoppers (New)
C00697,31-40,North,Classic,22,30,38983.4,1299.45,8,18,0.0949,0.0923,0.0796,0.0721,0.1622,0.1423,0.134,0.2225,Low-Engagement Occasional
C00698,41-50,West,Classic,3,121,240354.16,1986.4,8,0,0.1008,0.2364,0.0878,0.0592,0.0256,0.3674,0.0652,0.0575,Digital Shoppers (New)
C00699,51+,West,Classic,10,133,284183.75,2136.72,8,3,0.1564,0.2129,0.0802,0.0548,0.0138,0.294,0.1327,0.0552,Digital Shoppers (New)
C00700,41-50,North,Classic,17,166,192020.31,1156.75,8,2,0.1343,0.0597,0.1466,0.2296,0.0353,0.1048,0.1478,0.1419,Everyday Essentials Loyalists
C00701,41-50,West,Classic,31,186,200115.18,1075.89,8,0,0.0821,0.0764,0.227,0.2943,0.0153,0.0882,0.1243,0.0923,Everyday Essentials Loyalists
C00702,31-40,North,Gold,67,166,185582.63,1117.97,8,0,0.0898,0.0567,0.2228,0.2516,0.0392,0.1201,0.1078,0.1119,Everyday Essentials Loyalists
C00703,21-30,North,Classic,38,159,174754.58,1099.09,8,0,0.1024,0.0475,0.2277,0.3059,0.0202,0.1057,0.0594,0.1313,Everyday Essentials Loyalists
C00704,41-50,West,Classic,33,20,27167.29,1358.36,8,241,0.1699,0.1303,0.0454,0.0811,0.0064,0.0947,0.1433,0.3288,Lapsed / Dormant
C00705,21-30,South,Classic,42,164,192770.73,1175.43,8,0,0.0896,0.0535,0.2395,0.2681,0.0326,0.0785,0.1306,0.1076,Everyday Essentials Loyalists
C00706,31-40,South,Gold,5,137,253753.76,1852.22,8,1,0.1417,0.2458,0.0209,0.0676,0.0784,0.2492,0.1037,0.0926,Digital Shoppers (New)
C00707,51+,West,Classic,38,27,41848.48,1549.94,7,0,0.1664,0.0456,0.0141,0.2494,0.0105,0.1375,0.0,0.3765,Low-Engagement Occasional
C00708,31-40,West,Classic,21,23,30507.54,1326.41,8,16,0.176,0.0789,0.095,0.1855,0.0954,0.1519,0.1251,0.0922,Low-Engagement Occasional
C00709,41-50,North,Gold,44,171,188926.41,1104.83,8,3,0.1216,0.06,0.1666,0.3434,0.0348,0.1154,0.022,0.1363,Everyday Essentials Loyalists
C00710,41-50,East,Classic,3,132,224586.28,1701.41,8,7,0.0625,0.2627,0.0619,0.0639,0.0682,0.3762,0.0835,0.0211,Digital Shoppers (New)
C00711,41-50,West,Gold,73,21,27216.66,1296.03,8,295,0.0704,0.1519,0.0443,0.0919,0.0939,0.1318,0.3362,0.0795,Lapsed / Dormant
C00712,31-40,East,Gold,35,29,44962.13,1550.42,8,25,0.023,0.1206,0.0432,0.2497,0.0221,0.1543,0.1284,0.2587,Low-Engagement Occasional
C00713,31-40,West,Gold,28,28,46662.22,1666.51,7,15,0.1868,0.0,0.0164,0.1006,0.0806,0.0753,0.2932,0.2472,Low-Engagement Occasional
C00714,21-30,East,Classic,45,50,62368.29,1247.37,8,128,0.0594,0.077,0.115,0.2827,0.0392,0.1594,0.0852,0.1821,Low-Engagement Occasional
C00715,41-50,North,Platinum,24,30,39474.04,1315.8,8,14,0.0335,0.013,0.1537,0.2325,0.015,0.1694,0.2043,0.1787,Low-Engagement Occasional
C00716,31-40,North,Classic,34,177,194655.81,1099.75,8,2,0.0914,0.0305,0.1876,0.3462,0.0433,0.1152,0.0542,0.1315,Everyday Essentials Loyalists
C00717,31-40,West,Classic,6,129,264309.0,2048.91,8,1,0.133,0.2556,0.0581,0.0475,0.0298,0.26,0.1422,0.0737,Digital Shoppers (New)
C00718,41-50,West,Platinum,76,117,1002075.2,8564.75,8,3,0.1401,0.1112,0.0095,0.0306,0.0491,0.1129,0.5246,0.022,Premium Travel & Dining Elite
C00719,21-30,North,Classic,8,124,221940.19,1789.84,8,1,0.1423,0.2443,0.0392,0.0169,0.0686,0.3129,0.0878,0.0879,Digital Shoppers (New)
C00720,31-40,North,Classic,26,37,53034.48,1433.36,7,151,0.0691,0.0466,0.1273,0.1432,0.2455,0.2559,0.0,0.1123,Lapsed / Dormant
C00721,21-30,West,Gold,3,155,308019.81,1987.22,8,0,0.1045,0.2893,0.0318,0.0591,0.0458,0.2626,0.1557,0.0511,Digital Shoppers (New)
C00722,31-40,North,Platinum,51,148,173838.17,1174.58,8,5,0.076,0.0622,0.1631,0.324,0.0905,0.0903,0.0641,0.1299,Everyday Essentials Loyalists
C00723,21-30,North,Platinum,57,105,907619.08,8643.99,8,6,0.1469,0.0815,0.0331,0.0579,0.0275,0.208,0.4378,0.0074,Premium Travel & Dining Elite
C00724,21-30,West,Classic,46,35,43700.23,1248.58,8,161,0.1054,0.0545,0.0871,0.3267,0.0156,0.0936,0.0621,0.2549,Lapsed / Dormant
C00725,51+,West,Platinum,71,95,773410.01,8141.16,8,1,0.1537,0.072,0.0204,0.0512,0.0556,0.2445,0.3918,0.0109,Premium Travel & Dining Elite
C00726,51+,West,Gold,52,104,803208.38,7723.16,8,0,0.1582,0.0728,0.0158,0.067,0.0625,0.0665,0.5317,0.0255,Premium Travel & Dining Elite
C00727,41-50,East,Classic,48,164,176635.52,1077.05,8,12,0.0849,0.033,0.1905,0.3488,0.0241,0.1248,0.0577,0.1362,Everyday Essentials Loyalists
C00728,41-50,South,Gold,53,111,887487.99,7995.39,8,2,0.1506,0.0849,0.0235,0.0815,0.018,0.1445,0.4802,0.0166,Premium Travel & Dining Elite
C00729,41-50,West,Gold,19,110,219695.95,1997.24,8,0,0.1256,0.1771,0.1096,0.0112,0.0231,0.3727,0.1148,0.0659,Digital Shoppers (New)
C00730,51+,North,Gold,10,144,280052.79,1944.81,8,1,0.0713,0.2116,0.0427,0.0491,0.1034,0.289,0.1507,0.0821,Digital Shoppers (New)
C00731,31-40,North,Gold,39,178,196191.09,1102.2,8,2,0.0487,0.1223,0.1198,0.3475,0.0265,0.1118,0.0672,0.1562,Everyday Essentials Loyalists
C00732,21-30,West,Gold,68,128,1048153.91,8188.7,8,7,0.1278,0.0442,0.0233,0.0467,0.0301,0.1666,0.5187,0.0427,Premium Travel & Dining Elite
C00733,41-50,East,Gold,67,105,871217.47,8297.31,8,0,0.1889,0.0765,0.0233,0.0508,0.0184,0.1134,0.5056,0.023,Premium Travel & Dining Elite
C00734,51+,West,Classic,40,182,201997.93,1109.88,8,0,0.0436,0.0596,0.1543,0.3894,0.0547,0.1334,0.0484,0.1166,Everyday Essentials Loyalists
C00735,31-40,North,Gold,55,98,833783.55,8508.0,8,0,0.1854,0.0349,0.0104,0.0555,0.0081,0.152,0.5154,0.0383,Premium Travel & Dining Elite
C00736,31-40,West,Classic,45,31,41339.73,1333.54,8,7,0.1236,0.1588,0.1716,0.2101,0.045,0.0126,0.0373,0.2409,Low-Engagement Occasional
C00737,31-40,East,Platinum,47,147,154796.64,1053.04,8,2,0.0922,0.0524,0.1852,0.342,0.0577,0.0633,0.0539,0.1533,Everyday Essentials Loyalists
C00738,31-40,East,Gold,38,159,190715.88,1199.47,8,0,0.1089,0.0454,0.2248,0.3017,0.036,0.0753,0.0902,0.1176,Everyday Essentials Loyalists
C00739,41-50,West,Gold,35,159,175071.37,1101.08,8,0,0.0712,0.0525,0.2977,0.2384,0.0329,0.0844,0.0905,0.1323,Everyday Essentials Loyalists
C00740,31-40,South,Platinum,52,167,191735.62,1148.12,8,3,0.1045,0.1049,0.146,0.2657,0.0581,0.0813,0.1013,0.1382,Everyday Essentials Loyalists
C00741,51+,West,Platinum,61,93,677430.66,7284.2,8,1,0.2541,0.0376,0.0138,0.0644,0.0319,0.1833,0.3906,0.0241,Premium Travel & Dining Elite
C00742,41-50,East,Gold,58,118,889233.11,7535.87,8,0,0.1234,0.0901,0.0557,0.0424,0.0211,0.2151,0.4226,0.0297,Premium Travel & Dining Elite
C00743,21-30,West,Gold,49,20,21925.18,1096.26,7,293,0.0679,0.0591,0.1074,0.1562,0.0533,0.1406,0.0,0.4154,Lapsed / Dormant
C00744,41-50,West,Platinum,63,106,865334.76,8163.54,8,0,0.2304,0.0536,0.0368,0.0535,0.0454,0.1637,0.385,0.0317,Premium Travel & Dining Elite
C00745,41-50,East,Gold,13,127,262585.96,2067.61,8,6,0.0817,0.2718,0.0669,0.0188,0.097,0.2634,0.1412,0.0592,Digital Shoppers (New)
C00746,31-40,North,Gold,26,115,214338.08,1863.81,8,3,0.0415,0.3015,0.0347,0.0133,0.0811,0.4053,0.0914,0.0314,Digital Shoppers (New)
C00747,31-40,North,Gold,54,162,186842.32,1153.35,8,1,0.1213,0.0519,0.1778,0.2973,0.0089,0.1373,0.0442,0.1613,Everyday Essentials Loyalists
C00748,41-50,West,Platinum,47,162,184189.97,1136.98,8,0,0.0647,0.0667,0.1962,0.3506,0.0121,0.1137,0.0468,0.1491,Everyday Essentials Loyalists
C00749,31-40,West,Gold,43,27,32746.29,1212.83,7,7,0.1135,0.0,0.0399,0.1365,0.0585,0.198,0.1403,0.3135,Low-Engagement Occasional
C00750,21-30,West,Classic,30,30,42514.6,1417.15,8,1,0.023,0.0338,0.1953,0.1784,0.1144,0.1468,0.1331,0.1753,Low-Engagement Occasional
C00751,31-40,North,Gold,48,164,170992.91,1042.64,8,0,0.0938,0.0701,0.1471,0.3311,0.0413,0.103,0.0559,0.1577,Everyday Essentials Loyalists
C00752,31-40,South,Gold,52,169,186201.0,1101.78,8,1,0.0983,0.058,0.1635,0.3986,0.0456,0.031,0.1201,0.0849,Everyday Essentials Loyalists
C00753,41-50,West,Classic,52,161,181355.95,1126.43,8,2,0.1376,0.0657,0.1602,0.293,0.0569,0.1021,0.0108,0.1737,Everyday Essentials Loyalists
C00754,21-30,West,Gold,23,139,263685.58,1897.02,8,2,0.1455,0.2051,0.0447,0.0576,0.0158,0.2872,0.1867,0.0573,Digital Shoppers (New)
C00755,41-50,North,Classic,36,31,61839.07,1994.81,8,31,0.0493,0.0225,0.0611,0.1009,0.0211,0.1545,0.323,0.2678,Low-Engagement Occasional
C00756,31-40,East,Gold,61,181,169457.59,936.23,8,0,0.0764,0.0938,0.2069,0.2892,0.0063,0.1088,0.0543,0.1642,Everyday Essentials Loyalists
C00757,41-50,North,Classic,36,130,165299.41,1271.53,8,4,0.059,0.047,0.292,0.2145,0.0518,0.0567,0.1482,0.1307,Everyday Essentials Loyalists
C00758,31-40,South,Classic,46,33,40261.63,1220.05,8,200,0.1595,0.0307,0.0277,0.3422,0.0659,0.0968,0.15,0.127,Lapsed / Dormant
C00759,51+,North,Gold,57,109,898642.19,8244.42,8,5,0.1746,0.0574,0.0117,0.0697,0.0191,0.176,0.4658,0.0257,Premium Travel & Dining Elite
C00760,51+,North,Gold,10,136,241815.65,1778.06,8,0,0.0974,0.2013,0.0487,0.0899,0.0308,0.3273,0.1446,0.0599,Digital Shoppers (New)
C00761,21-30,North,Classic,10,32,38564.14,1205.13,8,21,0.0764,0.1942,0.0837,0.1122,0.0142,0.1485,0.0271,0.3437,Low-Engagement Occasional
C00762,41-50,West,Gold,55,181,191425.94,1057.6,8,1,0.1411,0.0481,0.1333,0.3485,0.0532,0.1339,0.048,0.094,Everyday Essentials Loyalists
C00763,21-30,West,Gold,49,84,747980.1,8904.52,8,3,0.1683,0.0751,0.0082,0.0328,0.0384,0.2124,0.4216,0.0431,Premium Travel & Dining Elite
C00764,41-50,West,Platinum,61,98,828668.39,8455.8,8,0,0.1172,0.0906,0.0145,0.0289,0.0201,0.1928,0.4942,0.0417,Premium Travel & Dining Elite
C00765,41-50,South,Classic,33,24,30244.64,1260.19,8,255,0.1011,0.1327,0.0558,0.2599,0.1057,0.1651,0.1283,0.0514,Lapsed / Dormant
C00766,31-40,South,Platinum,66,106,939765.8,8865.72,8,3,0.1571,0.0937,0.0184,0.033,0.0153,0.1286,0.5356,0.0184,Premium Travel & Dining Elite
C00767,21-30,South,Classic,34,163,180702.96,1108.61,8,1,0.0721,0.0775,0.1614,0.4191,0.0566,0.0849,0.0516,0.0768,Everyday Essentials Loyalists
C00768,31-40,East,Platinum,48,110,979644.32,8905.86,8,1,0.1491,0.0897,0.0296,0.0178,0.0454,0.1842,0.4548,0.0293,Premium Travel & Dining Elite
C00769,41-50,South,Platinum,61,102,918868.63,9008.52,7,1,0.1507,0.0581,0.0,0.0438,0.0284,0.1618,0.5393,0.0179,Premium Travel & Dining Elite
C00770,41-50,West,Classic,6,139,263151.82,1893.18,8,0,0.13,0.2403,0.0152,0.0326,0.0778,0.3036,0.1204,0.08,Digital Shoppers (New)
C00771,21-30,West,Classic,36,187,216480.42,1157.65,8,0,0.0838,0.071,0.1345,0.3419,0.0456,0.0723,0.1682,0.0826,Everyday Essentials Loyalists
C00772,31-40,West,Gold,15,129,219535.13,1701.82,8,0,0.0918,0.2206,0.0166,0.0745,0.0879,0.3067,0.1179,0.084,Digital Shoppers (New)
C00773,31-40,North,Platinum,21,132,255002.98,1931.84,8,0,0.1288,0.1861,0.0606,0.0409,0.0359,0.3945,0.1213,0.0319,Digital Shoppers (New)
C00774,31-40,South,Classic,21,25,36844.8,1473.79,8,17,0.048,0.0641,0.1208,0.1892,0.0423,0.1712,0.1059,0.2584,Low-Engagement Occasional
C00775,21-30,North,Platinum,50,120,957224.29,7976.87,8,1,0.158,0.0262,0.0167,0.0451,0.0596,0.1443,0.4814,0.0686,Premium Travel & Dining Elite
C00776,31-40,North,Classic,30,34,53040.13,1560.0,8,3,0.2833,0.0299,0.081,0.096,0.0668,0.122,0.1161,0.205,Low-Engagement Occasional
C00777,51+,West,Classic,19,136,253571.82,1864.5,8,2,0.1258,0.2452,0.0164,0.0177,0.0471,0.3937,0.0785,0.0756,Digital Shoppers (New)
C00778,31-40,South,Classic,56,168,186526.36,1110.28,8,3,0.1176,0.0636,0.1515,0.3337,0.0409,0.0644,0.093,0.1354,Everyday Essentials Loyalists
C00779,41-50,West,Classic,19,30,39462.27,1315.41,8,17,0.0901,0.0688,0.0958,0.3014,0.1074,0.1349,0.0503,0.1513,Low-Engagement Occasional
C00780,31-40,North,Platinum,26,26,30224.14,1162.47,7,10,0.0439,0.1142,0.0761,0.2432,0.1618,0.089,0.0,0.2718,Low-Engagement Occasional
C00781,31-40,West,Classic,53,152,177060.13,1164.87,8,0,0.0664,0.0266,0.1441,0.3717,0.0259,0.0952,0.1003,0.1698,Everyday Essentials Loyalists
C00782,41-50,West,Classic,67,32,41577.01,1299.28,8,194,0.097,0.0647,0.1475,0.1449,0.0399,0.2348,0.1592,0.112,Lapsed / Dormant
C00783,31-40,South,Platinum,4,150,293583.23,1957.22,8,3,0.0901,0.1738,0.0222,0.0407,0.0942,0.3318,0.1797,0.0675,Digital Shoppers (New)
C00784,21-30,West,Classic,6,146,287261.06,1967.54,8,0,0.128,0.1913,0.0551,0.0411,0.0496,0.3381,0.1722,0.0245,Digital Shoppers (New)
C00785,51+,North,Gold,51,44,61742.09,1403.23,8,149,0.1801,0.1463,0.0761,0.1651,0.0223,0.1527,0.1857,0.0717,Lapsed / Dormant
C00786,51+,West,Platinum,36,195,233882.87,1199.4,8,0,0.102,0.0724,0.1727,0.296,0.051,0.075,0.0905,0.1402,Everyday Essentials Loyalists
C00787,41-50,West,Classic,22,30,41315.99,1377.2,8,31,0.1468,0.0397,0.2126,0.2193,0.0648,0.0355,0.1401,0.1412,Low-Engagement Occasional
C00788,21-30,West,Classic,44,157,187390.94,1193.57,8,0,0.1044,0.0476,0.2129,0.2554,0.0888,0.0956,0.058,0.1373,Everyday Essentials Loyalists
C00789,21-30,West,Gold,45,38,41815.48,1100.41,7,4,0.1831,0.0317,0.2301,0.1824,0.0538,0.1064,0.0,0.2125,Low-Engagement Occasional
C00790,21-30,South,Classic,3,134,258356.14,1928.03,8,1,0.1284,0.1543,0.016,0.0323,0.115,0.4011,0.1235,0.0294,Digital Shoppers (New)
C00791,51+,West,Platinum,56,169,208674.34,1234.76,8,0,0.0909,0.0382,0.146,0.328,0.0215,0.0827,0.0984,0.1943,Everyday Essentials Loyalists
C00792,41-50,East,Classic,36,156,170086.6,1090.3,8,2,0.0875,0.0367,0.2049,0.279,0.0559,0.1257,0.0747,0.1356,Everyday Essentials Loyalists
C00793,31-40,North,Classic,45,173,202901.47,1172.84,8,0,0.057,0.046,0.2214,0.1643,0.0541,0.1593,0.1075,0.1906,Everyday Essentials Loyalists
C00794,51+,North,Gold,75,106,863290.43,8144.25,8,5,0.1555,0.0663,0.0405,0.0554,0.0363,0.0776,0.5395,0.0289,Premium Travel & Dining Elite
C00795,21-30,West,Platinum,63,117,968375.87,8276.72,8,1,0.167,0.0709,0.0402,0.0548,0.0668,0.1253,0.3705,0.1045,Premium Travel & Dining Elite
C00796,31-40,East,Gold,39,176,198738.63,1129.2,8,3,0.1337,0.0862,0.1737,0.273,0.0332,0.0906,0.0745,0.1351,Everyday Essentials Loyalists
C00797,21-30,South,Gold,67,116,912934.14,7870.12,8,1,0.1473,0.0614,0.0261,0.0752,0.0582,0.2299,0.3766,0.0252,Premium Travel & Dining Elite
C00798,31-40,West,Platinum,40,165,186445.29,1129.97,8,0,0.0899,0.0288,0.2558,0.3042,0.0317,0.0653,0.0942,0.1302,Everyday Essentials Loyalists
C00799,51+,East,Gold,35,28,37698.27,1346.37,8,3,0.14,0.0948,0.1361,0.1976,0.169,0.0881,0.0488,0.1257,Low-Engagement Occasional
C00800,51+,South,Gold,27,44,61324.85,1393.75,8,1,0.1585,0.1214,0.135,0.2242,0.0744,0.1612,0.0144,0.1108,Low-Engagement Occasional
C00801,21-30,South,Classic,38,27,35590.65,1318.17,8,15,0.0289,0.1008,0.1546,0.3511,0.0594,0.1915,0.0934,0.0203,Low-Engagement Occasional
C00802,21-30,East,Platinum,28,157,189133.87,1204.67,8,4,0.109,0.0449,0.1258,0.3257,0.0367,0.083,0.1555,0.1193,Everyday Essentials Loyalists
C00803,31-40,West,Classic,37,43,60169.8,1399.3,8,133,0.1902,0.0786,0.0478,0.1132,0.0077,0.1243,0.3186,0.1196,Lapsed / Dormant
C00804,21-30,East,Gold,3,147,277957.09,1890.86,8,1,0.1265,0.1939,0.0276,0.0699,0.0568,0.3035,0.1339,0.0878,Digital Shoppers (New)
C00805,31-40,South,Gold,59,120,936999.16,7808.33,8,0,0.1631,0.1399,0.0164,0.077,0.03,0.1265,0.4101,0.037,Premium Travel & Dining Elite
C00806,31-40,West,Classic,26,169,181861.67,1076.1,8,4,0.0938,0.0472,0.2043,0.2921,0.0086,0.0921,0.1003,0.1617,Everyday Essentials Loyalists
C00807,31-40,West,Gold,23,32,43124.78,1347.65,8,26,0.1261,0.0464,0.0756,0.0984,0.1069,0.0969,0.1626,0.2871,Low-Engagement Occasional
C00808,31-40,West,Classic,30,166,183786.77,1107.15,8,0,0.0746,0.0586,0.1192,0.3879,0.0205,0.1372,0.0431,0.1588,Everyday Essentials Loyalists
C00809,21-30,North,Classic,28,140,268816.92,1920.12,8,0,0.1053,0.191,0.0366,0.0513,0.0373,0.3709,0.1734,0.0342,Digital Shoppers (New)
C00810,51+,West,Gold,38,36,54796.8,1522.13,8,160,0.1272,0.0325,0.0841,0.254,0.0172,0.2622,0.1138,0.109,Lapsed / Dormant
C00811,31-40,South,Gold,47,100,715221.1,7152.21,8,0,0.208,0.0281,0.0232,0.0391,0.0535,0.153,0.4385,0.0566,Premium Travel & Dining Elite
C00812,31-40,North,Gold,62,98,885080.34,9031.43,8,9,0.1883,0.0892,0.0109,0.0591,0.0242,0.1582,0.4537,0.0164,Premium Travel & Dining Elite
C00813,31-40,East,Classic,64,37,52466.22,1418.01,8,197,0.1662,0.0842,0.2219,0.1517,0.0557,0.1844,0.0343,0.1015,Lapsed / Dormant
C00814,41-50,West,Classic,12,127,246999.27,1944.88,8,3,0.1238,0.2488,0.041,0.0611,0.0847,0.2808,0.1164,0.0434,Digital Shoppers (New)
C00815,21-30,South,Platinum,59,111,937507.98,8446.02,7,5,0.2137,0.0386,0.0,0.0194,0.0222,0.1936,0.4695,0.043,Premium Travel & Dining Elite
C00816,21-30,West,Classic,60,28,37337.02,1333.46,6,243,0.121,0.0966,0.0904,0.1409,0.0,0.3428,0.0,0.2081,Lapsed / Dormant
C00817,41-50,South,Gold,56,54,73018.04,1352.19,8,150,0.2043,0.0725,0.0991,0.2518,0.0133,0.1746,0.1119,0.0724,Lapsed / Dormant
C00818,41-50,North,Classic,18,134,250750.14,1871.27,8,3,0.1522,0.1505,0.0506,0.0363,0.0876,0.3401,0.0677,0.1151,Digital Shoppers (New)
C00819,31-40,South,Classic,8,147,291879.79,1985.58,8,11,0.0878,0.2242,0.0275,0.1065,0.0635,0.2872,0.0902,0.1131,Digital Shoppers (New)
C00820,31-40,South,Gold,46,181,219027.54,1210.1,8,1,0.1205,0.0392,0.1474,0.3249,0.0512,0.0853,0.0648,0.1669,Everyday Essentials Loyalists
C00821,51+,East,Gold,46,121,1066394.39,8813.18,8,0,0.1336,0.0632,0.0202,0.0952,0.0332,0.1128,0.4874,0.0542,Premium Travel & Dining Elite
C00822,21-30,West,Classic,7,132,289284.62,2191.55,8,2,0.1021,0.2158,0.025,0.049,0.0412,0.3458,0.1708,0.0504,Digital Shoppers (New)
C00823,21-30,West,Classic,56,174,190761.35,1096.33,8,2,0.1129,0.079,0.1334,0.3017,0.0179,0.0622,0.1413,0.1516,Everyday Essentials Loyalists
C00824,31-40,North,Classic,43,34,49835.02,1465.74,8,4,0.2896,0.1211,0.0568,0.1305,0.1433,0.0943,0.0201,0.1443,Low-Engagement Occasional
C00825,31-40,South,Classic,34,37,47991.7,1297.07,8,7,0.0761,0.0759,0.0995,0.1049,0.0395,0.1302,0.1427,0.3313,Low-Engagement Occasional
C00826,41-50,North,Platinum,40,114,892938.48,7832.79,8,4,0.1682,0.1425,0.0264,0.0406,0.0344,0.1619,0.3944,0.0316,Premium Travel & Dining Elite
C00827,41-50,East,Classic,3,120,263719.46,2197.66,8,1,0.1113,0.1363,0.0567,0.0511,0.064,0.4256,0.1061,0.049,Digital Shoppers (New)
C00828,31-40,North,Classic,35,192,212053.77,1104.45,8,0,0.0984,0.0357,0.1725,0.3457,0.0173,0.1018,0.102,0.1267,Everyday Essentials Loyalists
C00829,41-50,South,Gold,46,50,66215.69,1324.31,8,136,0.0993,0.0738,0.0735,0.2083,0.0139,0.1953,0.1705,0.1654,Lapsed / Dormant
C00830,31-40,West,Platinum,29,181,188578.21,1041.87,8,1,0.0759,0.099,0.1964,0.3562,0.0447,0.1127,0.0027,0.1125,Everyday Essentials Loyalists
C00831,41-50,East,Classic,11,129,247266.06,1916.79,8,1,0.128,0.2409,0.0146,0.0418,0.0165,0.4427,0.1,0.0155,Digital Shoppers (New)
C00832,21-30,North,Classic,31,134,252790.64,1886.5,8,0,0.0999,0.272,0.0399,0.0704,0.0507,0.2643,0.1621,0.0407,Digital Shoppers (New)
C00833,31-40,South,Classic,46,163,188281.83,1155.1,8,1,0.1262,0.0625,0.1125,0.3783,0.0605,0.0962,0.0762,0.0875,Everyday Essentials Loyalists
C00834,41-50,East,Platinum,32,34,42188.0,1240.82,8,14,0.1534,0.113,0.0788,0.1816,0.0082,0.1691,0.1515,0.1444,Low-Engagement Occasional
C00835,31-40,South,Gold,19,25,40017.87,1600.71,7,50,0.0817,0.0,0.0647,0.1197,0.1192,0.2767,0.1237,0.2142,Low-Engagement Occasional
C00836,21-30,North,Classic,3,126,258495.95,2051.56,8,4,0.0611,0.2308,0.0987,0.0509,0.0288,0.3768,0.094,0.059,Digital Shoppers (New)
C00837,31-40,West,Platinum,17,25,33329.98,1333.2,8,4,0.1321,0.0884,0.1015,0.2269,0.159,0.0495,0.0548,0.1879,Low-Engagement Occasional
C00838,41-50,South,Classic,31,30,29000.93,966.7,8,245,0.1788,0.1295,0.1474,0.0974,0.0517,0.1274,0.0799,0.188,Lapsed / Dormant
C00839,21-30,South,Gold,42,160,194503.41,1215.65,8,0,0.084,0.0359,0.1972,0.3318,0.0782,0.0796,0.0997,0.0935,Everyday Essentials Loyalists
C00840,41-50,North,Classic,17,141,279754.57,1984.07,8,1,0.1026,0.2115,0.0952,0.0326,0.0728,0.3079,0.0934,0.084,Digital Shoppers (New)
C00841,41-50,South,Platinum,50,117,1034947.36,8845.7,8,4,0.0918,0.0419,0.027,0.0453,0.0453,0.1816,0.5256,0.0414,Premium Travel & Dining Elite
C00842,41-50,South,Gold,31,32,48813.37,1525.42,8,15,0.1632,0.0916,0.0739,0.119,0.0843,0.0409,0.1947,0.2323,Low-Engagement Occasional
C00843,21-30,North,Classic,28,121,251415.75,2077.82,8,3,0.1338,0.228,0.0419,0.034,0.0582,0.2583,0.2006,0.0452,Digital Shoppers (New)
C00844,41-50,East,Gold,61,152,169873.26,1117.59,8,2,0.1155,0.0581,0.178,0.2856,0.0123,0.0537,0.1297,0.1671,Everyday Essentials Loyalists
C00845,21-30,South,Gold,67,75,570644.53,7608.59,8,20,0.2119,0.0646,0.0251,0.092,0.0233,0.1667,0.3358,0.0806,Premium Travel & Dining Elite
C00846,51+,West,Classic,46,40,48794.5,1219.86,8,151,0.1413,0.0577,0.0233,0.324,0.09,0.1233,0.075,0.1654,Lapsed / Dormant
C00847,41-50,West,Classic,49,174,203017.07,1166.76,8,2,0.1362,0.078,0.1528,0.248,0.0293,0.088,0.1138,0.1539,Everyday Essentials Loyalists
C00848,21-30,North,Gold,43,45,64884.09,1441.87,8,3,0.091,0.0356,0.1528,0.1114,0.1411,0.3079,0.0257,0.1346,Low-Engagement Occasional
C00849,41-50,North,Gold,21,186,187101.59,1005.92,8,3,0.0451,0.0911,0.1747,0.3232,0.0338,0.1191,0.024,0.189,Everyday Essentials Loyalists
C00850,31-40,West,Platinum,62,36,46916.76,1303.24,8,221,0.1432,0.1096,0.0659,0.1801,0.0617,0.129,0.2373,0.0731,Lapsed / Dormant
C00851,31-40,West,Classic,36,170,175985.34,1035.21,7,3,0.0995,0.0,0.222,0.376,0.0381,0.0981,0.0706,0.0959,Everyday Essentials Loyalists
C00852,31-40,West,Gold,36,149,179331.42,1203.57,8,0,0.0594,0.0672,0.1234,0.3508,0.0406,0.1272,0.1099,0.1215,Everyday Essentials Loyalists
C00853,41-50,North,Classic,26,35,41093.34,1174.1,8,8,0.1419,0.0166,0.1376,0.116,0.0739,0.2956,0.0915,0.1269,Low-Engagement Occasional
C00854,41-50,North,Gold,51,21,25464.47,1212.59,7,256,0.0314,0.0425,0.1527,0.3162,0.0818,0.0592,0.0,0.3162,Lapsed / Dormant
C00855,51+,North,Classic,30,155,183304.81,1182.61,8,4,0.0756,0.0628,0.2023,0.3249,0.0359,0.1045,0.0478,0.1461,Everyday Essentials Loyalists
C00856,31-40,West,Classic,11,126,232142.98,1842.4,8,2,0.1779,0.2768,0.0193,0.0206,0.0616,0.2202,0.1858,0.0378,Digital Shoppers (New)
C00857,41-50,East,Platinum,35,17,18794.98,1105.59,6,34,0.0354,0.1824,0.0,0.073,0.1138,0.4039,0.0,0.1915,Low-Engagement Occasional
C00858,41-50,South,Classic,50,27,37511.2,1389.3,8,212,0.0275,0.0556,0.2689,0.2134,0.0129,0.0969,0.233,0.0918,Lapsed / Dormant
C00859,41-50,East,Classic,45,170,178258.15,1048.58,8,2,0.1252,0.0513,0.1479,0.2519,0.0549,0.1217,0.0535,0.1935,Everyday Essentials Loyalists
C00860,31-40,North,Classic,10,131,257322.62,1964.29,8,1,0.1124,0.2323,0.0101,0.0543,0.0388,0.3245,0.1382,0.0894,Digital Shoppers (New)
C00861,31-40,East,Classic,36,24,25955.83,1081.49,8,4,0.0583,0.1143,0.0426,0.4104,0.0792,0.1542,0.0554,0.0856,Low-Engagement Occasional
C00862,41-50,North,Classic,40,35,49123.27,1403.52,8,7,0.1561,0.0945,0.0788,0.3021,0.036,0.0679,0.1861,0.0786,Low-Engagement Occasional
C00863,31-40,East,Classic,39,30,46702.03,1556.73,8,15,0.0366,0.0081,0.0848,0.0807,0.1585,0.2515,0.1431,0.2368,Low-Engagement Occasional
C00864,21-30,West,Classic,18,140,267133.03,1908.09,8,0,0.0968,0.2079,0.0269,0.0378,0.0929,0.4659,0.0533,0.0186,Digital Shoppers (New)
C00865,31-40,East,Platinum,69,93,810760.38,8717.85,8,0,0.1229,0.0378,0.0106,0.0471,0.0667,0.1067,0.5873,0.0208,Premium Travel & Dining Elite
C00866,31-40,South,Classic,56,25,23698.61,947.94,8,181,0.1448,0.0944,0.0728,0.1339,0.0535,0.2049,0.1817,0.1141,Lapsed / Dormant
C00867,21-30,West,Classic,74,24,37589.42,1566.23,8,205,0.0944,0.0361,0.1058,0.2664,0.0564,0.0929,0.1399,0.2081,Lapsed / Dormant
C00868,21-30,West,Gold,42,23,27382.01,1190.52,7,39,0.0686,0.0557,0.2161,0.3185,0.0819,0.0833,0.1759,0.0,Low-Engagement Occasional
C00869,41-50,North,Platinum,59,129,940714.24,7292.36,8,7,0.1894,0.0827,0.0251,0.0565,0.0504,0.2023,0.3781,0.0155,Premium Travel & Dining Elite
C00870,51+,North,Gold,32,160,176652.63,1104.08,8,0,0.0918,0.1351,0.188,0.1911,0.0634,0.102,0.0395,0.1892,Everyday Essentials Loyalists
C00871,31-40,East,Gold,27,37,55169.85,1491.08,8,10,0.0998,0.1378,0.0056,0.1679,0.0706,0.1464,0.2445,0.1275,Low-Engagement Occasional
C00872,21-30,North,Gold,56,98,961184.19,9808.0,8,3,0.2058,0.0293,0.0232,0.0449,0.0178,0.1038,0.5548,0.0206,Premium Travel & Dining Elite
C00873,41-50,North,Gold,53,45,70972.34,1577.16,8,183,0.0276,0.0032,0.0671,0.288,0.1174,0.1376,0.1773,0.1817,Lapsed / Dormant
C00874,31-40,North,Classic,34,171,191625.28,1120.62,8,1,0.0959,0.0271,0.1699,0.3234,0.0419,0.1183,0.0953,0.1282,Everyday Essentials Loyalists
C00875,51+,North,Gold,41,31,48606.93,1567.97,7,17,0.0742,0.1896,0.0477,0.184,0.0,0.1473,0.1648,0.1924,Low-Engagement Occasional
C00876,31-40,South,Classic,34,35,50905.15,1454.43,7,166,0.068,0.0,0.1612,0.1558,0.0648,0.2267,0.1396,0.184,Lapsed / Dormant
C00877,21-30,East,Classic,25,181,215837.64,1192.47,8,0,0.1091,0.0559,0.1727,0.2971,0.0514,0.0652,0.1191,0.1296,Everyday Essentials Loyalists
C00878,31-40,North,Classic,40,168,182934.44,1088.9,8,5,0.0653,0.0792,0.2285,0.3163,0.0363,0.0958,0.0506,0.1281,Everyday Essentials Loyalists
C00879,31-40,West,Classic,5,126,234620.3,1862.07,8,3,0.0917,0.1742,0.0692,0.0537,0.0517,0.4505,0.0745,0.0345,Digital Shoppers (New)
C00880,41-50,North,Gold,3,124,232628.98,1876.04,8,3,0.0979,0.2239,0.0328,0.076,0.0664,0.3225,0.1055,0.0751,Digital Shoppers (New)
C00881,21-30,South,Gold,35,191,224767.07,1176.79,8,4,0.1387,0.0499,0.1487,0.2959,0.0209,0.0991,0.1258,0.1211,Everyday Essentials Loyalists
C00882,51+,North,Classic,6,131,229552.22,1752.31,8,3,0.1491,0.1941,0.0396,0.0433,0.0846,0.3875,0.0575,0.0444,Digital Shoppers (New)
C00883,41-50,West,Classic,48,43,52365.88,1217.81,8,154,0.1018,0.0749,0.0884,0.2678,0.0237,0.2687,0.0876,0.0871,Lapsed / Dormant
C00884,51+,West,Classic,7,128,237865.8,1858.33,8,3,0.1872,0.201,0.0487,0.0556,0.0565,0.3153,0.1014,0.0344,Digital Shoppers (New)
C00885,51+,South,Classic,36,179,196196.34,1096.07,8,1,0.0956,0.0479,0.1714,0.3891,0.0428,0.0697,0.0273,0.1562,Everyday Essentials Loyalists
C00886,21-30,North,Gold,41,157,174165.32,1109.33,8,1,0.1204,0.042,0.1597,0.2863,0.0266,0.0556,0.167,0.1426,Everyday Essentials Loyalists
C00887,31-40,North,Gold,52,168,200608.54,1194.1,8,2,0.1041,0.0564,0.2083,0.2496,0.0342,0.1238,0.1155,0.1081,Everyday Essentials Loyalists
C00888,41-50,North,Classic,74,125,1091317.95,8730.54,8,0,0.1512,0.0389,0.0402,0.0435,0.0267,0.1498,0.5223,0.0275,Premium Travel & Dining Elite
C00889,31-40,West,Classic,43,160,189169.29,1182.31,8,0,0.1201,0.0579,0.2868,0.251,0.0127,0.0443,0.084,0.1432,Everyday Essentials Loyalists
C00890,21-30,North,Classic,32,41,55140.93,1344.9,8,13,0.0735,0.0162,0.0931,0.1903,0.1307,0.1116,0.0438,0.3408,Low-Engagement Occasional
C00891,31-40,West,Classic,40,165,175568.33,1064.05,8,13,0.0986,0.0745,0.1645,0.2801,0.0432,0.1029,0.0776,0.1586,Everyday Essentials Loyalists
C00892,21-30,East,Classic,52,34,47187.33,1387.86,7,215,0.2413,0.0,0.1491,0.2817,0.0516,0.142,0.0161,0.1183,Lapsed / Dormant
C00893,51+,South,Classic,45,166,186835.21,1125.51,8,0,0.1183,0.0425,0.1812,0.2917,0.0415,0.13,0.0565,0.1383,Everyday Essentials Loyalists
C00894,31-40,West,Platinum,73,123,1114877.0,9064.04,8,0,0.121,0.0292,0.0051,0.0497,0.065,0.1422,0.5512,0.0366,Premium Travel & Dining Elite
C00895,41-50,North,Classic,11,26,36424.44,1400.94,6,0,0.0904,0.0355,0.0,0.4096,0.0,0.1153,0.2103,0.1389,Low-Engagement Occasional
C00896,51+,West,Gold,45,18,20012.74,1111.82,8,267,0.1692,0.0463,0.2575,0.3128,0.0849,0.0393,0.0485,0.0414,Lapsed / Dormant
C00897,31-40,North,Gold,45,174,182642.39,1049.67,8,0,0.1126,0.039,0.1845,0.3488,0.0284,0.0682,0.0773,0.1412,Everyday Essentials Loyalists
C00898,41-50,West,Classic,41,187,188788.52,1009.56,8,0,0.0916,0.0366,0.1947,0.2896,0.0325,0.0982,0.1099,0.1469,Everyday Essentials Loyalists
C00899,21-30,South,Gold,32,166,207770.8,1251.63,8,0,0.0527,0.0614,0.2392,0.3385,0.0372,0.0717,0.1031,0.0962,Everyday Essentials Loyalists
C00900,21-30,North,Gold,3,134,246766.04,1841.54,8,3,0.0758,0.2492,0.0215,0.0645,0.0662,0.2916,0.1167,0.1146,Digital Shoppers (New)
C00901,21-30,West,Classic,22,139,264819.57,1905.18,8,1,0.0869,0.1886,0.0131,0.0477,0.0344,0.3645,0.2116,0.0532,Digital Shoppers (New)
C00902,31-40,North,Classic,34,157,170346.65,1085.01,8,2,0.0996,0.079,0.2002,0.3194,0.0205,0.1296,0.0317,0.12,Everyday Essentials Loyalists
C00903,31-40,North,Platinum,42,106,982105.77,9265.15,8,0,0.1469,0.0715,0.0322,0.047,0.0272,0.127,0.5215,0.0267,Premium Travel & Dining Elite
C00904,31-40,West,Classic,22,137,247065.31,1803.4,8,4,0.1373,0.1387,0.0643,0.0642,0.0655,0.4178,0.0701,0.0422,Digital Shoppers (New)
C00905,21-30,South,Classic,52,35,41285.24,1179.58,8,185,0.1665,0.0279,0.2014,0.233,0.0324,0.173,0.0759,0.0898,Lapsed / Dormant
C00906,21-30,West,Gold,12,126,240300.12,1907.14,8,4,0.1421,0.2015,0.0334,0.0381,0.0426,0.425,0.1019,0.0153,Digital Shoppers (New)
C00907,41-50,East,Classic,4,150,284688.96,1897.93,8,0,0.0631,0.2471,0.0188,0.0401,0.0295,0.3441,0.191,0.0664,Digital Shoppers (New)
C00908,21-30,East,Gold,58,112,923046.11,8241.48,8,12,0.1085,0.0249,0.0286,0.0724,0.0475,0.2061,0.4895,0.0226,Premium Travel & Dining Elite
C00909,41-50,North,Classic,54,167,207929.97,1245.09,8,0,0.0953,0.0968,0.1153,0.2785,0.0619,0.0689,0.1444,0.1389,Everyday Essentials Loyalists
C00910,51+,North,Classic,25,154,165386.63,1073.94,8,1,0.1087,0.0565,0.2033,0.2675,0.0386,0.0955,0.131,0.099,Everyday Essentials Loyalists
C00911,41-50,West,Classic,14,39,51988.35,1333.03,8,1,0.013,0.0227,0.0903,0.2053,0.0773,0.1682,0.1359,0.2873,Low-Engagement Occasional
C00912,31-40,North,Classic,41,39,51194.31,1312.67,8,180,0.1628,0.1136,0.0709,0.1702,0.0484,0.1304,0.2929,0.0109,Lapsed / Dormant
C00913,41-50,South,Platinum,47,41,56245.56,1371.84,8,162,0.065,0.095,0.0602,0.252,0.0411,0.1229,0.3209,0.0429,Lapsed / Dormant
C00914,41-50,North,Classic,43,23,29448.54,1280.37,8,254,0.1742,0.1096,0.0908,0.2085,0.1232,0.0416,0.0333,0.2189,Lapsed / Dormant
C00915,51+,North,Classic,54,18,21710.99,1206.17,7,289,0.0185,0.0487,0.0625,0.2786,0.0739,0.2196,0.0,0.2982,Lapsed / Dormant
C00916,51+,East,Platinum,58,25,38225.44,1529.02,8,238,0.1166,0.0501,0.0271,0.1469,0.0548,0.167,0.3393,0.0982,Lapsed / Dormant
C00917,31-40,West,Gold,62,121,967786.89,7998.24,8,3,0.1277,0.0583,0.0262,0.1165,0.0595,0.1696,0.4136,0.0287,Premium Travel & Dining Elite
C00918,41-50,West,Gold,65,103,824182.58,8001.77,7,7,0.1921,0.1076,0.0,0.0275,0.0402,0.168,0.4457,0.019,Premium Travel & Dining Elite
C00919,41-50,West,Gold,44,170,206057.53,1212.1,8,0,0.0863,0.0694,0.1731,0.2824,0.0441,0.0897,0.0955,0.1595,Everyday Essentials Loyalists
C00920,21-30,North,Gold,14,119,233279.29,1960.33,8,10,0.0949,0.1965,0.0512,0.0322,0.0774,0.2971,0.1761,0.0747,Digital Shoppers (New)
C00921,31-40,South,Platinum,47,121,1050073.8,8678.3,8,0,0.1499,0.1066,0.0205,0.0544,0.0473,0.0993,0.4721,0.0498,Premium Travel & Dining Elite
C00922,41-50,North,Gold,19,42,63054.98,1501.31,8,8,0.0424,0.1365,0.1652,0.1858,0.0874,0.0279,0.0873,0.2676,Low-Engagement Occasional
C00923,41-50,West,Classic,3,126,243670.1,1933.89,8,9,0.1305,0.187,0.0433,0.0601,0.05,0.3745,0.1028,0.0517,Digital Shoppers (New)
C00924,31-40,South,Gold,12,124,234846.66,1893.92,8,6,0.1706,0.2447,0.0505,0.0141,0.0544,0.3425,0.0551,0.0681,Digital Shoppers (New)
C00925,31-40,East,Classic,44,172,206716.99,1201.84,8,2,0.0926,0.0475,0.1355,0.3338,0.0081,0.0881,0.1426,0.1518,Everyday Essentials Loyalists
C00926,21-30,North,Classic,27,183,201048.26,1098.62,8,0,0.1458,0.0272,0.1608,0.3738,0.0435,0.092,0.0248,0.1321,Everyday Essentials Loyalists
C00927,31-40,West,Gold,42,163,183405.6,1125.19,8,0,0.1018,0.0995,0.1953,0.3105,0.0203,0.0923,0.0581,0.1223,Everyday Essentials Loyalists
C00928,51+,West,Classic,21,25,34821.62,1392.86,8,8,0.2571,0.044,0.1417,0.195,0.057,0.031,0.0686,0.2057,Low-Engagement Occasional
C00929,51+,West,Gold,3,128,241227.73,1884.59,8,0,0.1071,0.2396,0.0507,0.0396,0.057,0.3017,0.0862,0.1181,Digital Shoppers (New)
C00930,31-40,North,Gold,23,31,39637.73,1278.64,7,32,0.0,0.012,0.1379,0.2499,0.1248,0.2301,0.0538,0.1914,Low-Engagement Occasional
C00931,31-40,West,Classic,30,169,195188.77,1154.96,8,8,0.0658,0.0486,0.2371,0.2261,0.0106,0.1257,0.1325,0.1535,Everyday Essentials Loyalists
C00932,41-50,North,Gold,48,171,192483.2,1125.63,8,0,0.1017,0.0316,0.1904,0.4033,0.0698,0.0403,0.0384,0.1244,Everyday Essentials Loyalists
C00933,41-50,South,Classic,40,188,188094.3,1000.5,8,5,0.1469,0.0444,0.159,0.3453,0.028,0.1258,0.0686,0.082,Everyday Essentials Loyalists
C00934,31-40,North,Classic,38,33,58270.16,1765.76,8,14,0.0234,0.1795,0.0298,0.2369,0.0445,0.1016,0.229,0.1552,Low-Engagement Occasional
C00935,31-40,North,Platinum,25,29,36154.72,1246.71,8,33,0.1806,0.0479,0.1721,0.186,0.0216,0.2401,0.0551,0.0966,Low-Engagement Occasional
C00936,21-30,East,Gold,37,177,205227.53,1159.48,8,7,0.0846,0.0477,0.1871,0.3524,0.0535,0.0543,0.0921,0.1283,Everyday Essentials Loyalists
C00937,41-50,North,Classic,66,36,36276.6,1007.68,8,173,0.235,0.1077,0.1389,0.0923,0.1035,0.1418,0.1067,0.0741,Lapsed / Dormant
C00938,41-50,South,Platinum,43,95,718450.59,7562.64,8,15,0.2313,0.0905,0.054,0.0664,0.0295,0.1184,0.3488,0.0612,Premium Travel & Dining Elite
C00939,31-40,East,Classic,60,39,53781.2,1379.01,8,159,0.0651,0.091,0.1863,0.2153,0.0353,0.1534,0.0913,0.1623,Lapsed / Dormant
C00940,51+,West,Platinum,76,107,914333.44,8545.17,8,5,0.1172,0.0562,0.0142,0.0355,0.0315,0.1551,0.5877,0.0027,Premium Travel & Dining Elite
C00941,41-50,East,Classic,49,197,230268.65,1168.88,8,0,0.1362,0.0516,0.1637,0.2308,0.0735,0.1161,0.1151,0.113,Everyday Essentials Loyalists
C00942,51+,East,Gold,26,38,63082.2,1660.06,7,3,0.1028,0.1162,0.0149,0.0665,0.1983,0.1532,0.0,0.348,Low-Engagement Occasional
C00943,31-40,North,Classic,56,173,217109.32,1254.97,8,0,0.0665,0.0463,0.209,0.3772,0.026,0.0629,0.079,0.1331,Everyday Essentials Loyalists
C00944,31-40,West,Classic,38,172,204915.23,1191.37,8,0,0.1105,0.0377,0.1759,0.2911,0.0285,0.0875,0.0808,0.188,Everyday Essentials Loyalists
C00945,51+,North,Gold,6,139,283229.37,2037.62,8,2,0.126,0.2592,0.0211,0.0481,0.0715,0.3418,0.0545,0.0778,Digital Shoppers (New)
C00946,51+,North,Classic,38,174,192150.02,1104.31,8,0,0.0741,0.0508,0.2178,0.2715,0.017,0.1181,0.1217,0.129,Everyday Essentials Loyalists
C00947,51+,North,Platinum,24,31,52975.32,1708.88,8,1,0.1158,0.0565,0.2904,0.1778,0.0559,0.0765,0.1251,0.102,Low-Engagement Occasional
C00948,41-50,East,Gold,20,29,42056.19,1450.21,8,5,0.0295,0.2125,0.1635,0.1909,0.0136,0.1052,0.1134,0.1714,Low-Engagement Occasional
C00949,31-40,South,Gold,59,23,33320.05,1448.7,7,223,0.0765,0.0444,0.0524,0.2134,0.0,0.2214,0.2847,0.1072,Lapsed / Dormant
C00950,21-30,East,Classic,34,159,184814.96,1162.36,8,2,0.0284,0.0773,0.2716,0.2724,0.0147,0.1009,0.0556,0.1791,Everyday Essentials Loyalists
C00951,31-40,South,Classic,13,119,222356.09,1868.54,8,0,0.0805,0.1971,0.022,0.0468,0.0532,0.4439,0.1055,0.051,Digital Shoppers (New)
C00952,51+,South,Platinum,27,169,199222.91,1178.83,8,0,0.1006,0.1012,0.177,0.2756,0.059,0.0921,0.0785,0.1159,Everyday Essentials Loyalists
C00953,31-40,South,Classic,42,161,170843.4,1061.14,8,2,0.0637,0.0901,0.2517,0.3271,0.0667,0.0381,0.0116,0.151,Everyday Essentials Loyalists
C00954,41-50,North,Classic,30,175,210368.13,1202.1,8,0,0.0952,0.0548,0.1134,0.3,0.0385,0.0981,0.1501,0.1499,Everyday Essentials Loyalists
C00955,51+,South,Platinum,36,32,40350.59,1260.96,8,188,0.0797,0.1265,0.1582,0.3315,0.0618,0.0498,0.0432,0.1493,Lapsed / Dormant
C00956,51+,East,Gold,46,27,38017.57,1408.06,8,194,0.0472,0.093,0.1955,0.0849,0.0792,0.0605,0.0831,0.3567,Lapsed / Dormant
C00957,51+,South,Gold,40,29,44123.56,1521.5,7,15,0.0528,0.1073,0.0,0.2127,0.0536,0.1776,0.079,0.317,Low-Engagement Occasional
C00958,31-40,North,Gold,18,136,287591.34,2114.64,8,1,0.0943,0.2669,0.0341,0.0409,0.0949,0.2942,0.1228,0.052,Digital Shoppers (New)
C00959,31-40,East,Classic,19,130,282297.29,2171.52,8,3,0.0992,0.1603,0.0256,0.0418,0.0707,0.3697,0.1687,0.064,Digital Shoppers (New)
C00960,51+,South,Classic,12,134,244022.03,1821.06,8,2,0.0882,0.2244,0.0543,0.048,0.0506,0.3947,0.0832,0.0566,Digital Shoppers (New)
C00961,21-30,North,Gold,10,128,258937.84,2022.95,8,1,0.078,0.2305,0.0188,0.0671,0.0878,0.2757,0.1689,0.0732,Digital Shoppers (New)
C00962,21-30,North,Classic,49,180,204345.54,1135.25,8,1,0.0786,0.0431,0.245,0.3032,0.0518,0.0613,0.0592,0.1578,Everyday Essentials Loyalists
C00963,51+,South,Platinum,54,104,801666.01,7708.33,8,10,0.2531,0.0721,0.0053,0.0327,0.0164,0.1587,0.4235,0.0381,Premium Travel & Dining Elite
C00964,41-50,South,Gold,68,92,816977.92,8880.19,8,5,0.1682,0.0336,0.0459,0.0684,0.0313,0.1084,0.5402,0.0039,Premium Travel & Dining Elite
C00965,31-40,East,Classic,60,50,64815.97,1296.32,8,161,0.0811,0.0585,0.1789,0.2091,0.0766,0.1423,0.129,0.1245,Lapsed / Dormant
C00966,21-30,North,Gold,5,129,227726.9,1765.32,8,4,0.1416,0.2967,0.0295,0.0474,0.069,0.2649,0.0859,0.0651,Digital Shoppers (New)
C00967,31-40,West,Classic,41,61,86092.99,1411.36,8,133,0.2342,0.0495,0.0588,0.1226,0.0657,0.1934,0.0814,0.1944,Lapsed / Dormant
C00968,51+,North,Gold,36,167,185047.68,1108.07,8,0,0.073,0.041,0.185,0.3504,0.0487,0.128,0.0533,0.1206,Everyday Essentials Loyalists
C00969,41-50,East,Classic,3,113,209388.96,1853.0,8,3,0.041,0.2834,0.0248,0.0348,0.0973,0.3085,0.1524,0.0578,Digital Shoppers (New)
C00970,31-40,West,Gold,37,174,193081.0,1109.66,8,3,0.0977,0.0495,0.2825,0.2613,0.0498,0.0775,0.113,0.0687,Everyday Essentials Loyalists
C00971,31-40,South,Classic,55,167,201793.75,1208.35,8,1,0.0998,0.0243,0.2042,0.308,0.0552,0.1324,0.0721,0.1039,Everyday Essentials Loyalists
C00972,51+,North,Classic,49,103,888507.81,8626.29,8,1,0.1318,0.0611,0.0303,0.0491,0.0356,0.1483,0.527,0.0169,Premium Travel & Dining Elite
C00973,51+,South,Platinum,73,112,1005792.12,8980.29,8,1,0.1567,0.0846,0.0119,0.0822,0.0363,0.1237,0.4928,0.0117,Premium Travel & Dining Elite
C00974,31-40,West,Classic,43,24,36443.23,1518.47,8,248,0.1884,0.1087,0.1163,0.0421,0.0337,0.1047,0.247,0.1591,Lapsed / Dormant
C00975,41-50,West,Classic,63,168,185607.98,1104.81,8,0,0.1548,0.0644,0.1449,0.3104,0.0304,0.0979,0.095,0.1023,Everyday Essentials Loyalists
C00976,31-40,North,Platinum,7,130,238957.6,1838.14,8,0,0.1121,0.1659,0.016,0.0435,0.045,0.4479,0.1027,0.0669,Digital Shoppers (New)
C00977,31-40,West,Classic,12,143,293240.93,2050.64,8,2,0.1662,0.2352,0.0128,0.0449,0.0992,0.2891,0.1074,0.0453,Digital Shoppers (New)
C00978,21-30,South,Classic,32,153,162950.22,1065.03,8,0,0.1757,0.0938,0.1616,0.2158,0.0396,0.1049,0.0319,0.1766,Everyday Essentials Loyalists
C00979,31-40,North,Classic,7,125,244860.54,1958.88,7,3,0.1044,0.225,0.0,0.0668,0.0352,0.3119,0.2148,0.0418,Digital Shoppers (New)
C00980,31-40,East,Classic,55,160,177787.07,1111.17,8,5,0.1145,0.045,0.1499,0.2809,0.0321,0.1307,0.1,0.1469,Everyday Essentials Loyalists
C00981,31-40,South,Gold,52,43,48852.55,1136.11,8,161,0.1581,0.0169,0.1507,0.134,0.1045,0.2232,0.0334,0.1791,Lapsed / Dormant
C00982,31-40,South,Gold,40,19,24372.59,1282.77,7,10,0.1488,0.1251,0.0913,0.2063,0.0,0.0544,0.2042,0.1698,Low-Engagement Occasional
C00983,21-30,West,Gold,16,29,37112.96,1279.76,8,14,0.2232,0.0437,0.0779,0.1312,0.048,0.0984,0.0205,0.3572,Low-Engagement Occasional
C00984,21-30,South,Gold,20,137,271288.47,1980.21,8,3,0.1088,0.2868,0.0321,0.0369,0.0295,0.3181,0.0967,0.0911,Digital Shoppers (New)
C00985,41-50,East,Classic,32,150,169333.11,1128.89,8,1,0.051,0.0762,0.1938,0.3827,0.0467,0.0867,0.0691,0.0937,Everyday Essentials Loyalists
C00986,21-30,South,Platinum,34,34,34165.25,1004.86,7,191,0.1077,0.0,0.283,0.2222,0.0367,0.2014,0.0907,0.0584,Lapsed / Dormant
C00987,21-30,North,Classic,44,161,179059.03,1112.17,8,1,0.1523,0.0309,0.1723,0.2782,0.0237,0.1179,0.0383,0.1864,Everyday Essentials Loyalists
C00988,51+,South,Platinum,62,109,894353.06,8205.07,8,0,0.2637,0.0739,0.0165,0.0719,0.0147,0.14,0.4061,0.0132,Premium Travel & Dining Elite
C00989,31-40,West,Classic,42,171,200046.84,1169.86,8,0,0.1188,0.038,0.1801,0.3439,0.0216,0.1008,0.054,0.1427,Everyday Essentials Loyalists
C00990,51+,South,Gold,37,35,58688.38,1676.81,8,4,0.0936,0.027,0.1249,0.1124,0.0779,0.1392,0.2542,0.1708,Low-Engagement Occasional
C00991,41-50,North,Platinum,22,119,250415.17,2104.33,8,1,0.0982,0.2607,0.0192,0.0496,0.0689,0.2939,0.199,0.0105,Digital Shoppers (New)
C00992,41-50,East,Classic,44,18,23122.65,1284.59,7,1,0.0464,0.0964,0.0438,0.2841,0.0,0.0293,0.18,0.32,Low-Engagement Occasional
C00993,31-40,West,Gold,18,24,31631.17,1317.97,7,15,0.0513,0.0767,0.1119,0.3042,0.1211,0.1939,0.0,0.1409,Low-Engagement Occasional
C00994,21-30,West,Classic,57,174,194704.53,1118.99,8,0,0.1317,0.0962,0.1597,0.3591,0.0298,0.0851,0.0565,0.0819,Everyday Essentials Loyalists
C00995,41-50,East,Classic,66,39,55572.4,1424.93,7,147,0.0628,0.12,0.104,0.2158,0.0,0.0972,0.302,0.0982,Lapsed / Dormant
C00996,41-50,South,Gold,38,181,202890.15,1120.94,8,0,0.0809,0.0594,0.2304,0.301,0.0435,0.0802,0.0556,0.1491,Everyday Essentials Loyalists
C00997,31-40,East,Classic,3,135,242443.5,1795.88,8,7,0.1141,0.2294,0.0574,0.0491,0.0418,0.3439,0.0985,0.0658,Digital Shoppers (New)
C00998,41-50,West,Platinum,46,114,902535.05,7916.97,8,6,0.1466,0.0869,0.0303,0.0609,0.027,0.1703,0.4528,0.0253,Premium Travel & Dining Elite
C00999,31-40,West,Gold,43,49,76232.98,1555.78,8,165,0.0618,0.0227,0.072,0.1637,0.0638,0.2596,0.1551,0.2013,Lapsed / Dormant
C01000,51+,West,Classic,62,171,192205.52,1124.01,8,3,0.0796,0.0562,0.1824,0.3922,0.0319,0.0357,0.09,0.1319,Everyday Essentials Loyalists
C01001,41-50,South,Platinum,60,109,1005705.87,9226.66,8,0,0.1278,0.0706,0.0082,0.0452,0.0396,0.1166,0.5848,0.0075,Premium Travel & Dining Elite
C01002,21-30,North,Gold,7,155,307440.72,1983.49,8,1,0.155,0.1779,0.0334,0.0314,0.0481,0.3045,0.1463,0.1034,Digital Shoppers (New)
C01003,51+,East,Platinum,53,104,799778.34,7690.18,8,4,0.1293,0.0874,0.0238,0.0641,0.0632,0.186,0.4018,0.0443,Premium Travel & Dining Elite
C01004,51+,North,Classic,28,163,200324.5,1228.98,8,1,0.073,0.0661,0.1813,0.3551,0.0347,0.0914,0.0845,0.1139,Everyday Essentials Loyalists
C01005,41-50,North,Classic,22,123,243881.88,1982.78,8,3,0.1535,0.2007,0.0247,0.0598,0.0469,0.3464,0.1085,0.0595,Digital Shoppers (New)
C01006,21-30,South,Classic,41,157,170170.81,1083.89,8,8,0.0932,0.0618,0.1608,0.3859,0.0443,0.1078,0.0689,0.0773,Everyday Essentials Loyalists
C01007,41-50,East,Classic,68,39,55448.8,1421.76,8,178,0.092,0.0306,0.1052,0.1945,0.0813,0.1311,0.2653,0.1002,Lapsed / Dormant
C01008,41-50,West,Classic,48,170,183867.44,1081.57,8,2,0.0655,0.0667,0.1976,0.3381,0.002,0.1136,0.0553,0.1612,Everyday Essentials Loyalists
C01009,31-40,West,Gold,38,24,29123.24,1213.47,8,9,0.0386,0.1311,0.1808,0.0866,0.0338,0.1199,0.1991,0.21,Low-Engagement Occasional
C01010,51+,West,Platinum,11,151,304362.35,2015.64,8,5,0.0806,0.2289,0.0278,0.0306,0.0583,0.3843,0.1466,0.0428,Digital Shoppers (New)
C01011,31-40,West,Classic,3,131,272793.48,2082.39,8,4,0.0751,0.162,0.0179,0.0389,0.0528,0.4637,0.1269,0.0627,Digital Shoppers (New)
C01012,51+,West,Gold,5,146,280053.44,1918.17,8,3,0.0863,0.2166,0.045,0.0723,0.0391,0.4044,0.0761,0.0602,Digital Shoppers (New)
C01013,41-50,North,Gold,3,125,271700.61,2173.6,8,2,0.1058,0.286,0.0398,0.0251,0.0343,0.3552,0.1395,0.0144,Digital Shoppers (New)
C01014,31-40,East,Classic,57,26,32423.64,1247.06,8,251,0.1139,0.0855,0.0897,0.1924,0.0086,0.1631,0.3017,0.0452,Lapsed / Dormant
C01015,51+,North,Classic,38,173,187356.97,1082.99,8,0,0.0787,0.0546,0.1293,0.3501,0.0538,0.1276,0.0512,0.1546,Everyday Essentials Loyalists
C01016,31-40,North,Classic,51,182,180128.52,989.72,8,0,0.0602,0.0496,0.2237,0.3426,0.034,0.1299,0.0788,0.0811,Everyday Essentials Loyalists
C01017,31-40,North,Gold,31,36,48645.54,1351.27,8,2,0.0567,0.1466,0.1973,0.1136,0.0985,0.1958,0.1251,0.0664,Low-Engagement Occasional
C01018,31-40,West,Classic,27,34,55358.38,1628.19,8,21,0.1018,0.0783,0.093,0.1414,0.0516,0.1597,0.2355,0.1387,Low-Engagement Occasional
C01019,21-30,West,Platinum,48,103,815859.3,7920.96,8,2,0.1833,0.0627,0.0103,0.0308,0.0624,0.138,0.4571,0.0554,Premium Travel & Dining Elite
C01020,41-50,West,Classic,17,114,225807.6,1980.77,8,10,0.1224,0.2448,0.0188,0.065,0.0179,0.329,0.0706,0.1317,Digital Shoppers (New)
C01021,31-40,West,Gold,45,29,38857.24,1339.9,7,248,0.1055,0.0663,0.174,0.1159,0.1908,0.1486,0.0,0.1988,Lapsed / Dormant
C01022,51+,West,Classic,39,29,40062.35,1381.46,8,3,0.0319,0.0254,0.199,0.1546,0.0767,0.0839,0.0175,0.411,Low-Engagement Occasional
C01023,51+,North,Classic,40,22,33042.76,1501.94,7,224,0.0381,0.0,0.0747,0.2811,0.1195,0.0968,0.2775,0.1124,Lapsed / Dormant
C01024,41-50,West,Gold,20,114,220379.48,1933.15,8,0,0.0753,0.2623,0.0466,0.0981,0.0281,0.3643,0.1039,0.0214,Digital Shoppers (New)
C01025,21-30,West,Classic,30,134,254586.53,1899.9,8,1,0.1606,0.2589,0.0164,0.0273,0.0447,0.3107,0.1284,0.053,Digital Shoppers (New)
C01026,41-50,West,Platinum,44,147,155814.54,1059.96,8,1,0.1387,0.0397,0.1439,0.3312,0.0474,0.1086,0.0919,0.0986,Everyday Essentials Loyalists
C01027,21-30,North,Platinum,55,40,50844.93,1271.12,8,143,0.1596,0.0528,0.0536,0.109,0.0594,0.229,0.0877,0.2489,Lapsed / Dormant
C01028,41-50,North,Gold,47,159,159958.93,1006.03,8,0,0.0757,0.0192,0.2109,0.3693,0.0296,0.1364,0.0166,0.1423,Everyday Essentials Loyalists
C01029,31-40,West,Classic,48,27,41097.32,1522.12,8,28,0.0744,0.1706,0.1028,0.0896,0.012,0.1844,0.2103,0.1559,Low-Engagement Occasional
C01030,51+,North,Platinum,45,170,202367.87,1190.4,8,4,0.1055,0.09,0.1918,0.2379,0.0297,0.1103,0.1347,0.1,Everyday Essentials Loyalists
C01031,31-40,South,Classic,20,129,287193.34,2226.3,8,0,0.2214,0.116,0.0555,0.0949,0.0464,0.2455,0.1511,0.0691,Digital Shoppers (New)
C01032,31-40,South,Classic,29,34,37455.86,1101.64,8,6,0.099,0.115,0.1228,0.158,0.0777,0.1508,0.1617,0.115,Low-Engagement Occasional
C01033,51+,North,Classic,6,146,269434.32,1845.44,8,0,0.1501,0.271,0.0413,0.0633,0.0634,0.2425,0.0732,0.0951,Digital Shoppers (New)
C01034,31-40,North,Gold,35,35,49129.39,1403.7,8,165,0.1792,0.0626,0.1568,0.1613,0.1126,0.067,0.1637,0.0968,Lapsed / Dormant
C01035,51+,West,Classic,54,156,174877.91,1121.01,8,0,0.0755,0.0396,0.2153,0.3586,0.0434,0.114,0.0563,0.0974,Everyday Essentials Loyalists
C01036,51+,West,Gold,3,122,237117.0,1943.58,8,2,0.1714,0.1818,0.0419,0.0341,0.0612,0.2946,0.1911,0.0239,Digital Shoppers (New)
C01037,31-40,West,Gold,49,153,168551.81,1101.65,8,0,0.0569,0.0216,0.1759,0.3449,0.047,0.1562,0.058,0.1396,Everyday Essentials Loyalists
C01038,31-40,North,Classic,46,175,212582.77,1214.76,8,1,0.0831,0.0723,0.1072,0.3358,0.0211,0.1522,0.0982,0.1301,Everyday Essentials Loyalists
C01039,31-40,North,Classic,23,126,228108.54,1810.39,8,1,0.0937,0.2139,0.0273,0.0613,0.0482,0.3335,0.1417,0.0804,Digital Shoppers (New)
C01040,41-50,South,Platinum,54,117,885261.39,7566.34,8,3,0.1831,0.0663,0.0229,0.0353,0.0668,0.1658,0.4231,0.0366,Premium Travel & Dining Elite
C01041,51+,South,Platinum,52,118,877930.94,7440.09,8,2,0.1771,0.0499,0.0339,0.0564,0.0202,0.2059,0.4385,0.018,Premium Travel & Dining Elite
C01042,31-40,North,Gold,33,31,43108.31,1390.59,7,2,0.1433,0.0,0.1007,0.1552,0.0891,0.0728,0.1004,0.3386,Low-Engagement Occasional
C01043,41-50,West,Gold,11,128,249276.87,1947.48,8,0,0.1135,0.2673,0.042,0.0386,0.0647,0.26,0.1687,0.0451,Digital Shoppers (New)
C01044,31-40,West,Platinum,17,33,45000.02,1363.64,7,28,0.1366,0.0897,0.0342,0.2922,0.007,0.1041,0.0,0.3361,Low-Engagement Occasional
C01045,41-50,South,Platinum,79,110,831945.38,7563.14,8,1,0.1752,0.0616,0.0305,0.0667,0.0407,0.2196,0.3727,0.0329,Premium Travel & Dining Elite
C01046,41-50,South,Gold,34,166,184086.61,1108.96,8,2,0.087,0.1084,0.1923,0.2581,0.0491,0.0976,0.1113,0.0961,Everyday Essentials Loyalists
C01047,51+,South,Gold,32,180,205657.54,1142.54,8,2,0.1058,0.0701,0.1825,0.3352,0.0347,0.1143,0.0587,0.0987,Everyday Essentials Loyalists
C01048,31-40,North,Classic,27,32,50370.77,1574.09,7,1,0.0472,0.0,0.1637,0.2239,0.2329,0.0559,0.2365,0.0399,Low-Engagement Occasional
C01049,31-40,North,Classic,60,29,53601.65,1848.33,7,237,0.0684,0.1548,0.0733,0.1516,0.0745,0.1434,0.334,0.0,Lapsed / Dormant
C01050,31-40,South,Classic,20,177,206752.88,1168.1,8,0,0.135,0.0668,0.1496,0.3146,0.0104,0.116,0.1088,0.0989,Everyday Essentials Loyalists
C01051,21-30,South,Gold,41,29,35401.46,1220.74,7,5,0.0321,0.0436,0.1215,0.2977,0.1109,0.1712,0.0,0.2229,Low-Engagement Occasional
C01052,31-40,South,Gold,50,124,1079200.47,8703.23,8,2,0.1427,0.0714,0.0065,0.0486,0.0149,0.1277,0.5595,0.0287,Premium Travel & Dining Elite
C01053,51+,West,Gold,44,188,211473.48,1124.86,8,4,0.0794,0.1007,0.2501,0.2579,0.0167,0.106,0.0575,0.1318,Everyday Essentials Loyalists
C01054,31-40,North,Gold,53,127,1002556.24,7894.14,8,3,0.1909,0.1016,0.0475,0.1081,0.0235,0.1576,0.3415,0.0293,Premium Travel & Dining Elite
C01055,31-40,North,Platinum,61,171,200883.19,1174.76,8,3,0.0609,0.0812,0.1602,0.3425,0.0305,0.1355,0.0501,0.1391,Everyday Essentials Loyalists
C01056,41-50,North,Classic,31,31,36914.98,1190.81,8,0,0.1973,0.0305,0.0317,0.1642,0.1176,0.0769,0.1403,0.2416,Low-Engagement Occasional
C01057,21-30,North,Gold,40,49,72253.48,1474.56,8,153,0.0653,0.0523,0.0247,0.0862,0.1072,0.1718,0.207,0.2855,Lapsed / Dormant
C01058,31-40,East,Classic,38,182,212902.15,1169.79,8,0,0.1166,0.0904,0.1597,0.3854,0.0471,0.0611,0.04,0.0998,Everyday Essentials Loyalists
C01059,51+,West,Platinum,14,134,243955.57,1820.56,8,1,0.092,0.2511,0.0357,0.0646,0.0493,0.2692,0.149,0.0891,Digital Shoppers (New)
C01060,21-30,West,Classic,31,33,40481.87,1226.72,8,16,0.1301,0.146,0.0983,0.0679,0.0884,0.2719,0.0891,0.1081,Low-Engagement Occasional
C01061,31-40,East,Classic,52,53,66240.23,1249.82,8,128,0.1084,0.0975,0.2587,0.1834,0.008,0.1818,0.0773,0.0847,Lapsed / Dormant
C01062,31-40,South,Platinum,13,159,310542.3,1953.1,8,0,0.1322,0.1889,0.037,0.0345,0.0908,0.302,0.1729,0.0416,Digital Shoppers (New)
C01063,21-30,North,Classic,28,164,177334.64,1081.31,8,0,0.1208,0.0522,0.1996,0.3388,0.0435,0.0873,0.0177,0.1401,Everyday Essentials Loyalists
C01064,31-40,South,Gold,10,128,235590.92,1840.55,8,0,0.0962,0.2499,0.0614,0.0332,0.0701,0.3113,0.1455,0.0324,Digital Shoppers (New)
C01065,21-30,South,Classic,48,185,197679.1,1068.54,8,0,0.0914,0.0715,0.2002,0.2798,0.0338,0.1332,0.0912,0.0988,Everyday Essentials Loyalists
C01066,31-40,West,Gold,41,32,40479.14,1264.97,7,169,0.1517,0.0,0.0922,0.1781,0.0179,0.1439,0.1705,0.2458,Lapsed / Dormant
C01067,51+,South,Classic,48,175,180211.45,1029.78,8,2,0.0776,0.0591,0.2482,0.2722,0.0172,0.1299,0.0452,0.1504,Everyday Essentials Loyalists
C01068,31-40,North,Classic,30,39,59580.35,1527.7,8,1,0.0495,0.1543,0.1444,0.1679,0.1173,0.0318,0.1041,0.2306,Low-Engagement Occasional
C01069,31-40,North,Platinum,57,129,1053776.87,8168.81,8,3,0.1609,0.0877,0.0124,0.0675,0.0569,0.1318,0.4479,0.0348,Premium Travel & Dining Elite
C01070,31-40,North,Classic,53,167,187787.96,1124.48,8,0,0.1191,0.0262,0.2251,0.2858,0.0341,0.0894,0.0547,0.1655,Everyday Essentials Loyalists
C01071,51+,West,Classic,30,47,69932.06,1487.92,8,189,0.1647,0.0419,0.0686,0.2182,0.0677,0.1173,0.1535,0.168,Lapsed / Dormant
C01072,21-30,North,Classic,7,131,256504.32,1958.05,8,0,0.125,0.2643,0.053,0.0419,0.0579,0.2732,0.1184,0.0663,Digital Shoppers (New)
C01073,51+,North,Gold,26,125,231997.65,1855.98,8,2,0.1026,0.3071,0.0489,0.013,0.0521,0.2734,0.0695,0.1334,Digital Shoppers (New)
C01074,31-40,North,Classic,66,23,27010.38,1174.36,8,249,0.0536,0.0769,0.2211,0.3394,0.0199,0.2032,0.0435,0.0424,Lapsed / Dormant
C01075,51+,West,Gold,52,21,20308.64,967.08,6,22,0.0,0.0601,0.1198,0.1903,0.0973,0.1901,0.0,0.3423,Low-Engagement Occasional
C01076,31-40,South,Classic,42,138,170265.1,1233.81,8,0,0.0796,0.0488,0.17,0.2964,0.0413,0.0465,0.1784,0.139,Everyday Essentials Loyalists
C01077,21-30,East,Gold,18,123,234194.93,1904.02,8,1,0.1155,0.1475,0.0271,0.0759,0.08,0.3679,0.1351,0.0511,Digital Shoppers (New)
C01078,31-40,South,Classic,22,141,276293.0,1959.52,8,0,0.0939,0.2186,0.0296,0.0388,0.0346,0.3761,0.1038,0.1045,Digital Shoppers (New)
C01079,21-30,North,Classic,26,142,280263.01,1973.68,8,8,0.0944,0.264,0.0472,0.0963,0.0537,0.3347,0.0777,0.032,Digital Shoppers (New)
C01080,41-50,West,Classic,45,186,182240.76,979.79,8,0,0.0824,0.0339,0.251,0.325,0.0592,0.071,0.041,0.1365,Everyday Essentials Loyalists
C01081,41-50,North,Gold,51,169,201656.9,1193.24,8,0,0.0985,0.036,0.1641,0.2555,0.0466,0.1364,0.0802,0.1828,Everyday Essentials Loyalists
C01082,41-50,North,Platinum,52,48,58183.37,1212.15,8,173,0.0719,0.0623,0.0579,0.295,0.043,0.1817,0.2168,0.0714,Lapsed / Dormant
C01083,21-30,East,Classic,53,26,37963.92,1460.15,7,215,0.276,0.0,0.09,0.2679,0.0694,0.0676,0.1,0.129,Lapsed / Dormant
C01084,41-50,North,Classic,20,26,26249.37,1009.59,7,4,0.0,0.0752,0.2112,0.1742,0.0249,0.1422,0.1122,0.26,Low-Engagement Occasional
C01085,31-40,North,Classic,44,13,17478.44,1344.5,8,272,0.0595,0.0915,0.2501,0.1572,0.0371,0.0712,0.1272,0.2063,Lapsed / Dormant
C01086,51+,West,Classic,24,32,34097.61,1065.55,6,7,0.1195,0.0571,0.2896,0.1379,0.0,0.0911,0.0,0.3049,Low-Engagement Occasional
C01087,41-50,South,Gold,18,23,25271.23,1098.75,8,4,0.0282,0.2065,0.1227,0.1417,0.0905,0.0854,0.0705,0.2546,Low-Engagement Occasional
C01088,31-40,North,Classic,13,36,47792.25,1327.56,7,6,0.0501,0.1459,0.0,0.1212,0.1321,0.086,0.1955,0.2692,Low-Engagement Occasional
C01089,51+,South,Classic,9,116,214531.26,1849.41,8,5,0.1244,0.2002,0.04,0.0177,0.0365,0.4356,0.1152,0.0305,Digital Shoppers (New)
C01090,31-40,West,Platinum,11,123,234913.27,1909.86,8,1,0.1086,0.2557,0.0453,0.0715,0.0278,0.2967,0.1386,0.0559,Digital Shoppers (New)
C01091,31-40,North,Classic,43,166,185014.0,1114.54,8,1,0.1034,0.0814,0.2067,0.2846,0.0564,0.0668,0.089,0.1116,Everyday Essentials Loyalists
C01092,21-30,North,Gold,19,137,251786.17,1837.86,8,2,0.1067,0.233,0.0527,0.0432,0.0582,0.34,0.0894,0.0768,Digital Shoppers (New)
C01093,41-50,East,Gold,43,155,157369.99,1015.29,8,0,0.0707,0.0537,0.1899,0.3042,0.0638,0.1385,0.0464,0.1328,Everyday Essentials Loyalists
C01094,31-40,East,Platinum,39,164,184960.09,1127.81,8,0,0.0934,0.0797,0.1237,0.3129,0.0397,0.0982,0.1539,0.0985,Everyday Essentials Loyalists
C01095,21-30,West,Classic,4,131,253150.87,1932.45,8,6,0.1693,0.1931,0.0415,0.049,0.0582,0.2478,0.1923,0.0488,Digital Shoppers (New)
C01096,41-50,South,Classic,50,165,179433.31,1087.47,8,0,0.1119,0.0587,0.1672,0.3355,0.0465,0.0687,0.0616,0.1499,Everyday Essentials Loyalists
C01097,21-30,North,Gold,40,181,186822.67,1032.17,8,5,0.1234,0.0673,0.2048,0.3003,0.0421,0.069,0.0356,0.1576,Everyday Essentials Loyalists
C01098,41-50,South,Classic,25,36,44994.69,1249.85,7,4,0.1478,0.0,0.1083,0.0861,0.1073,0.0952,0.187,0.2684,Low-Engagement Occasional
C01099,21-30,East,Classic,46,31,38882.12,1254.26,8,221,0.1884,0.0585,0.0348,0.1472,0.1595,0.1993,0.0894,0.1229,Lapsed / Dormant
C01100,31-40,North,Gold,34,170,179989.54,1058.76,8,1,0.1031,0.0738,0.197,0.2868,0.0376,0.0767,0.0945,0.1306,Everyday Essentials Loyalists
C01101,51+,East,Platinum,54,96,784588.08,8172.79,7,7,0.2,0.0799,0.0,0.0321,0.0212,0.1902,0.4638,0.0127,Premium Travel & Dining Elite
C01102,21-30,North,Gold,36,179,198948.85,1111.45,8,2,0.0447,0.0447,0.2373,0.351,0.0104,0.1298,0.096,0.086,Everyday Essentials Loyalists
C01103,41-50,West,Gold,27,30,48713.16,1623.77,8,9,0.0176,0.0799,0.0437,0.0622,0.173,0.0598,0.4575,0.1063,Low-Engagement Occasional
C01104,41-50,West,Classic,36,31,35813.54,1155.28,8,0,0.1129,0.2079,0.133,0.082,0.2151,0.0242,0.071,0.1538,Low-Engagement Occasional
C01105,51+,South,Gold,64,119,1033365.79,8683.75,8,2,0.1492,0.0507,0.0513,0.031,0.0258,0.0993,0.5668,0.0259,Premium Travel & Dining Elite
C01106,21-30,West,Platinum,45,23,29128.88,1266.47,8,18,0.0425,0.1093,0.0861,0.0325,0.0753,0.0752,0.2095,0.3695,Low-Engagement Occasional
C01107,41-50,West,Platinum,72,87,732339.8,8417.7,8,5,0.1875,0.0189,0.036,0.0563,0.0331,0.1301,0.5189,0.0192,Premium Travel & Dining Elite
C01108,31-40,North,Gold,61,179,187130.67,1045.42,8,2,0.0584,0.04,0.2348,0.3485,0.018,0.1256,0.0164,0.1583,Everyday Essentials Loyalists
C01109,31-40,South,Platinum,53,39,49694.13,1274.21,8,165,0.034,0.0499,0.2312,0.1426,0.0507,0.1466,0.1631,0.1819,Lapsed / Dormant
C01110,31-40,East,Gold,47,168,184584.42,1098.72,8,1,0.1186,0.0706,0.1657,0.3224,0.0154,0.077,0.0884,0.142,Everyday Essentials Loyalists
C01111,31-40,North,Gold,37,158,174554.5,1104.78,8,0,0.1227,0.079,0.2377,0.2504,0.0766,0.0666,0.0424,0.1245,Everyday Essentials Loyalists
C01112,31-40,South,Gold,50,172,197141.22,1146.17,8,0,0.0795,0.0534,0.1945,0.2886,0.0266,0.0873,0.1484,0.1217,Everyday Essentials Loyalists
C01113,21-30,North,Gold,7,126,236835.43,1879.65,8,1,0.1185,0.2671,0.0636,0.0426,0.0814,0.2603,0.091,0.0755,Digital Shoppers (New)
C01114,31-40,West,Gold,33,50,60848.54,1216.97,8,149,0.2519,0.0918,0.0594,0.2115,0.0097,0.0796,0.2067,0.0895,Lapsed / Dormant
C01115,41-50,South,Classic,63,23,30925.59,1344.59,6,256,0.3644,0.1729,0.0899,0.0956,0.0,0.1017,0.0,0.1755,Lapsed / Dormant
C01116,31-40,West,Platinum,47,116,1035831.18,8929.58,8,0,0.167,0.0644,0.0207,0.0504,0.0583,0.1636,0.4552,0.0205,Premium Travel & Dining Elite
C01117,21-30,South,Platinum,64,95,754596.21,7943.12,8,0,0.173,0.1108,0.0189,0.0451,0.0401,0.1006,0.4952,0.0163,Premium Travel & Dining Elite
C01118,31-40,North,Classic,21,29,49692.74,1713.54,8,53,0.0789,0.1852,0.0539,0.1412,0.1358,0.0569,0.2314,0.1166,Low-Engagement Occasional
C01119,31-40,West,Gold,53,159,182397.93,1147.16,8,2,0.1209,0.0572,0.2038,0.3096,0.0277,0.072,0.0797,0.1291,Everyday Essentials Loyalists
C01120,41-50,North,Classic,60,31,51086.67,1647.96,8,196,0.1343,0.0252,0.0309,0.2916,0.0509,0.1192,0.2306,0.1172,Lapsed / Dormant
C01121,51+,North,Platinum,35,26,32528.42,1251.09,8,0,0.0873,0.0686,0.1087,0.2039,0.1423,0.1039,0.0662,0.2191,Low-Engagement Occasional
C01122,31-40,South,Gold,72,107,1066275.99,9965.2,8,0,0.1806,0.0271,0.0182,0.0499,0.0352,0.1119,0.5713,0.0058,Premium Travel & Dining Elite
C01123,41-50,East,Gold,30,34,42741.79,1257.11,8,9,0.1738,0.098,0.1379,0.0864,0.0501,0.1806,0.1198,0.1533,Low-Engagement Occasional
C01124,21-30,South,Gold,64,177,173157.57,978.29,8,0,0.1156,0.0761,0.1551,0.266,0.03,0.1042,0.1478,0.1053,Everyday Essentials Loyalists
C01125,51+,North,Classic,49,178,188968.7,1061.62,8,4,0.0788,0.0388,0.1811,0.3494,0.0468,0.0708,0.0639,0.1705,Everyday Essentials Loyalists
C01126,31-40,South,Classic,4,154,299109.53,1942.27,8,2,0.1297,0.2136,0.0261,0.0394,0.0124,0.3579,0.116,0.1049,Digital Shoppers (New)
C01127,31-40,North,Classic,14,130,262097.56,2016.14,8,5,0.1964,0.233,0.0529,0.021,0.0503,0.2966,0.0762,0.0736,Digital Shoppers (New)
C01128,21-30,North,Classic,28,29,48498.21,1672.35,8,11,0.0118,0.0504,0.0363,0.282,0.0388,0.1071,0.3068,0.1668,Low-Engagement Occasional
C01129,21-30,South,Gold,11,132,268169.98,2031.59,8,0,0.1417,0.1287,0.0455,0.0388,0.0357,0.3524,0.2327,0.0245,Digital Shoppers (New)
C01130,41-50,North,Classic,31,39,47548.98,1219.2,8,197,0.0199,0.0071,0.0564,0.2896,0.1128,0.1132,0.1548,0.2463,Lapsed / Dormant
C01131,21-30,North,Gold,51,23,43187.52,1877.72,8,266,0.1192,0.0159,0.1644,0.072,0.0301,0.0847,0.3208,0.1928,Lapsed / Dormant
C01132,31-40,East,Classic,3,137,274523.19,2003.82,8,1,0.0868,0.2302,0.0304,0.073,0.0608,0.3714,0.115,0.0323,Digital Shoppers (New)
C01133,21-30,West,Gold,34,109,994646.23,9125.19,8,5,0.1766,0.0846,0.031,0.0649,0.0356,0.137,0.4451,0.0253,Premium Travel & Dining Elite
C01134,51+,North,Gold,26,24,32595.62,1358.15,8,13,0.0558,0.0559,0.0256,0.1757,0.1836,0.176,0.1998,0.1276,Low-Engagement Occasional
C01135,41-50,South,Classic,40,21,24554.17,1169.25,7,247,0.126,0.0324,0.0505,0.2997,0.1422,0.1131,0.0,0.2361,Lapsed / Dormant
C01136,51+,North,Gold,33,163,183048.93,1123.0,8,0,0.0991,0.0697,0.1902,0.2985,0.0463,0.0572,0.075,0.1639,Everyday Essentials Loyalists
C01137,51+,West,Platinum,3,130,253216.95,1947.82,8,1,0.1037,0.3386,0.0425,0.0335,0.0616,0.3218,0.0695,0.0288,Digital Shoppers (New)
C01138,51+,North,Classic,33,153,180602.25,1180.41,8,0,0.062,0.0595,0.2555,0.2543,0.0314,0.1184,0.0683,0.1506,Everyday Essentials Loyalists
C01139,31-40,North,Platinum,58,115,954403.82,8299.16,8,0,0.0881,0.0839,0.0602,0.0434,0.0537,0.1847,0.4704,0.0157,Premium Travel & Dining Elite
C01140,21-30,South,Gold,23,32,47282.18,1477.57,7,14,0.0689,0.1242,0.107,0.2513,0.1173,0.1504,0.0,0.1809,Low-Engagement Occasional
C01141,31-40,North,Classic,45,171,200245.53,1171.03,8,4,0.1517,0.0601,0.1669,0.2831,0.025,0.0663,0.1215,0.1254,Everyday Essentials Loyalists
C01142,31-40,North,Gold,43,28,33962.77,1212.96,8,1,0.0812,0.2199,0.1704,0.0705,0.0259,0.1249,0.0771,0.2302,Low-Engagement Occasional
C01143,41-50,North,Platinum,35,25,33993.31,1359.73,8,16,0.2348,0.0606,0.0301,0.2556,0.1469,0.0701,0.1125,0.0895,Low-Engagement Occasional
C01144,21-30,East,Gold,40,31,37873.76,1221.73,7,5,0.0686,0.0865,0.0,0.2657,0.1091,0.2139,0.0893,0.167,Low-Engagement Occasional
C01145,21-30,East,Classic,53,147,162399.19,1104.76,8,0,0.1188,0.1014,0.1777,0.2663,0.0471,0.1042,0.0683,0.1162,Everyday Essentials Loyalists
C01146,41-50,East,Gold,31,170,178671.38,1051.01,8,7,0.1011,0.0595,0.1393,0.3149,0.0104,0.0934,0.0968,0.1846,Everyday Essentials Loyalists
C01147,21-30,West,Classic,34,25,37316.7,1492.67,8,26,0.089,0.0731,0.0741,0.2104,0.096,0.1633,0.0452,0.249,Low-Engagement Occasional
C01148,21-30,South,Gold,39,45,59833.42,1329.63,8,9,0.0304,0.0988,0.1774,0.1558,0.1351,0.0611,0.1394,0.202,Low-Engagement Occasional
C01149,21-30,West,Classic,9,100,193455.52,1934.56,8,3,0.0998,0.3767,0.0076,0.0361,0.0243,0.3873,0.0441,0.0241,Digital Shoppers (New)
C01150,41-50,West,Gold,40,39,49629.48,1272.55,8,209,0.2074,0.0515,0.1149,0.2207,0.0222,0.1197,0.1325,0.1311,Lapsed / Dormant
C01151,21-30,West,Gold,47,181,206103.2,1138.69,8,4,0.1018,0.0781,0.188,0.3589,0.0589,0.0828,0.0589,0.0726,Everyday Essentials Loyalists
C01152,21-30,West,Classic,33,37,57426.8,1552.08,8,192,0.1182,0.1012,0.1439,0.1513,0.0053,0.1312,0.2829,0.0661,Lapsed / Dormant
C01153,21-30,South,Gold,49,133,1174098.24,8827.81,8,0,0.141,0.0589,0.0116,0.0633,0.0468,0.1584,0.4902,0.0298,Premium Travel & Dining Elite
C01154,41-50,North,Gold,35,161,175291.93,1088.77,8,3,0.0976,0.064,0.1922,0.2873,0.0264,0.1411,0.0707,0.1207,Everyday Essentials Loyalists
C01155,21-30,South,Gold,18,144,255326.46,1773.1,8,0,0.1412,0.279,0.0497,0.0198,0.0356,0.3553,0.0983,0.021,Digital Shoppers (New)
C01156,21-30,North,Gold,62,115,835227.01,7262.84,8,11,0.1354,0.1129,0.0226,0.0799,0.1177,0.1053,0.4116,0.0146,Premium Travel & Dining Elite
C01157,51+,South,Platinum,70,96,848019.07,8833.53,8,4,0.1519,0.0849,0.0165,0.0822,0.0733,0.15,0.358,0.0832,Premium Travel & Dining Elite
C01158,51+,North,Platinum,50,100,809345.55,8093.46,8,1,0.1418,0.0753,0.0554,0.0797,0.0651,0.092,0.4618,0.0289,Premium Travel & Dining Elite
C01159,21-30,North,Classic,32,176,189893.8,1078.94,8,3,0.0961,0.0533,0.1346,0.3381,0.0502,0.1132,0.0589,0.1556,Everyday Essentials Loyalists
C01160,31-40,West,Classic,35,28,43665.79,1559.49,8,11,0.12,0.0502,0.0215,0.3729,0.0152,0.0624,0.1142,0.2436,Low-Engagement Occasional
C01161,21-30,East,Gold,52,105,890916.77,8484.92,8,4,0.1385,0.1294,0.0079,0.0583,0.0149,0.1906,0.4381,0.0224,Premium Travel & Dining Elite
C01162,41-50,East,Classic,7,131,252254.21,1925.6,8,10,0.103,0.2618,0.0265,0.0542,0.0556,0.2589,0.1643,0.0757,Digital Shoppers (New)
C01163,31-40,South,Classic,11,21,26397.16,1257.01,8,2,0.2414,0.0776,0.1367,0.1014,0.0624,0.1064,0.0842,0.1899,Low-Engagement Occasional
C01164,51+,East,Gold,44,176,199589.26,1134.03,8,2,0.0742,0.0359,0.1498,0.4236,0.0313,0.0802,0.1019,0.103,Everyday Essentials Loyalists
C01165,41-50,West,Classic,57,173,189006.42,1092.52,8,0,0.1273,0.0554,0.2493,0.2871,0.0405,0.0946,0.0495,0.0962,Everyday Essentials Loyalists
C01166,31-40,East,Gold,37,51,64826.91,1271.12,8,143,0.1052,0.0336,0.1311,0.1555,0.1207,0.064,0.2158,0.1741,Lapsed / Dormant
C01167,21-30,East,Classic,40,25,34996.16,1399.85,8,18,0.0168,0.092,0.0568,0.0902,0.0165,0.109,0.0471,0.5717,Low-Engagement Occasional
C01168,51+,South,Classic,13,128,224224.83,1751.76,8,0,0.1248,0.2524,0.0126,0.0337,0.0581,0.432,0.0438,0.0427,Digital Shoppers (New)
C01169,41-50,South,Gold,12,42,54638.08,1300.91,8,9,0.1531,0.0566,0.0697,0.2087,0.1592,0.1193,0.0501,0.1832,Low-Engagement Occasional
C01170,41-50,East,Platinum,51,118,1057538.57,8962.19,8,3,0.1217,0.0512,0.027,0.0422,0.0137,0.1415,0.5811,0.0217,Premium Travel & Dining Elite
C01171,21-30,West,Classic,32,152,181721.91,1195.54,8,2,0.0618,0.1134,0.1962,0.3344,0.0802,0.0745,0.0205,0.119,Everyday Essentials Loyalists
C01172,41-50,South,Classic,26,26,39779.19,1529.97,8,14,0.0713,0.1007,0.0934,0.1158,0.047,0.1649,0.299,0.1079,Low-Engagement Occasional
C01173,41-50,South,Platinum,46,189,219447.46,1161.1,8,4,0.0872,0.0486,0.2059,0.2917,0.0245,0.152,0.082,0.1081,Everyday Essentials Loyalists
C01174,51+,South,Platinum,48,45,65411.3,1453.58,8,1,0.1241,0.0913,0.0623,0.2493,0.0841,0.1943,0.0897,0.1049,Low-Engagement Occasional
C01175,31-40,South,Classic,3,133,263733.66,1982.96,8,0,0.1436,0.1488,0.0303,0.0513,0.0339,0.4384,0.0984,0.0554,Digital Shoppers (New)
C01176,31-40,West,Classic,25,35,54578.5,1559.39,8,0,0.2789,0.0274,0.1658,0.1071,0.0723,0.1581,0.1042,0.0862,Low-Engagement Occasional
C01177,31-40,West,Gold,5,130,212367.78,1633.6,8,1,0.1699,0.2447,0.0573,0.0231,0.0903,0.3023,0.0894,0.023,Digital Shoppers (New)
C01178,41-50,South,Gold,29,167,179105.2,1072.49,8,5,0.1348,0.0509,0.1875,0.3613,0.057,0.0759,0.0209,0.1117,Everyday Essentials Loyalists
C01179,51+,South,Classic,42,155,173765.77,1121.07,8,3,0.1045,0.048,0.1321,0.2999,0.0515,0.1156,0.101,0.1474,Everyday Essentials Loyalists
C01180,31-40,South,Gold,42,159,182249.26,1146.22,8,0,0.0715,0.054,0.2188,0.3653,0.0086,0.0387,0.1062,0.1367,Everyday Essentials Loyalists
C01181,21-30,North,Platinum,11,33,46474.48,1408.32,8,8,0.0998,0.0487,0.0879,0.4113,0.085,0.0593,0.049,0.159,Low-Engagement Occasional
C01182,21-30,South,Platinum,60,121,982411.91,8119.11,8,1,0.1412,0.0839,0.0163,0.0796,0.0732,0.165,0.4171,0.0237,Premium Travel & Dining Elite
C01183,41-50,West,Platinum,47,114,954480.41,8372.64,8,5,0.1863,0.0458,0.0362,0.0334,0.0667,0.0797,0.5206,0.0312,Premium Travel & Dining Elite
C01184,51+,East,Classic,42,171,185931.76,1087.32,8,0,0.1063,0.054,0.1349,0.3489,0.0336,0.0848,0.0631,0.1745,Everyday Essentials Loyalists
C01185,21-30,North,Classic,54,173,204797.56,1183.8,8,0,0.0633,0.1074,0.2338,0.244,0.0257,0.0846,0.1233,0.1179,Everyday Essentials Loyalists
C01186,31-40,West,Gold,34,40,50578.9,1264.47,8,2,0.0819,0.0273,0.0822,0.3563,0.0605,0.167,0.0789,0.1459,Low-Engagement Occasional
C01187,51+,West,Classic,43,145,171412.74,1182.16,8,0,0.1491,0.0363,0.1567,0.3165,0.0667,0.0849,0.1196,0.0701,Everyday Essentials Loyalists
C01188,31-40,North,Gold,42,18,21552.55,1197.36,7,297,0.072,0.077,0.2867,0.1587,0.0871,0.1672,0.0,0.1513,Lapsed / Dormant
C01189,21-30,East,Classic,60,102,855906.03,8391.24,8,0,0.1279,0.1253,0.0385,0.0566,0.0164,0.1746,0.4103,0.0504,Premium Travel & Dining Elite
C01190,31-40,East,Gold,19,131,251679.74,1921.22,8,0,0.1021,0.2396,0.0453,0.043,0.0315,0.3813,0.11,0.0471,Digital Shoppers (New)
C01191,31-40,West,Classic,18,113,222524.29,1969.24,8,4,0.0734,0.2225,0.0339,0.0567,0.1196,0.333,0.1015,0.0595,Digital Shoppers (New)
C01192,21-30,North,Classic,41,178,199368.12,1120.05,8,6,0.094,0.0393,0.2033,0.2808,0.0371,0.1099,0.0915,0.1441,Everyday Essentials Loyalists
C01193,41-50,North,Classic,50,27,31239.89,1157.03,8,212,0.0952,0.035,0.0882,0.0281,0.0532,0.2451,0.3731,0.0821,Lapsed / Dormant
C01194,31-40,South,Platinum,34,20,30484.52,1524.23,7,276,0.1949,0.0357,0.0594,0.3354,0.0,0.1129,0.1784,0.0833,Lapsed / Dormant
C01195,41-50,North,Classic,40,38,58118.47,1529.43,7,215,0.0994,0.0,0.0593,0.1395,0.021,0.2977,0.3099,0.0732,Lapsed / Dormant
C01196,41-50,South,Classic,49,175,211949.86,1211.14,8,0,0.1022,0.0547,0.1785,0.3273,0.0372,0.1107,0.0726,0.1166,Everyday Essentials Loyalists
C01197,21-30,West,Gold,50,164,199205.49,1214.67,8,0,0.0872,0.0313,0.2545,0.2199,0.0209,0.1128,0.1819,0.0914,Everyday Essentials Loyalists
C01198,21-30,North,Classic,14,130,245058.14,1885.06,8,3,0.1141,0.1855,0.0301,0.0472,0.0382,0.3337,0.2241,0.027,Digital Shoppers (New)
C01199,21-30,South,Classic,56,179,206814.46,1155.39,8,2,0.0907,0.0538,0.1906,0.2748,0.0376,0.1665,0.0652,0.1209,Everyday Essentials Loyalists
C01200,21-30,West,Classic,35,24,27203.66,1133.49,6,0,0.1393,0.0,0.1676,0.2652,0.2058,0.0382,0.0,0.1838,Low-Engagement Occasional
C01201,41-50,South,Classic,11,124,251852.28,2031.07,8,1,0.1152,0.1508,0.031,0.0354,0.0482,0.3871,0.149,0.0833,Digital Shoppers (New)
C01202,21-30,South,Gold,3,152,301767.31,1985.31,8,1,0.1344,0.2567,0.0474,0.059,0.022,0.2752,0.1561,0.0492,Digital Shoppers (New)
C01203,41-50,East,Classic,44,28,35810.34,1278.94,8,4,0.0458,0.0488,0.0948,0.1352,0.2125,0.334,0.0375,0.0915,Low-Engagement Occasional
C01204,21-30,North,Gold,37,37,58312.57,1576.02,8,8,0.1497,0.0395,0.1586,0.1317,0.0947,0.1447,0.0975,0.1836,Low-Engagement Occasional
C01205,21-30,North,Platinum,77,115,995011.2,8652.27,8,1,0.1226,0.0742,0.0038,0.0458,0.0275,0.1512,0.535,0.04,Premium Travel & Dining Elite
C01206,21-30,East,Gold,81,133,1132543.83,8515.37,8,1,0.146,0.0573,0.0443,0.0669,0.0076,0.1715,0.4781,0.0283,Premium Travel & Dining Elite
C01207,31-40,South,Classic,3,128,235145.84,1837.08,8,0,0.1094,0.2614,0.0251,0.0552,0.0456,0.3643,0.0932,0.0456,Digital Shoppers (New)
C01208,41-50,North,Classic,3,137,271437.72,1981.3,8,1,0.1257,0.1778,0.0116,0.0718,0.0554,0.4347,0.0312,0.0919,Digital Shoppers (New)
C01209,41-50,North,Classic,13,141,162573.84,1153.01,8,0,0.0794,0.0632,0.2719,0.2882,0.0111,0.0868,0.0942,0.1052,Everyday Essentials Loyalists
C01210,21-30,West,Gold,51,179,197848.5,1105.3,8,5,0.102,0.0415,0.1938,0.2477,0.0479,0.1264,0.09,0.1507,Everyday Essentials Loyalists
C01211,41-50,North,Classic,36,30,40057.39,1335.25,8,4,0.2072,0.1362,0.1596,0.1318,0.0562,0.2005,0.0542,0.0543,Low-Engagement Occasional
C01212,41-50,West,Platinum,30,30,43021.28,1434.04,7,14,0.0,0.0611,0.0218,0.3049,0.065,0.2593,0.1336,0.1543,Low-Engagement Occasional
C01213,31-40,South,Classic,3,133,276329.06,2077.66,8,0,0.1479,0.179,0.0479,0.0352,0.0164,0.4066,0.1234,0.0436,Digital Shoppers (New)
C01214,21-30,East,Classic,41,165,189516.77,1148.59,8,2,0.1172,0.1086,0.1101,0.2584,0.0102,0.1536,0.0697,0.1721,Everyday Essentials Loyalists
C01215,21-30,North,Classic,43,181,203792.97,1125.93,8,1,0.1325,0.0922,0.1603,0.2638,0.0709,0.0946,0.0754,0.1103,Everyday Essentials Loyalists
C01216,21-30,North,Classic,21,146,286748.17,1964.03,8,6,0.1208,0.1829,0.0376,0.0822,0.0693,0.3362,0.1207,0.0501,Digital Shoppers (New)
C01217,51+,South,Classic,44,208,220884.11,1061.94,8,0,0.1164,0.0473,0.1991,0.2643,0.0669,0.1064,0.0828,0.1167,Everyday Essentials Loyalists
C01218,31-40,East,Classic,20,128,254377.01,1987.32,8,0,0.1221,0.2098,0.0198,0.0837,0.0564,0.2465,0.1802,0.0815,Digital Shoppers (New)
C01219,31-40,North,Classic,28,31,40434.68,1304.34,8,0,0.1397,0.1014,0.2061,0.1098,0.1587,0.1192,0.1072,0.0579,Low-Engagement Occasional
C01220,41-50,South,Platinum,71,117,974179.57,8326.32,8,0,0.1295,0.1117,0.0123,0.104,0.0462,0.12,0.4478,0.0285,Premium Travel & Dining Elite
C01221,31-40,South,Gold,66,108,988411.64,9151.96,8,2,0.1318,0.0433,0.0112,0.042,0.025,0.109,0.6342,0.0035,Premium Travel & Dining Elite
C01222,41-50,North,Gold,30,185,217855.89,1177.6,8,0,0.1028,0.0336,0.1591,0.3329,0.0298,0.0909,0.0577,0.1931,Everyday Essentials Loyalists
C01223,21-30,East,Classic,61,32,39822.05,1244.44,8,198,0.0435,0.0321,0.1032,0.1919,0.1875,0.3109,0.0612,0.0697,Lapsed / Dormant
C01224,31-40,North,Classic,26,136,244303.9,1796.35,8,2,0.1395,0.2549,0.0206,0.04,0.0445,0.3483,0.0965,0.0555,Digital Shoppers (New)
C01225,21-30,South,Classic,46,166,184376.18,1110.7,8,0,0.1231,0.0384,0.2331,0.305,0.0233,0.1321,0.0841,0.061,Everyday Essentials Loyalists
C01226,21-30,North,Classic,50,28,37337.19,1333.47,8,260,0.1631,0.1409,0.1384,0.0782,0.0397,0.0603,0.3251,0.0544,Lapsed / Dormant
C01227,31-40,South,Classic,30,123,277455.57,2255.74,8,1,0.0819,0.1976,0.0216,0.0748,0.0173,0.3459,0.227,0.0339,Digital Shoppers (New)
C01228,41-50,South,Classic,3,130,252902.07,1945.4,8,1,0.1477,0.2407,0.0495,0.0569,0.019,0.2256,0.2375,0.0232,Digital Shoppers (New)
C01229,41-50,South,Gold,60,24,28863.65,1202.65,8,264,0.0157,0.0451,0.1846,0.1758,0.0187,0.1517,0.1087,0.2998,Lapsed / Dormant
C01230,41-50,South,Platinum,55,114,893135.15,7834.52,8,0,0.1283,0.0532,0.0135,0.0401,0.0333,0.184,0.5412,0.0065,Premium Travel & Dining Elite
C01231,21-30,West,Platinum,52,216,249060.62,1153.06,8,1,0.0907,0.0524,0.2967,0.2699,0.0426,0.0712,0.0256,0.1509,Everyday Essentials Loyalists
C01232,51+,South,Classic,15,138,244344.15,1770.61,8,0,0.0976,0.2086,0.0426,0.1027,0.0393,0.3403,0.0932,0.0758,Digital Shoppers (New)
C01233,21-30,West,Classic,29,181,187623.61,1036.59,8,0,0.0762,0.0466,0.2045,0.2409,0.0609,0.129,0.0929,0.149,Everyday Essentials Loyalists
C01234,41-50,North,Classic,25,27,37227.82,1378.81,8,7,0.22,0.0202,0.0486,0.2022,0.1975,0.0472,0.1377,0.1266,Low-Engagement Occasional
C01235,41-50,South,Platinum,52,160,170414.31,1065.09,8,5,0.0906,0.0654,0.1884,0.2361,0.0136,0.1393,0.0747,0.1919,Everyday Essentials Loyalists
C01236,31-40,North,Platinum,57,110,987875.64,8980.69,8,0,0.1375,0.0669,0.0442,0.0434,0.0345,0.1577,0.4861,0.0295,Premium Travel & Dining Elite
C01237,31-40,South,Classic,35,164,177347.87,1081.39,8,0,0.0807,0.0395,0.1482,0.3581,0.0308,0.0856,0.0269,0.2303,Everyday Essentials Loyalists
C01238,41-50,East,Classic,35,167,196692.57,1177.8,8,4,0.1129,0.0665,0.1826,0.2626,0.0383,0.1166,0.1129,0.1075,Everyday Essentials Loyalists
C01239,41-50,West,Gold,48,157,169546.55,1079.91,8,1,0.0715,0.0277,0.2344,0.3956,0.0376,0.0812,0.0613,0.0908,Everyday Essentials Loyalists
C01240,21-30,East,Platinum,77,128,1083930.28,8468.21,8,3,0.2451,0.0426,0.0153,0.1014,0.0296,0.1169,0.4214,0.0278,Premium Travel & Dining Elite
C01241,41-50,East,Gold,26,34,42246.19,1242.54,8,216,0.0918,0.1003,0.0606,0.1405,0.0835,0.2308,0.2099,0.0827,Lapsed / Dormant
C01242,21-30,North,Classic,70,175,199546.42,1140.27,8,1,0.1395,0.0541,0.1905,0.2946,0.0351,0.129,0.0283,0.1289,Everyday Essentials Loyalists
C01243,31-40,North,Classic,44,175,193475.27,1105.57,8,0,0.1208,0.0475,0.0984,0.349,0.0481,0.0845,0.0976,0.1541,Everyday Essentials Loyalists
C01244,41-50,West,Gold,65,104,797527.39,7668.53,8,4,0.1819,0.0579,0.0175,0.0478,0.0431,0.1344,0.5,0.0173,Premium Travel & Dining Elite
C01245,41-50,North,Classic,37,182,204065.94,1121.24,8,0,0.1241,0.0467,0.2238,0.1945,0.0663,0.096,0.1331,0.1156,Everyday Essentials Loyalists
C01246,31-40,North,Classic,41,167,181878.54,1089.09,8,1,0.1081,0.077,0.1519,0.2561,0.0581,0.0867,0.0872,0.1749,Everyday Essentials Loyalists
C01247,21-30,West,Gold,15,120,251687.52,2097.4,8,7,0.0914,0.2756,0.0358,0.0871,0.0435,0.2719,0.1772,0.0174,Digital Shoppers (New)
C01248,31-40,West,Gold,31,184,189782.77,1031.43,8,0,0.0914,0.0558,0.1817,0.3781,0.0349,0.0824,0.0311,0.1445,Everyday Essentials Loyalists
C01249,31-40,East,Gold,39,26,28463.52,1094.75,8,241,0.2577,0.0448,0.052,0.2717,0.0148,0.1668,0.0842,0.108,Lapsed / Dormant
C01250,31-40,South,Classic,59,39,47827.99,1226.36,7,168,0.0724,0.0,0.2112,0.1405,0.0369,0.2616,0.2318,0.0456,Lapsed / Dormant
C01251,31-40,West,Gold,44,101,794760.62,7868.92,8,0,0.1801,0.0479,0.0123,0.0341,0.0125,0.2421,0.431,0.04,Premium Travel & Dining Elite
C01252,41-50,North,Platinum,64,93,777906.61,8364.59,8,3,0.1795,0.0756,0.0552,0.0435,0.0341,0.0835,0.4816,0.047,Premium Travel & Dining Elite
C01253,21-30,South,Gold,56,109,969042.06,8890.29,8,3,0.1807,0.0501,0.0396,0.063,0.0159,0.1703,0.4717,0.0087,Premium Travel & Dining Elite
C01254,21-30,South,Gold,4,137,266209.07,1943.13,8,3,0.0846,0.2484,0.0615,0.0385,0.0219,0.3519,0.15,0.0432,Digital Shoppers (New)
C01255,31-40,West,Platinum,79,101,837259.39,8289.7,8,0,0.1236,0.0726,0.011,0.0416,0.0297,0.1522,0.5625,0.0068,Premium Travel & Dining Elite
C01256,21-30,West,Classic,20,39,50198.39,1287.14,8,19,0.1034,0.1278,0.0667,0.2335,0.0694,0.0865,0.1364,0.1763,Low-Engagement Occasional
C01257,21-30,East,Classic,18,24,32784.53,1366.02,8,49,0.1742,0.1298,0.2213,0.0572,0.1394,0.141,0.0435,0.0935,Low-Engagement Occasional
C01258,31-40,North,Gold,28,21,26730.16,1272.86,7,33,0.0344,0.108,0.1326,0.2817,0.1049,0.0978,0.0,0.2406,Low-Engagement Occasional
C01259,31-40,South,Classic,6,127,217030.33,1708.9,8,5,0.0654,0.1924,0.0475,0.064,0.0813,0.4138,0.0622,0.0734,Digital Shoppers (New)
C01260,31-40,North,Classic,48,44,46492.37,1056.64,8,174,0.1967,0.0242,0.1108,0.2915,0.0213,0.1756,0.0405,0.1394,Lapsed / Dormant
C01261,31-40,West,Gold,61,117,1038508.35,8876.14,8,2,0.1064,0.0752,0.0361,0.0843,0.0223,0.1681,0.4969,0.0107,Premium Travel & Dining Elite
C01262,51+,North,Classic,44,164,188437.96,1149.01,8,2,0.0746,0.048,0.1706,0.2834,0.0586,0.1004,0.1129,0.1515,Everyday Essentials Loyalists
C01263,31-40,North,Gold,40,168,163206.73,971.47,8,0,0.0344,0.047,0.158,0.3482,0.0305,0.1116,0.1195,0.1508,Everyday Essentials Loyalists
C01264,31-40,West,Gold,40,26,32060.57,1233.1,8,252,0.0414,0.0346,0.1318,0.0759,0.0773,0.2851,0.0966,0.2574,Lapsed / Dormant
C01265,21-30,South,Gold,20,126,243336.79,1931.24,8,0,0.1272,0.2382,0.0268,0.0387,0.0643,0.234,0.2237,0.0471,Digital Shoppers (New)
C01266,21-30,West,Gold,28,24,40813.86,1700.58,8,5,0.0831,0.1773,0.1457,0.1134,0.0431,0.1504,0.0883,0.1988,Low-Engagement Occasional
C01267,31-40,North,Classic,37,155,171916.3,1109.14,8,9,0.0713,0.0389,0.1839,0.257,0.0396,0.0947,0.0928,0.2217,Everyday Essentials Loyalists
C01268,41-50,West,Classic,62,37,41939.74,1133.51,8,188,0.1593,0.0941,0.1333,0.0905,0.0543,0.0986,0.2689,0.101,Lapsed / Dormant
C01269,21-30,North,Classic,12,142,276727.96,1948.79,8,1,0.075,0.2413,0.0378,0.0399,0.0624,0.322,0.1695,0.0521,Digital Shoppers (New)
C01270,21-30,North,Gold,24,140,277854.53,1984.68,8,0,0.1235,0.1323,0.0559,0.0417,0.0546,0.3899,0.1363,0.0658,Digital Shoppers (New)
C01271,31-40,South,Gold,60,42,50157.24,1194.22,8,144,0.0622,0.0748,0.0611,0.2246,0.0345,0.2084,0.2721,0.0623,Lapsed / Dormant
C01272,31-40,North,Classic,54,161,185764.49,1153.82,8,5,0.0908,0.0394,0.1556,0.3861,0.0207,0.1468,0.0605,0.1001,Everyday Essentials Loyalists
C01273,51+,East,Gold,48,176,201050.02,1142.33,8,1,0.0708,0.0624,0.1781,0.327,0.0079,0.0752,0.1285,0.1501,Everyday Essentials Loyalists
C01274,21-30,North,Gold,13,129,262719.73,2036.59,8,5,0.0885,0.2245,0.0274,0.0719,0.0852,0.3395,0.1303,0.0326,Digital Shoppers (New)
C01275,21-30,North,Platinum,59,102,778594.9,7633.28,8,4,0.1524,0.0908,0.0168,0.0513,0.0418,0.204,0.4113,0.0316,Premium Travel & Dining Elite
C01276,31-40,West,Gold,39,160,193467.6,1209.17,8,1,0.099,0.1004,0.2107,0.3232,0.0122,0.083,0.0929,0.0786,Everyday Essentials Loyalists
C01277,21-30,North,Platinum,20,203,227364.52,1120.02,8,0,0.0586,0.041,0.2033,0.3026,0.0734,0.0836,0.1135,0.124,Everyday Essentials Loyalists
C01278,21-30,East,Platinum,67,114,997728.45,8752.0,8,5,0.2212,0.0302,0.0114,0.0667,0.0263,0.1392,0.4802,0.0248,Premium Travel & Dining Elite
C01279,31-40,West,Classic,50,38,41717.45,1097.83,8,139,0.0489,0.0502,0.1606,0.1139,0.0681,0.3494,0.0429,0.1659,Lapsed / Dormant
C01280,31-40,North,Platinum,22,147,280177.58,1905.97,8,0,0.1347,0.2072,0.0411,0.0683,0.0772,0.3345,0.079,0.0581,Digital Shoppers (New)
C01281,21-30,West,Classic,40,181,212588.83,1174.52,8,0,0.0977,0.0665,0.2326,0.2857,0.0327,0.0664,0.0723,0.1461,Everyday Essentials Loyalists
C01282,41-50,North,Classic,48,155,180419.13,1163.99,8,1,0.0968,0.0361,0.1691,0.2651,0.0774,0.0946,0.1319,0.129,Everyday Essentials Loyalists
C01283,31-40,South,Classic,28,181,202261.15,1117.46,8,4,0.1015,0.0368,0.2116,0.3106,0.0407,0.1174,0.0525,0.1289,Everyday Essentials Loyalists
C01284,21-30,North,Classic,3,121,258068.91,2132.8,8,0,0.0971,0.338,0.0144,0.0375,0.0958,0.1894,0.1682,0.0596,Digital Shoppers (New)
C01285,51+,West,Platinum,23,18,26325.57,1462.53,6,258,0.0,0.0679,0.0,0.092,0.0591,0.3083,0.4036,0.0692,Lapsed / Dormant
C01286,31-40,East,Platinum,46,15,18361.62,1224.11,8,293,0.034,0.0654,0.1255,0.0764,0.0493,0.2785,0.1271,0.2439,Lapsed / Dormant
C01287,51+,South,Classic,34,156,172672.16,1106.87,8,1,0.0713,0.0696,0.1812,0.3582,0.0355,0.075,0.1026,0.1068,Everyday Essentials Loyalists
C01288,51+,West,Classic,32,180,202559.71,1125.33,8,0,0.086,0.0724,0.1604,0.3258,0.0167,0.113,0.1119,0.1138,Everyday Essentials Loyalists
C01289,31-40,South,Gold,17,141,264673.12,1877.11,8,0,0.1516,0.1884,0.0551,0.0698,0.0549,0.319,0.1091,0.0521,Digital Shoppers (New)
C01290,21-30,West,Classic,9,133,257759.93,1938.04,8,5,0.0996,0.2592,0.0394,0.0512,0.0551,0.3213,0.1281,0.0461,Digital Shoppers (New)
C01291,41-50,West,Classic,3,136,280009.62,2058.89,8,0,0.0931,0.2849,0.0234,0.0788,0.1018,0.2403,0.1447,0.0331,Digital Shoppers (New)
C01292,31-40,West,Classic,39,162,316060.87,1950.99,8,1,0.0921,0.2169,0.0355,0.055,0.0512,0.3346,0.1314,0.0833,Digital Shoppers (New)
C01293,21-30,West,Classic,13,134,231443.5,1727.19,8,2,0.1485,0.2993,0.0612,0.0687,0.0215,0.2951,0.0628,0.0429,Digital Shoppers (New)
C01294,31-40,West,Classic,31,149,168709.82,1132.28,8,1,0.0693,0.082,0.2034,0.325,0.0572,0.116,0.0501,0.0969,Everyday Essentials Loyalists
C01295,31-40,North,Classic,35,179,204485.16,1142.38,8,0,0.0682,0.0459,0.3218,0.2603,0.0293,0.0689,0.0647,0.1409,Everyday Essentials Loyalists
C01296,51+,West,Classic,40,172,193900.13,1127.33,8,2,0.1102,0.0187,0.205,0.3274,0.0262,0.1031,0.0747,0.1347,Everyday Essentials Loyalists
C01297,41-50,West,Gold,58,122,1091962.92,8950.52,8,1,0.1575,0.0762,0.0388,0.0601,0.0277,0.1646,0.4416,0.0335,Premium Travel & Dining Elite
C01298,51+,East,Classic,55,178,203236.07,1141.78,8,1,0.0628,0.037,0.2265,0.3643,0.0468,0.0945,0.0657,0.1025,Everyday Essentials Loyalists
C01299,41-50,North,Gold,29,28,50030.37,1786.8,7,3,0.0224,0.1291,0.0949,0.3821,0.0,0.1071,0.0375,0.2269,Low-Engagement Occasional
C01300,41-50,West,Classic,60,163,179510.27,1101.29,8,1,0.1096,0.0357,0.2181,0.3298,0.0134,0.1555,0.0353,0.1025,Everyday Essentials Loyalists
C01301,31-40,North,Classic,37,148,162055.47,1094.97,8,1,0.09,0.0564,0.1395,0.3007,0.015,0.1589,0.1125,0.127,Everyday Essentials Loyalists
C01302,51+,South,Classic,18,127,248271.91,1954.9,8,0,0.0946,0.2435,0.0626,0.0334,0.0645,0.3838,0.0938,0.0236,Digital Shoppers (New)
C01303,51+,South,Gold,40,25,33288.74,1331.55,8,1,0.0499,0.1282,0.0444,0.1198,0.2696,0.0227,0.1068,0.2586,Low-Engagement Occasional
C01304,41-50,North,Classic,53,175,192562.5,1100.36,8,4,0.0659,0.0629,0.1512,0.3387,0.0194,0.104,0.0794,0.1785,Everyday Essentials Loyalists
C01305,41-50,West,Gold,43,29,39339.46,1356.53,8,2,0.0297,0.1943,0.1475,0.1206,0.1025,0.1155,0.0928,0.1971,Low-Engagement Occasional
C01306,31-40,North,Classic,45,48,58435.91,1217.41,8,172,0.0991,0.0768,0.0558,0.1375,0.0503,0.1564,0.222,0.2019,Lapsed / Dormant
C01307,31-40,East,Platinum,13,133,302121.53,2271.59,8,0,0.109,0.1918,0.0293,0.0202,0.0799,0.3023,0.2275,0.04,Digital Shoppers (New)
C01308,51+,West,Classic,5,28,39722.97,1418.68,7,5,0.1424,0.1663,0.0412,0.3736,0.0514,0.1133,0.1118,0.0,Low-Engagement Occasional
C01309,21-30,South,Classic,58,99,768142.39,7759.01,8,6,0.1867,0.0803,0.0269,0.0582,0.0203,0.166,0.4567,0.0048,Premium Travel & Dining Elite
C01310,21-30,West,Platinum,58,30,32747.25,1091.58,8,227,0.1008,0.153,0.0679,0.3136,0.0731,0.1142,0.0495,0.1279,Lapsed / Dormant
C01311,31-40,North,Classic,50,171,205290.2,1200.53,8,6,0.0779,0.0617,0.216,0.2618,0.0321,0.1216,0.1066,0.1223,Everyday Essentials Loyalists
C01312,31-40,West,Classic,47,28,36445.63,1301.63,8,197,0.1076,0.0191,0.0552,0.2089,0.0395,0.2778,0.1877,0.1043,Lapsed / Dormant
C01313,31-40,West,Gold,30,149,324720.62,2179.33,8,3,0.1205,0.2019,0.045,0.033,0.0502,0.3028,0.1718,0.0747,Digital Shoppers (New)
C01314,21-30,North,Platinum,56,104,734203.46,7059.65,8,4,0.1626,0.1125,0.0313,0.0795,0.0286,0.1602,0.4083,0.0169,Premium Travel & Dining Elite
C01315,21-30,East,Platinum,52,98,840770.32,8579.29,8,6,0.1376,0.0454,0.017,0.0437,0.0161,0.1816,0.5288,0.0298,Premium Travel & Dining Elite
C01316,21-30,South,Classic,25,37,57891.43,1564.63,8,4,0.1138,0.0435,0.1082,0.1394,0.1479,0.1425,0.0625,0.2422,Low-Engagement Occasional
C01317,31-40,South,Classic,3,134,255534.07,1906.97,8,0,0.0578,0.2435,0.07,0.0362,0.0901,0.2612,0.1576,0.0836,Digital Shoppers (New)
C01318,21-30,West,Platinum,66,99,865878.82,8746.25,8,0,0.1505,0.0744,0.0313,0.1045,0.0392,0.0765,0.4657,0.058,Premium Travel & Dining Elite
C01319,41-50,South,Gold,32,41,67358.54,1642.89,8,1,0.1141,0.0092,0.0717,0.3098,0.0867,0.1425,0.0817,0.1843,Low-Engagement Occasional
C01320,21-30,East,Classic,36,47,67391.36,1433.86,8,2,0.1259,0.0781,0.1385,0.2004,0.0895,0.1347,0.1263,0.1066,Low-Engagement Occasional
C01321,31-40,North,Platinum,9,137,287822.26,2100.89,8,4,0.111,0.2583,0.051,0.0534,0.0295,0.2932,0.1598,0.0439,Digital Shoppers (New)
C01322,31-40,South,Classic,13,113,203250.94,1798.68,8,6,0.1316,0.2203,0.0836,0.0627,0.0637,0.2398,0.1754,0.0229,Digital Shoppers (New)
C01323,31-40,West,Platinum,38,122,996888.93,8171.22,8,0,0.1669,0.1117,0.0209,0.0412,0.0629,0.1189,0.4492,0.0282,Premium Travel & Dining Elite
C01324,51+,North,Classic,33,35,70989.56,2028.27,8,0,0.0734,0.0787,0.0887,0.1202,0.1099,0.1651,0.162,0.2019,Low-Engagement Occasional
C01325,21-30,East,Classic,42,168,203970.03,1214.11,8,1,0.1278,0.0691,0.1281,0.302,0.0737,0.154,0.0397,0.1056,Everyday Essentials Loyalists
C01326,31-40,North,Classic,36,14,19023.01,1358.79,7,298,0.0451,0.0644,0.1387,0.145,0.0,0.1368,0.3747,0.0953,Lapsed / Dormant
C01327,41-50,West,Gold,40,175,209999.07,1199.99,8,1,0.1062,0.0739,0.2049,0.3381,0.0262,0.0719,0.0718,0.1069,Everyday Essentials Loyalists
C01328,21-30,East,Classic,11,132,225225.32,1706.25,8,1,0.1412,0.2399,0.0708,0.0684,0.0624,0.3371,0.0426,0.0377,Digital Shoppers (New)
C01329,41-50,South,Classic,59,176,187456.44,1065.09,8,1,0.0923,0.0311,0.2321,0.3788,0.029,0.039,0.089,0.1088,Everyday Essentials Loyalists
C01330,51+,North,Classic,31,162,172605.69,1065.47,8,3,0.0931,0.0668,0.2387,0.3793,0.0134,0.0909,0.0421,0.0757,Everyday Essentials Loyalists
C01331,41-50,South,Gold,33,26,33494.2,1288.24,8,16,0.08,0.09,0.0228,0.2751,0.0305,0.1187,0.1552,0.2276,Low-Engagement Occasional
C01332,51+,West,Platinum,3,144,271317.15,1884.15,8,3,0.1145,0.1707,0.0375,0.0513,0.0349,0.3781,0.1425,0.0707,Digital Shoppers (New)
C01333,31-40,South,Classic,8,131,248174.99,1894.47,8,2,0.0785,0.2283,0.0292,0.0631,0.0769,0.3364,0.1219,0.0658,Digital Shoppers (New)
C01334,31-40,South,Classic,50,47,61844.36,1315.84,8,137,0.1513,0.0356,0.0343,0.3315,0.0351,0.2151,0.0363,0.1608,Lapsed / Dormant
C01335,21-30,West,Classic,45,34,33936.23,998.12,6,216,0.1486,0.2081,0.2366,0.1797,0.0,0.1086,0.0,0.1185,Lapsed / Dormant
C01336,21-30,South,Classic,29,33,48219.19,1461.19,8,4,0.0658,0.1248,0.1827,0.1356,0.0487,0.131,0.1226,0.1889,Low-Engagement Occasional
C01337,21-30,South,Classic,45,180,203564.7,1130.91,8,1,0.0833,0.0561,0.1804,0.2748,0.0342,0.1073,0.1272,0.1368,Everyday Essentials Loyalists
C01338,31-40,South,Classic,9,130,265020.71,2038.62,8,2,0.0794,0.2843,0.0357,0.0163,0.0356,0.4248,0.0943,0.0296,Digital Shoppers (New)
C01339,31-40,North,Classic,56,54,69204.25,1281.56,8,162,0.0801,0.0421,0.1231,0.2441,0.1125,0.2023,0.1072,0.0887,Lapsed / Dormant
C01340,21-30,West,Platinum,38,166,195585.79,1178.23,8,0,0.1102,0.0341,0.1952,0.2918,0.0245,0.104,0.1217,0.1184,Everyday Essentials Loyalists
C01341,41-50,West,Platinum,59,114,919929.53,8069.56,8,2,0.1974,0.0743,0.0219,0.0478,0.0302,0.181,0.4131,0.0345,Premium Travel & Dining Elite
C01342,21-30,West,Classic,33,23,33291.99,1447.48,8,36,0.0612,0.1367,0.0799,0.0317,0.1899,0.14,0.1808,0.1798,Low-Engagement Occasional
C01343,31-40,West,Gold,16,145,262072.76,1807.4,8,2,0.0822,0.2471,0.0403,0.0939,0.0404,0.3455,0.0806,0.0699,Digital Shoppers (New)
C01344,21-30,South,Classic,20,146,292414.92,2002.84,8,0,0.1195,0.1882,0.0182,0.0659,0.0281,0.3299,0.1562,0.094,Digital Shoppers (New)
C01345,41-50,North,Gold,51,20,24982.63,1249.13,8,261,0.0777,0.0603,0.0794,0.3452,0.0864,0.0688,0.1362,0.146,Lapsed / Dormant
C01346,31-40,East,Gold,18,143,283040.45,1979.3,8,3,0.1246,0.2454,0.0553,0.0504,0.0759,0.341,0.0617,0.0456,Digital Shoppers (New)
C01347,41-50,West,Classic,38,161,185395.45,1151.52,8,0,0.1322,0.0498,0.1289,0.3301,0.0514,0.0955,0.1198,0.0923,Everyday Essentials Loyalists
C01348,21-30,West,Classic,31,168,201238.03,1197.85,8,0,0.0666,0.0381,0.1691,0.2611,0.058,0.1242,0.121,0.1618,Everyday Essentials Loyalists
C01349,31-40,South,Classic,27,178,209037.66,1174.37,8,1,0.1218,0.0567,0.209,0.3719,0.0368,0.0482,0.0486,0.1071,Everyday Essentials Loyalists
C01350,51+,East,Platinum,43,117,952927.71,8144.68,8,4,0.1699,0.0843,0.028,0.0555,0.0282,0.1469,0.4657,0.0215,Premium Travel & Dining Elite
C01351,21-30,West,Gold,47,27,32956.62,1220.62,8,4,0.0062,0.2719,0.2061,0.3156,0.0653,0.0294,0.0461,0.0595,Low-Engagement Occasional
C01352,31-40,West,Classic,7,34,44837.51,1318.75,7,6,0.0367,0.1845,0.0843,0.2287,0.0576,0.1925,0.0,0.2157,Low-Engagement Occasional
C01353,21-30,West,Classic,53,182,208609.56,1146.21,8,2,0.0791,0.0233,0.2012,0.3451,0.0187,0.1215,0.0781,0.1329,Everyday Essentials Loyalists
C01354,21-30,South,Gold,33,168,196446.6,1169.33,8,2,0.1005,0.0627,0.1656,0.3087,0.0275,0.1007,0.1094,0.1248,Everyday Essentials Loyalists
C01355,31-40,North,Classic,59,43,57969.6,1348.13,8,139,0.0585,0.1755,0.0611,0.3309,0.0357,0.2183,0.034,0.086,Lapsed / Dormant
C01356,21-30,South,Platinum,37,114,994946.56,8727.6,8,3,0.1404,0.0581,0.0103,0.0601,0.0132,0.1506,0.5586,0.0088,Premium Travel & Dining Elite
C01357,31-40,South,Classic,11,121,229856.48,1899.64,8,0,0.087,0.2965,0.0333,0.0421,0.0634,0.3019,0.1293,0.0466,Digital Shoppers (New)
C01358,51+,West,Gold,28,112,217260.74,1939.83,8,8,0.1394,0.2015,0.0204,0.1057,0.0559,0.2892,0.1371,0.0507,Digital Shoppers (New)
C01359,21-30,South,Classic,37,26,34164.99,1314.04,7,19,0.0656,0.0759,0.0442,0.2722,0.0,0.2647,0.0736,0.2038,Low-Engagement Occasional
C01360,21-30,South,Platinum,38,182,204160.28,1121.76,8,1,0.134,0.0372,0.1651,0.3219,0.0427,0.0589,0.1105,0.1297,Everyday Essentials Loyalists
C01361,41-50,South,Classic,10,41,45233.77,1103.26,8,1,0.0975,0.0944,0.109,0.1108,0.0748,0.2576,0.0768,0.1791,Low-Engagement Occasional
C01362,31-40,East,Classic,28,195,205479.19,1053.74,8,1,0.0455,0.0592,0.1698,0.3951,0.0284,0.1149,0.0697,0.1175,Everyday Essentials Loyalists
C01363,51+,South,Gold,27,141,289740.87,2054.9,8,1,0.0793,0.2278,0.0472,0.0278,0.0577,0.3286,0.1584,0.0732,Digital Shoppers (New)
C01364,31-40,North,Platinum,56,117,1088235.01,9301.15,8,2,0.1495,0.0699,0.0161,0.0729,0.0175,0.132,0.4919,0.0501,Premium Travel & Dining Elite
C01365,41-50,West,Classic,13,129,228546.09,1771.68,8,8,0.1499,0.2331,0.0553,0.0722,0.0208,0.3532,0.0523,0.0632,Digital Shoppers (New)
C01366,51+,South,Classic,16,142,256457.9,1806.04,8,0,0.1144,0.168,0.027,0.0451,0.046,0.3935,0.107,0.099,Digital Shoppers (New)
C01367,21-30,South,Classic,28,164,179531.27,1094.7,8,0,0.1271,0.0161,0.1864,0.3594,0.0089,0.0871,0.0479,0.1671,Everyday Essentials Loyalists
C01368,41-50,North,Gold,64,102,868801.41,8517.66,8,0,0.1461,0.1022,0.0132,0.1095,0.0315,0.1406,0.4149,0.042,Premium Travel & Dining Elite
C01369,41-50,East,Gold,37,192,232432.31,1210.58,8,6,0.1046,0.0438,0.1489,0.354,0.0327,0.0914,0.0942,0.1303,Everyday Essentials Loyalists
C01370,41-50,West,Classic,44,192,206198.68,1073.95,8,0,0.0539,0.0664,0.177,0.318,0.0703,0.1202,0.0981,0.0962,Everyday Essentials Loyalists
C01371,21-30,West,Platinum,54,108,850378.09,7873.87,8,0,0.168,0.0746,0.0176,0.0738,0.0463,0.1716,0.4348,0.0134,Premium Travel & Dining Elite
C01372,31-40,North,Classic,32,40,52809.9,1320.25,8,134,0.0484,0.0975,0.0642,0.3163,0.0392,0.1716,0.0891,0.1736,Low-Engagement Occasional
C01373,21-30,West,Classic,37,148,173405.12,1171.66,8,0,0.1016,0.0746,0.204,0.316,0.0134,0.0997,0.072,0.1185,Everyday Essentials Loyalists
C01374,51+,West,Classic,36,36,42054.38,1168.18,7,13,0.0738,0.2165,0.0533,0.1402,0.1125,0.2129,0.0,0.1908,Low-Engagement Occasional
C01375,21-30,North,Gold,51,16,19252.13,1203.26,7,276,0.2781,0.1045,0.1711,0.0962,0.0533,0.0853,0.0,0.2115,Lapsed / Dormant
C01376,21-30,North,Platinum,60,117,980047.47,8376.47,8,10,0.1273,0.0931,0.0088,0.056,0.0214,0.1727,0.5102,0.0104,Premium Travel & Dining Elite
C01377,51+,North,Classic,22,145,273159.82,1883.86,8,1,0.1109,0.1987,0.0328,0.055,0.0406,0.3871,0.1114,0.0635,Digital Shoppers (New)
C01378,31-40,West,Gold,45,25,33636.36,1345.45,8,182,0.04,0.0586,0.1115,0.4359,0.1228,0.1345,0.071,0.0257,Lapsed / Dormant
C01379,31-40,North,Classic,14,124,244387.62,1970.87,8,5,0.1305,0.1962,0.0542,0.0257,0.071,0.3797,0.1008,0.0419,Digital Shoppers (New)
C01380,31-40,South,Classic,37,184,200887.96,1091.78,8,0,0.0537,0.0605,0.2001,0.3361,0.0394,0.124,0.0466,0.1398,Everyday Essentials Loyalists
C01381,41-50,West,Gold,51,183,219630.27,1200.17,8,1,0.0922,0.0554,0.171,0.286,0.0161,0.1401,0.114,0.1251,Everyday Essentials Loyalists
C01382,21-30,West,Platinum,62,110,1044677.78,9497.07,8,10,0.1636,0.0568,0.0044,0.0603,0.0334,0.11,0.5519,0.0195,Premium Travel & Dining Elite
C01383,31-40,East,Classic,8,134,263030.83,1962.92,8,4,0.1205,0.1892,0.0116,0.1025,0.0571,0.2561,0.1877,0.0754,Digital Shoppers (New)
C01384,31-40,West,Classic,33,38,47959.57,1262.09,8,154,0.0438,0.1235,0.0627,0.212,0.0329,0.1451,0.1704,0.2096,Low-Engagement Occasional
C01385,31-40,North,Gold,59,41,63533.4,1549.6,8,165,0.1704,0.0659,0.046,0.2137,0.0779,0.1418,0.1713,0.1131,Lapsed / Dormant
C01386,31-40,West,Platinum,52,101,790918.61,7830.88,8,8,0.1544,0.0917,0.0185,0.0385,0.0852,0.1621,0.3705,0.079,Premium Travel & Dining Elite
C01387,21-30,North,Gold,30,41,49136.3,1198.45,8,3,0.1275,0.0647,0.0257,0.1374,0.1723,0.0901,0.2092,0.173,Low-Engagement Occasional
C01388,41-50,North,Classic,65,163,200078.0,1227.47,8,1,0.088,0.0305,0.1096,0.2808,0.0804,0.1244,0.1167,0.1698,Everyday Essentials Loyalists
C01389,21-30,West,Classic,56,15,20002.94,1333.53,7,234,0.0597,0.0382,0.0,0.2723,0.03,0.21,0.3705,0.0192,Lapsed / Dormant
C01390,31-40,North,Gold,76,101,763378.73,7558.21,7,3,0.1693,0.0711,0.0536,0.0587,0.0302,0.1458,0.4713,0.0,Premium Travel & Dining Elite
C01391,31-40,North,Classic,42,32,38014.92,1187.97,7,199,0.0447,0.0572,0.1876,0.2205,0.0,0.1821,0.0854,0.2224,Lapsed / Dormant
C01392,31-40,East,Classic,40,30,40979.48,1365.98,8,6,0.1648,0.108,0.0918,0.1448,0.1041,0.1183,0.0792,0.1891,Low-Engagement Occasional
C01393,41-50,South,Gold,60,121,981764.42,8113.76,8,2,0.1611,0.1202,0.0383,0.0617,0.03,0.1212,0.4305,0.037,Premium Travel & Dining Elite
C01394,31-40,North,Platinum,63,109,894322.64,8204.79,7,3,0.2079,0.122,0.0,0.055,0.0137,0.1079,0.4752,0.0183,Premium Travel & Dining Elite
C01395,51+,East,Classic,50,32,50762.64,1586.33,8,19,0.0499,0.1294,0.1067,0.1831,0.106,0.2091,0.0755,0.1404,Low-Engagement Occasional
C01396,41-50,West,Classic,39,166,179631.23,1082.12,8,0,0.057,0.0729,0.2085,0.2859,0.0196,0.1118,0.0972,0.1471,Everyday Essentials Loyalists
C01397,41-50,West,Classic,14,142,285437.01,2010.12,8,7,0.1041,0.2237,0.0361,0.0548,0.0669,0.299,0.1856,0.0298,Digital Shoppers (New)
C01398,41-50,North,Classic,38,31,42586.02,1373.74,8,208,0.1116,0.0374,0.1336,0.1513,0.1641,0.1324,0.1106,0.1591,Lapsed / Dormant
C01399,21-30,East,Gold,22,130,244178.08,1878.29,8,1,0.1362,0.2528,0.0703,0.0183,0.0422,0.3487,0.0569,0.0746,Digital Shoppers (New)
C01400,51+,West,Classic,36,166,178398.12,1074.69,8,0,0.1159,0.0593,0.1536,0.3865,0.0104,0.0713,0.0923,0.1107,Everyday Essentials Loyalists
C01401,41-50,North,Classic,24,157,294986.7,1878.9,8,1,0.0918,0.2229,0.0869,0.0528,0.0253,0.3122,0.1393,0.0689,Digital Shoppers (New)
C01402,31-40,North,Classic,43,92,684379.41,7438.91,7,3,0.1328,0.079,0.0,0.0803,0.0304,0.183,0.465,0.0295,Premium Travel & Dining Elite
C01403,21-30,North,Classic,53,30,35913.5,1197.12,8,228,0.111,0.0506,0.1657,0.054,0.1513,0.2031,0.0373,0.2271,Lapsed / Dormant
C01404,21-30,South,Classic,35,159,180780.92,1136.99,8,1,0.1189,0.0689,0.1478,0.2806,0.0254,0.0968,0.1303,0.1313,Everyday Essentials Loyalists
C01405,41-50,North,Classic,49,169,204565.67,1210.45,8,1,0.1302,0.0695,0.1044,0.2849,0.0498,0.0591,0.1083,0.1938,Everyday Essentials Loyalists
C01406,31-40,West,Classic,41,146,170359.01,1166.84,8,0,0.1287,0.0481,0.2157,0.2517,0.0709,0.0727,0.0616,0.1506,Everyday Essentials Loyalists
C01407,41-50,West,Gold,42,32,39033.03,1219.78,8,228,0.0807,0.0086,0.1066,0.3245,0.0379,0.2176,0.0628,0.1613,Lapsed / Dormant
C01408,31-40,North,Gold,56,105,774644.09,7377.56,8,0,0.182,0.0442,0.0126,0.0499,0.0318,0.231,0.3957,0.0528,Premium Travel & Dining Elite
C01409,31-40,East,Classic,39,17,21983.36,1293.14,7,269,0.0,0.1052,0.1619,0.2241,0.1447,0.1752,0.0825,0.1064,Lapsed / Dormant
C01410,21-30,North,Classic,38,36,55245.38,1534.59,8,3,0.0764,0.0357,0.1598,0.0965,0.167,0.1802,0.0373,0.2472,Low-Engagement Occasional
C01411,21-30,North,Classic,19,27,30027.67,1112.14,8,16,0.0469,0.1457,0.1881,0.0832,0.0933,0.2117,0.0624,0.1687,Low-Engagement Occasional
C01412,21-30,West,Gold,45,23,26647.87,1158.6,8,226,0.0365,0.1989,0.1461,0.1525,0.117,0.2479,0.0641,0.0372,Lapsed / Dormant
C01413,41-50,South,Classic,33,30,43725.45,1457.51,8,34,0.1285,0.1348,0.0446,0.1232,0.1821,0.0888,0.1125,0.1854,Low-Engagement Occasional
C01414,31-40,West,Gold,64,41,45370.97,1106.61,8,195,0.1414,0.1055,0.0717,0.1775,0.0919,0.168,0.036,0.2081,Lapsed / Dormant
C01415,51+,South,Platinum,59,106,870121.28,8208.69,7,5,0.2879,0.0635,0.0,0.0964,0.0462,0.1336,0.3112,0.0611,Premium Travel & Dining Elite
C01416,41-50,North,Gold,27,33,44060.76,1335.17,8,25,0.0865,0.0222,0.2712,0.2478,0.0654,0.1521,0.1121,0.0427,Low-Engagement Occasional
C01417,41-50,South,Gold,16,144,265499.44,1843.75,8,2,0.115,0.3193,0.0254,0.0292,0.0755,0.3573,0.0306,0.0476,Digital Shoppers (New)
C01418,31-40,North,Gold,3,128,260972.47,2038.85,8,2,0.0826,0.2814,0.0572,0.0377,0.0138,0.3447,0.1417,0.0409,Digital Shoppers (New)
C01419,41-50,West,Platinum,36,36,40049.6,1112.49,7,177,0.0263,0.1028,0.1393,0.2403,0.0,0.2738,0.059,0.1584,Lapsed / Dormant
C01420,51+,East,Platinum,44,33,38237.95,1158.73,8,182,0.0701,0.044,0.171,0.1764,0.0287,0.177,0.2393,0.0935,Lapsed / Dormant
C01421,41-50,South,Classic,22,21,37902.47,1804.88,7,27,0.0783,0.0,0.1802,0.1935,0.0409,0.079,0.2135,0.2145,Low-Engagement Occasional
C01422,21-30,South,Gold,3,165,303230.76,1837.76,8,0,0.0816,0.237,0.0494,0.083,0.0633,0.3055,0.105,0.0752,Digital Shoppers (New)
C01423,41-50,East,Platinum,22,132,277545.92,2102.62,8,0,0.0932,0.2817,0.0741,0.0623,0.0606,0.2823,0.1289,0.017,Digital Shoppers (New)
C01424,21-30,West,Platinum,44,171,193219.46,1129.94,8,1,0.1231,0.028,0.1961,0.293,0.019,0.0757,0.112,0.1532,Everyday Essentials Loyalists
C01425,21-30,North,Gold,43,191,204943.41,1073.0,8,3,0.0857,0.0461,0.1898,0.2539,0.0443,0.1159,0.146,0.1182,Everyday Essentials Loyalists
C01426,41-50,North,Platinum,35,164,194478.98,1185.85,8,1,0.1229,0.054,0.1589,0.2615,0.0233,0.0762,0.1622,0.141,Everyday Essentials Loyalists
C01427,41-50,North,Classic,60,95,761297.08,8013.65,8,2,0.2588,0.0613,0.0146,0.0679,0.0444,0.2255,0.2931,0.0343,Premium Travel & Dining Elite
C01428,21-30,South,Gold,65,118,1099688.6,9319.39,8,6,0.1509,0.0868,0.0368,0.061,0.0072,0.1391,0.5059,0.0124,Premium Travel & Dining Elite
C01429,21-30,South,Gold,27,35,53234.3,1520.98,8,0,0.1455,0.1454,0.0184,0.3181,0.1332,0.1795,0.0347,0.0252,Low-Engagement Occasional
C01430,51+,North,Classic,18,141,283045.95,2007.42,8,4,0.0915,0.2837,0.0556,0.0512,0.0235,0.3727,0.065,0.0569,Digital Shoppers (New)
C01431,21-30,South,Gold,40,27,25446.84,942.48,7,206,0.1456,0.064,0.0858,0.1014,0.1181,0.129,0.0,0.3561,Lapsed / Dormant
C01432,21-30,South,Classic,14,132,221952.21,1681.46,8,3,0.1092,0.2427,0.0527,0.0609,0.0353,0.3998,0.0634,0.036,Digital Shoppers (New)
C01433,41-50,North,Classic,71,127,1131261.6,8907.57,8,5,0.1098,0.0616,0.0306,0.0264,0.0391,0.1349,0.5676,0.0301,Premium Travel & Dining Elite
C01434,41-50,West,Gold,54,202,206360.36,1021.59,8,0,0.1368,0.0616,0.1868,0.3332,0.0359,0.0881,0.0329,0.1247,Everyday Essentials Loyalists
C01435,31-40,East,Gold,55,168,190993.35,1136.87,8,2,0.0821,0.0333,0.1757,0.311,0.0615,0.101,0.0667,0.1688,Everyday Essentials Loyalists
C01436,31-40,South,Classic,50,22,25567.67,1162.17,8,256,0.0602,0.1581,0.12,0.119,0.0768,0.191,0.1037,0.1712,Lapsed / Dormant
C01437,31-40,South,Gold,42,150,165316.69,1102.11,8,3,0.0747,0.0593,0.2081,0.2702,0.0175,0.0993,0.1336,0.1373,Everyday Essentials Loyalists
C01438,21-30,South,Gold,9,120,225963.69,1883.03,8,0,0.1238,0.1904,0.0392,0.0662,0.0226,0.3905,0.1402,0.0271,Digital Shoppers (New)
C01439,41-50,West,Classic,29,36,46728.08,1298.0,8,167,0.1411,0.0671,0.1378,0.1037,0.0957,0.2682,0.0581,0.1284,Lapsed / Dormant
C01440,41-50,East,Classic,34,26,35427.74,1362.61,8,249,0.2086,0.0559,0.0415,0.086,0.0412,0.2267,0.2756,0.0646,Lapsed / Dormant
C01441,31-40,South,Gold,40,188,193003.46,1026.61,8,1,0.1059,0.0147,0.1587,0.3342,0.0282,0.1418,0.0634,0.153,Everyday Essentials Loyalists
C01442,31-40,West,Gold,58,100,710033.95,7100.34,8,1,0.2205,0.062,0.0256,0.0779,0.0392,0.1676,0.3957,0.0115,Premium Travel & Dining Elite
C01443,31-40,West,Gold,56,182,210749.83,1157.97,8,0,0.103,0.0472,0.2062,0.3056,0.0742,0.107,0.061,0.0959,Everyday Essentials Loyalists
C01444,21-30,West,Platinum,73,119,1057828.75,8889.32,8,1,0.125,0.0968,0.068,0.0237,0.0442,0.1075,0.5087,0.0261,Premium Travel & Dining Elite
C01445,31-40,North,Classic,35,160,177726.24,1110.79,8,0,0.0628,0.027,0.1844,0.3648,0.0359,0.1243,0.1129,0.088,Everyday Essentials Loyalists
C01446,21-30,North,Classic,22,130,255701.09,1966.93,8,2,0.1264,0.2061,0.0201,0.0683,0.0448,0.3662,0.127,0.041,Digital Shoppers (New)
C01447,41-50,East,Classic,43,57,62530.5,1097.03,8,134,0.1071,0.1026,0.0868,0.24,0.1072,0.0765,0.1202,0.1597,Lapsed / Dormant
C01448,31-40,South,Classic,20,137,284835.75,2079.09,8,2,0.1182,0.2625,0.0458,0.0322,0.0706,0.3239,0.1199,0.0268,Digital Shoppers (New)
C01449,41-50,East,Classic,22,132,257282.21,1949.11,8,9,0.083,0.1755,0.0175,0.0458,0.0728,0.3962,0.1505,0.0586,Digital Shoppers (New)
C01450,31-40,West,Classic,54,143,160507.14,1122.43,8,0,0.1412,0.0463,0.2318,0.3111,0.0691,0.0809,0.0507,0.069,Everyday Essentials Loyalists
C01451,41-50,North,Classic,25,38,47320.59,1245.28,7,2,0.0835,0.0,0.1515,0.1988,0.1497,0.2174,0.0624,0.1368,Low-Engagement Occasional
C01452,51+,North,Gold,24,156,282969.34,1813.91,8,0,0.0982,0.2466,0.051,0.0673,0.0513,0.2951,0.1518,0.0386,Digital Shoppers (New)
C01453,31-40,South,Classic,29,32,33070.48,1033.45,8,167,0.0274,0.064,0.2123,0.1804,0.1325,0.1161,0.163,0.1043,Lapsed / Dormant
C01454,21-30,North,Gold,60,23,29243.61,1271.46,7,236,0.1061,0.0152,0.2232,0.1852,0.2161,0.1661,0.0,0.0882,Lapsed / Dormant
C01455,41-50,East,Classic,41,144,159098.59,1104.85,8,2,0.124,0.0765,0.1578,0.3122,0.0595,0.0809,0.0517,0.1375,Everyday Essentials Loyalists
C01456,21-30,West,Platinum,59,114,940064.36,8246.18,8,0,0.1338,0.0724,0.0342,0.054,0.0757,0.1845,0.4256,0.0198,Premium Travel & Dining Elite
C01457,21-30,South,Classic,21,176,200449.64,1138.92,8,3,0.0657,0.0332,0.2081,0.3873,0.0355,0.1136,0.0924,0.0642,Everyday Essentials Loyalists
C01458,21-30,West,Classic,38,175,204630.28,1169.32,8,2,0.0766,0.0466,0.1436,0.3146,0.0312,0.06,0.1483,0.1792,Everyday Essentials Loyalists
C01459,51+,South,Classic,61,50,66663.95,1333.28,8,143,0.2206,0.0833,0.0995,0.1147,0.0237,0.2572,0.0918,0.109,Lapsed / Dormant
C01460,21-30,West,Platinum,37,170,196882.27,1158.13,8,2,0.0859,0.0969,0.241,0.2709,0.0204,0.0666,0.0865,0.1317,Everyday Essentials Loyalists
C01461,31-40,North,Gold,37,26,34859.99,1340.77,7,2,0.2069,0.1961,0.0592,0.1046,0.0848,0.1817,0.0,0.1666,Low-Engagement Occasional
C01462,31-40,West,Classic,14,130,283689.8,2182.23,8,14,0.1033,0.2449,0.0278,0.0794,0.0546,0.299,0.1675,0.0233,Digital Shoppers (New)
C01463,41-50,West,Classic,52,165,185224.13,1122.57,8,0,0.1281,0.0549,0.1677,0.3219,0.0752,0.0533,0.059,0.1398,Everyday Essentials Loyalists
C01464,31-40,North,Classic,43,141,162075.18,1149.47,8,3,0.0683,0.0289,0.1955,0.3476,0.0455,0.1059,0.098,0.1104,Everyday Essentials Loyalists
C01465,51+,East,Platinum,4,133,240467.9,1808.03,8,2,0.0974,0.2173,0.0386,0.0515,0.0597,0.3408,0.1547,0.04,Digital Shoppers (New)
C01466,41-50,West,Gold,30,26,41763.16,1606.28,7,1,0.07,0.0534,0.0,0.1641,0.1977,0.1368,0.0757,0.3023,Low-Engagement Occasional
C01467,31-40,North,Classic,58,180,188625.96,1047.92,8,0,0.1324,0.0591,0.2201,0.2969,0.0376,0.0852,0.0362,0.1326,Everyday Essentials Loyalists
C01468,31-40,West,Platinum,46,184,213977.6,1162.92,8,0,0.1424,0.0326,0.1963,0.3078,0.0477,0.0994,0.0482,0.1257,Everyday Essentials Loyalists
C01469,41-50,West,Classic,28,28,34684.01,1238.71,8,7,0.0832,0.1352,0.0558,0.237,0.103,0.1202,0.0683,0.1973,Low-Engagement Occasional
C01470,41-50,West,Classic,64,173,199052.03,1150.59,8,4,0.0614,0.0865,0.1218,0.3743,0.0419,0.1092,0.0868,0.1181,Everyday Essentials Loyalists
C01471,31-40,South,Gold,59,23,29055.51,1263.28,8,257,0.0219,0.044,0.2154,0.2191,0.0305,0.2259,0.0916,0.1515,Lapsed / Dormant
C01472,31-40,East,Gold,50,172,179525.95,1043.76,8,2,0.0812,0.0807,0.1792,0.2512,0.068,0.1017,0.0813,0.1567,Everyday Essentials Loyalists
C01473,21-30,West,Platinum,63,113,930344.59,8233.14,8,0,0.1867,0.0897,0.0225,0.0601,0.0158,0.1623,0.4288,0.0341,Premium Travel & Dining Elite
C01474,21-30,East,Classic,21,153,281696.25,1841.15,8,1,0.1172,0.239,0.0126,0.0671,0.0519,0.3541,0.1267,0.0314,Digital Shoppers (New)
C01475,21-30,North,Classic,21,147,269510.0,1833.4,8,1,0.1089,0.2494,0.0401,0.0734,0.045,0.2759,0.171,0.0363,Digital Shoppers (New)
C01476,21-30,North,Gold,3,120,212563.89,1771.37,8,3,0.0926,0.2402,0.0168,0.0827,0.0362,0.4223,0.0651,0.0442,Digital Shoppers (New)
C01477,21-30,West,Classic,45,165,179377.8,1087.14,8,0,0.0812,0.0635,0.1693,0.3044,0.0631,0.1028,0.0593,0.1565,Everyday Essentials Loyalists
C01478,51+,South,Gold,46,46,57723.2,1254.85,7,129,0.0881,0.0,0.2389,0.1966,0.023,0.1213,0.0564,0.2757,Lapsed / Dormant
C01479,41-50,North,Classic,9,135,267986.39,1985.08,8,0,0.1238,0.2805,0.0325,0.0299,0.0525,0.2859,0.1586,0.0363,Digital Shoppers (New)
C01480,41-50,South,Classic,12,119,238831.62,2006.99,8,11,0.1693,0.175,0.0373,0.0337,0.0689,0.3376,0.1516,0.0267,Digital Shoppers (New)
C01481,41-50,West,Gold,26,170,177623.03,1044.84,8,0,0.1058,0.0407,0.2124,0.3257,0.0153,0.0755,0.1075,0.1169,Everyday Essentials Loyalists
C01482,41-50,South,Platinum,41,116,1054580.34,9091.21,8,0,0.1367,0.0607,0.022,0.047,0.0405,0.1025,0.574,0.0165,Premium Travel & Dining Elite
C01483,21-30,West,Classic,26,140,282523.45,2018.02,8,1,0.1537,0.1797,0.0223,0.0546,0.0832,0.3134,0.1538,0.0394,Digital Shoppers (New)
C01484,41-50,West,Gold,46,175,193954.54,1108.31,8,0,0.0944,0.0345,0.2182,0.2881,0.0535,0.0729,0.0573,0.1811,Everyday Essentials Loyalists
C01485,31-40,West,Gold,3,122,258824.76,2121.51,8,1,0.0585,0.3104,0.0232,0.0353,0.0147,0.3513,0.1309,0.0758,Digital Shoppers (New)
C01486,31-40,West,Gold,54,112,999624.11,8925.22,8,1,0.0952,0.0331,0.0146,0.0666,0.0433,0.1428,0.5971,0.0073,Premium Travel & Dining Elite
C01487,51+,North,Classic,56,41,57744.56,1408.4,8,182,0.2532,0.0339,0.0994,0.1748,0.073,0.1121,0.0419,0.2117,Lapsed / Dormant
C01488,51+,East,Classic,11,126,248719.11,1973.96,8,1,0.1326,0.2224,0.0178,0.0929,0.0673,0.3344,0.0843,0.0482,Digital Shoppers (New)
C01489,21-30,North,Classic,60,45,54405.39,1209.01,7,174,0.201,0.0704,0.1403,0.1845,0.0,0.175,0.1692,0.0595,Lapsed / Dormant
C01490,41-50,West,Classic,24,148,280643.51,1896.24,8,4,0.1399,0.1724,0.0538,0.0274,0.0183,0.3748,0.1218,0.0916,Digital Shoppers (New)
C01491,21-30,North,Platinum,46,102,880776.2,8635.06,8,0,0.1393,0.0473,0.018,0.0551,0.0306,0.1316,0.5412,0.0368,Premium Travel & Dining Elite
C01492,21-30,East,Gold,28,31,40255.44,1298.56,7,6,0.1833,0.0,0.0381,0.0653,0.0561,0.1609,0.189,0.3072,Low-Engagement Occasional
C01493,21-30,West,Classic,9,150,295328.32,1968.86,8,1,0.0933,0.25,0.03,0.0301,0.0977,0.3338,0.1257,0.0393,Digital Shoppers (New)
C01494,21-30,North,Gold,16,31,31336.32,1010.85,8,6,0.1422,0.1276,0.0991,0.1427,0.0103,0.1654,0.135,0.1775,Low-Engagement Occasional
C01495,41-50,West,Classic,27,167,196369.39,1175.86,8,1,0.1034,0.0814,0.1252,0.3103,0.042,0.1148,0.0826,0.1403,Everyday Essentials Loyalists
C01496,31-40,North,Gold,5,161,287612.02,1786.41,8,0,0.1245,0.2288,0.0507,0.0546,0.0648,0.3308,0.0823,0.0637,Digital Shoppers (New)
C01497,21-30,South,Platinum,23,36,43412.1,1205.89,8,18,0.0477,0.0792,0.1884,0.2592,0.09,0.1195,0.0649,0.151,Low-Engagement Occasional
C01498,51+,South,Classic,16,132,242026.79,1833.54,8,1,0.1472,0.2115,0.0915,0.0194,0.0757,0.2744,0.1408,0.0395,Digital Shoppers (New)
C01499,31-40,South,Classic,52,170,198178.02,1165.75,8,3,0.0871,0.0734,0.1704,0.3443,0.0266,0.0843,0.0975,0.1163,Everyday Essentials Loyalists
C01500,31-40,East,Gold,35,24,29537.48,1230.73,8,9,0.0978,0.0861,0.0944,0.1387,0.1018,0.1748,0.1549,0.1515,Low-Engagement Occasional
C01501,31-40,West,Classic,37,20,26517.14,1325.86,7,3,0.0609,0.0846,0.3311,0.3118,0.1208,0.0588,0.0,0.032,Low-Engagement Occasional
C01502,31-40,South,Gold,45,28,41361.78,1477.21,8,238,0.0165,0.1056,0.0472,0.1132,0.0407,0.0936,0.3905,0.1926,Lapsed / Dormant
C01503,31-40,East,Platinum,48,148,167442.16,1131.37,8,1,0.0979,0.0293,0.2378,0.2784,0.0538,0.1017,0.0942,0.1067,Everyday Essentials Loyalists
C01504,41-50,West,Classic,40,176,196571.9,1116.89,8,3,0.0925,0.0743,0.2219,0.2382,0.0375,0.1153,0.1118,0.1086,Everyday Essentials Loyalists
C01505,51+,West,Classic,25,35,51146.47,1461.33,8,18,0.0966,0.0915,0.082,0.2458,0.1756,0.0575,0.1025,0.1484,Low-Engagement Occasional
C01506,31-40,North,Gold,32,131,267406.84,2041.27,8,2,0.1349,0.2786,0.0484,0.0533,0.057,0.3225,0.0877,0.0176,Digital Shoppers (New)
C01507,31-40,West,Gold,6,27,29951.16,1109.3,8,11,0.0564,0.0931,0.1389,0.2484,0.1084,0.088,0.0356,0.2311,Low-Engagement Occasional
C01508,21-30,North,Classic,3,143,289413.34,2023.87,8,0,0.1219,0.1725,0.0634,0.0898,0.0284,0.4167,0.0431,0.0642,Digital Shoppers (New)
C01509,51+,East,Classic,45,161,182177.29,1131.54,8,4,0.1014,0.0745,0.1599,0.3713,0.0165,0.0916,0.0861,0.0987,Everyday Essentials Loyalists
C01510,31-40,East,Gold,27,26,33029.83,1270.38,8,1,0.0948,0.1247,0.109,0.1915,0.2527,0.0947,0.0275,0.1052,Low-Engagement Occasional
C01511,31-40,West,Platinum,45,128,1097738.69,8576.08,8,2,0.1709,0.0657,0.0229,0.0772,0.0432,0.1831,0.403,0.034,Premium Travel & Dining Elite
C01512,51+,North,Gold,31,176,203052.35,1153.71,8,2,0.0769,0.047,0.2645,0.239,0.0375,0.099,0.0916,0.1445,Everyday Essentials Loyalists
C01513,31-40,North,Classic,4,138,245735.93,1780.7,8,8,0.1375,0.1704,0.0273,0.0302,0.0669,0.427,0.0667,0.074,Digital Shoppers (New)
C01514,21-30,West,Classic,38,39,54839.53,1406.14,8,2,0.2101,0.15,0.0324,0.1503,0.0215,0.2056,0.0704,0.1598,Low-Engagement Occasional
C01515,31-40,North,Gold,60,49,65925.43,1345.42,8,153,0.0999,0.0827,0.1796,0.1511,0.0343,0.1654,0.1893,0.0978,Lapsed / Dormant
C01516,31-40,South,Gold,58,196,232250.32,1184.95,8,2,0.1249,0.0429,0.1995,0.351,0.0572,0.0779,0.0271,0.1194,Everyday Essentials Loyalists
C01517,51+,West,Platinum,44,119,930425.33,7818.7,8,1,0.1853,0.066,0.0364,0.0618,0.0305,0.1171,0.4756,0.0272,Premium Travel & Dining Elite
C01518,31-40,East,Classic,34,28,36917.78,1318.49,7,258,0.3215,0.1538,0.0498,0.1016,0.0,0.1585,0.081,0.1338,Lapsed / Dormant
C01519,21-30,North,Classic,27,145,166519.32,1148.41,8,6,0.0918,0.0583,0.2237,0.2845,0.0508,0.0861,0.0525,0.1523,Everyday Essentials Loyalists
C01520,31-40,South,Classic,54,188,215139.71,1144.36,8,1,0.0924,0.0564,0.1694,0.2764,0.0402,0.1109,0.1147,0.1397,Everyday Essentials Loyalists
C01521,31-40,West,Classic,46,173,209573.19,1211.41,8,2,0.0708,0.0268,0.1926,0.3361,0.0444,0.0859,0.0714,0.1719,Everyday Essentials Loyalists
C01522,21-30,South,Gold,14,130,269348.03,2071.91,8,0,0.1787,0.2419,0.0728,0.0252,0.058,0.3208,0.0634,0.0392,Digital Shoppers (New)
C01523,51+,North,Classic,50,27,38453.72,1424.21,8,185,0.0561,0.0406,0.1102,0.3005,0.0528,0.1355,0.2161,0.088,Lapsed / Dormant
C01524,21-30,North,Gold,29,35,46888.16,1339.66,7,2,0.1277,0.0827,0.1761,0.1499,0.0164,0.2021,0.0,0.245,Low-Engagement Occasional
C01525,51+,South,Platinum,18,30,41203.9,1373.46,7,17,0.0223,0.0855,0.0314,0.3053,0.1091,0.2013,0.0,0.2451,Low-Engagement Occasional
C01526,41-50,West,Classic,47,169,177850.44,1052.37,8,0,0.0833,0.0602,0.1981,0.4171,0.0561,0.0321,0.039,0.114,Everyday Essentials Loyalists
C01527,21-30,South,Classic,40,161,178063.89,1105.99,8,1,0.0639,0.0795,0.2275,0.2467,0.0247,0.0681,0.1715,0.1182,Everyday Essentials Loyalists
C01528,41-50,North,Platinum,3,134,264597.62,1974.61,8,1,0.1024,0.205,0.0251,0.0856,0.0508,0.3248,0.1702,0.0362,Digital Shoppers (New)
C01529,41-50,South,Classic,47,146,167214.1,1145.3,8,1,0.0397,0.028,0.2055,0.3007,0.0596,0.0826,0.0603,0.2236,Everyday Essentials Loyalists
C01530,41-50,North,Classic,37,178,207765.09,1167.22,8,0,0.0868,0.0563,0.189,0.367,0.0224,0.0604,0.074,0.1442,Everyday Essentials Loyalists
C01531,31-40,North,Classic,44,184,192037.51,1043.68,8,4,0.1389,0.0555,0.1922,0.2739,0.0136,0.1087,0.1023,0.115,Everyday Essentials Loyalists
C01532,21-30,West,Platinum,58,87,681166.23,7829.5,8,0,0.1774,0.0676,0.0212,0.0192,0.0263,0.1411,0.4921,0.0551,Premium Travel & Dining Elite
C01533,21-30,West,Gold,22,129,238498.51,1848.83,8,5,0.1276,0.1934,0.0489,0.1003,0.0447,0.3333,0.1363,0.0154,Digital Shoppers (New)
C01534,41-50,North,Classic,32,26,33596.39,1292.17,7,35,0.1276,0.0795,0.0564,0.2133,0.0416,0.1581,0.0,0.3235,Low-Engagement Occasional
C01535,21-30,South,Platinum,51,113,974206.87,8621.3,8,1,0.131,0.0818,0.0326,0.0678,0.0337,0.1774,0.4602,0.0156,Premium Travel & Dining Elite
C01536,21-30,North,Gold,17,138,239555.42,1735.91,8,3,0.0502,0.1664,0.0372,0.0936,0.037,0.4151,0.1708,0.0298,Digital Shoppers (New)
C01537,31-40,North,Gold,33,27,30947.2,1146.19,8,2,0.1909,0.0095,0.1199,0.1114,0.0989,0.27,0.0725,0.1268,Low-Engagement Occasional
C01538,21-30,East,Classic,35,33,36743.09,1113.43,7,0,0.1003,0.2273,0.0941,0.2414,0.0431,0.1172,0.0,0.1767,Low-Engagement Occasional
C01539,41-50,South,Classic,40,42,53374.78,1270.83,8,6,0.1325,0.0816,0.0916,0.1144,0.081,0.1172,0.0861,0.2954,Low-Engagement Occasional
C01540,41-50,West,Classic,7,139,275841.28,1984.47,8,1,0.087,0.2225,0.0559,0.0789,0.045,0.3435,0.1229,0.0442,Digital Shoppers (New)
C01541,41-50,West,Classic,36,27,49550.24,1835.19,8,22,0.0491,0.1718,0.0417,0.2255,0.1532,0.1756,0.137,0.046,Low-Engagement Occasional
C01542,21-30,North,Classic,24,166,176292.48,1062.0,8,5,0.071,0.0661,0.1948,0.3007,0.0277,0.1663,0.0799,0.0936,Everyday Essentials Loyalists
C01543,31-40,West,Classic,40,181,196999.93,1088.4,8,0,0.0719,0.0322,0.1907,0.3525,0.0379,0.0782,0.1016,0.135,Everyday Essentials Loyalists
C01544,41-50,South,Classic,39,177,200426.32,1132.35,8,1,0.0621,0.0551,0.2105,0.2473,0.0354,0.0777,0.1393,0.1725,Everyday Essentials Loyalists
C01545,31-40,North,Gold,28,128,212747.43,1662.09,8,1,0.0801,0.2136,0.0513,0.064,0.0583,0.3442,0.1334,0.0551,Digital Shoppers (New)
C01546,41-50,West,Gold,40,175,195140.51,1115.09,8,0,0.1052,0.0461,0.137,0.3486,0.1057,0.0604,0.05,0.1469,Everyday Essentials Loyalists
C01547,31-40,North,Classic,48,150,199251.51,1328.34,8,0,0.0751,0.0593,0.2097,0.2679,0.0328,0.1048,0.1664,0.0839,Everyday Essentials Loyalists
C01548,31-40,East,Classic,12,34,47830.67,1406.78,8,0,0.0321,0.1274,0.0279,0.2393,0.0452,0.0742,0.3043,0.1497,Low-Engagement Occasional
C01549,31-40,West,Gold,38,176,213573.66,1213.49,8,1,0.0852,0.0217,0.2291,0.3391,0.0456,0.0722,0.1159,0.0913,Everyday Essentials Loyalists
C01550,41-50,North,Classic,33,151,158887.65,1052.24,8,1,0.0537,0.0448,0.2355,0.2993,0.0615,0.0855,0.1174,0.1023,Everyday Essentials Loyalists
C01551,21-30,West,Platinum,84,116,959025.13,8267.46,7,0,0.0991,0.0802,0.0,0.061,0.0202,0.195,0.5087,0.0358,Premium Travel & Dining Elite
C01552,51+,North,Gold,35,187,226705.14,1212.33,8,0,0.097,0.0404,0.2468,0.3224,0.0371,0.0866,0.0576,0.1122,Everyday Essentials Loyalists
C01553,31-40,West,Gold,42,182,201591.1,1107.64,8,0,0.0796,0.0537,0.226,0.3199,0.0645,0.0514,0.0633,0.1416,Everyday Essentials Loyalists
C01554,21-30,North,Gold,43,159,182430.79,1147.36,8,2,0.0491,0.0679,0.2184,0.2502,0.0536,0.1049,0.069,0.1869,Everyday Essentials Loyalists
C01555,41-50,North,Gold,26,184,204064.78,1109.05,8,0,0.0899,0.0621,0.2341,0.2618,0.017,0.1279,0.0545,0.1526,Everyday Essentials Loyalists
C01556,31-40,South,Classic,24,34,41934.38,1233.36,8,8,0.021,0.1511,0.1992,0.0716,0.1226,0.157,0.1186,0.1589,Low-Engagement Occasional
C01557,21-30,West,Classic,52,16,18140.71,1133.79,7,267,0.0544,0.0,0.1104,0.2461,0.2901,0.088,0.1373,0.0737,Lapsed / Dormant
C01558,51+,North,Gold,14,128,235292.09,1838.22,8,9,0.0889,0.144,0.014,0.0315,0.0785,0.4204,0.1601,0.0628,Digital Shoppers (New)
C01559,41-50,West,Platinum,3,131,250228.59,1910.14,8,5,0.087,0.1827,0.0321,0.0677,0.0787,0.3671,0.143,0.0416,Digital Shoppers (New)
C01560,31-40,North,Classic,42,46,59781.95,1299.61,8,160,0.1455,0.0814,0.1009,0.1669,0.0377,0.2435,0.1482,0.076,Lapsed / Dormant
C01561,41-50,South,Gold,58,45,49935.27,1109.67,8,132,0.121,0.0834,0.2389,0.1659,0.0701,0.0462,0.1529,0.1216,Lapsed / Dormant
C01562,31-40,South,Classic,19,120,243554.75,2029.62,8,2,0.1582,0.2442,0.0171,0.0756,0.11,0.2346,0.0967,0.0635,Digital Shoppers (New)
C01563,31-40,North,Classic,60,40,53503.77,1337.59,8,138,0.0168,0.0511,0.1574,0.1578,0.0427,0.2027,0.1574,0.2142,Lapsed / Dormant
C01564,21-30,West,Classic,38,26,35551.12,1367.35,7,217,0.1656,0.0541,0.1524,0.2285,0.0,0.1086,0.1245,0.1663,Lapsed / Dormant
C01565,21-30,South,Gold,42,21,24844.11,1183.05,7,6,0.1111,0.1502,0.0,0.2483,0.031,0.242,0.0813,0.1362,Low-Engagement Occasional
C01566,31-40,East,Classic,13,130,259628.85,1997.14,8,11,0.0997,0.2274,0.0355,0.0445,0.0433,0.3578,0.1145,0.0772,Digital Shoppers (New)
C01567,31-40,East,Gold,75,93,761518.43,8188.37,8,0,0.1514,0.1429,0.0158,0.0256,0.015,0.1844,0.3835,0.0815,Premium Travel & Dining Elite
C01568,41-50,South,Gold,60,84,738587.53,8792.71,8,6,0.1814,0.1409,0.0029,0.0341,0.0455,0.0968,0.4601,0.0382,Premium Travel & Dining Elite
C01569,31-40,East,Classic,3,139,231072.29,1662.39,8,1,0.1063,0.348,0.0312,0.0452,0.0696,0.3485,0.0381,0.0131,Digital Shoppers (New)
C01570,31-40,West,Classic,22,134,277107.01,2067.96,8,2,0.0366,0.2746,0.057,0.0797,0.0571,0.3691,0.0892,0.0368,Digital Shoppers (New)
C01571,41-50,East,Gold,37,186,227305.95,1222.08,8,1,0.0939,0.0622,0.1743,0.2882,0.056,0.076,0.1003,0.1491,Everyday Essentials Loyalists
C01572,51+,South,Classic,10,134,241765.04,1804.22,8,6,0.103,0.1673,0.0172,0.065,0.0582,0.3388,0.1311,0.1195,Digital Shoppers (New)
C01573,31-40,East,Classic,3,128,250041.47,1953.45,8,3,0.0901,0.2422,0.058,0.0767,0.0651,0.3099,0.1063,0.0516,Digital Shoppers (New)
C01574,51+,East,Classic,46,31,41399.2,1335.46,8,0,0.2168,0.0984,0.0843,0.1239,0.0865,0.0656,0.1541,0.1703,Low-Engagement Occasional
C01575,41-50,South,Platinum,54,102,913524.39,8956.12,8,9,0.1012,0.0502,0.0297,0.0411,0.0524,0.1429,0.5543,0.0282,Premium Travel & Dining Elite
C01576,21-30,East,Classic,57,179,206673.88,1154.6,8,1,0.1048,0.0387,0.1399,0.2891,0.0327,0.0929,0.1671,0.1349,Everyday Essentials Loyalists
C01577,31-40,South,Gold,25,40,48161.1,1204.03,8,9,0.1618,0.0295,0.0715,0.1954,0.1169,0.0778,0.1444,0.2027,Low-Engagement Occasional
C01578,21-30,West,Gold,20,24,38300.89,1595.87,8,41,0.0725,0.0705,0.1986,0.1713,0.2551,0.0393,0.0937,0.099,Low-Engagement Occasional
C01579,41-50,West,Classic,61,29,29118.21,1004.08,8,216,0.1644,0.014,0.0852,0.2374,0.1076,0.2259,0.0439,0.1216,Lapsed / Dormant
C01580,31-40,West,Gold,47,30,39580.31,1319.34,7,226,0.1001,0.1574,0.097,0.1942,0.0694,0.1951,0.0,0.1868,Lapsed / Dormant
C01581,31-40,West,Gold,47,39,48326.82,1239.15,8,145,0.0717,0.0224,0.1658,0.225,0.0138,0.1738,0.1376,0.19,Lapsed / Dormant
C01582,41-50,East,Classic,29,155,202666.25,1307.52,8,1,0.0652,0.0554,0.2067,0.2862,0.0412,0.1303,0.1454,0.0696,Everyday Essentials Loyalists
C01583,31-40,West,Classic,37,149,181191.65,1216.05,8,3,0.0787,0.0458,0.1559,0.2638,0.0036,0.086,0.1977,0.1687,Everyday Essentials Loyalists
C01584,31-40,North,Classic,46,168,170966.95,1017.66,8,1,0.1044,0.0605,0.2459,0.2274,0.0488,0.1231,0.0902,0.0997,Everyday Essentials Loyalists
C01585,51+,South,Gold,3,154,307791.57,1998.65,8,0,0.1433,0.1984,0.0241,0.0541,0.035,0.3278,0.1961,0.0212,Digital Shoppers (New)
C01586,51+,North,Gold,42,17,24168.51,1421.68,8,283,0.1447,0.0583,0.0322,0.2609,0.0527,0.1645,0.1654,0.1212,Lapsed / Dormant
C01587,41-50,North,Classic,37,176,204284.15,1160.71,8,0,0.1182,0.0597,0.1778,0.3147,0.0212,0.0785,0.1053,0.1246,Everyday Essentials Loyalists
C01588,21-30,West,Classic,14,122,234941.88,1925.75,8,0,0.0993,0.2131,0.0372,0.0599,0.0839,0.353,0.0952,0.0584,Digital Shoppers (New)
C01589,21-30,West,Gold,56,182,201216.72,1105.59,8,1,0.1217,0.0374,0.2341,0.3023,0.014,0.0423,0.0829,0.1654,Everyday Essentials Loyalists
C01590,21-30,South,Classic,39,162,187727.37,1158.81,8,0,0.1314,0.0609,0.1788,0.2743,0.0247,0.0948,0.0743,0.1609,Everyday Essentials Loyalists
C01591,31-40,North,Classic,35,159,180023.88,1132.23,8,2,0.0673,0.0657,0.1724,0.2786,0.0261,0.1474,0.0869,0.1555,Everyday Essentials Loyalists
C01592,21-30,East,Gold,87,109,843224.42,7736.0,8,1,0.2018,0.0912,0.0071,0.0389,0.0678,0.1939,0.3671,0.0323,Premium Travel & Dining Elite
C01593,51+,South,Classic,43,8,9668.25,1208.53,4,292,0.1202,0.097,0.0,0.3338,0.0,0.0,0.0,0.449,Lapsed / Dormant
C01594,41-50,West,Gold,40,162,182186.56,1124.61,8,3,0.1367,0.0302,0.1276,0.3151,0.0485,0.1016,0.0672,0.1732,Everyday Essentials Loyalists
C01595,31-40,West,Classic,26,31,38347.2,1237.01,8,0,0.0582,0.1563,0.1516,0.2617,0.029,0.0749,0.0525,0.2157,Low-Engagement Occasional
C01596,31-40,South,Classic,27,33,48959.32,1483.62,8,10,0.1469,0.0453,0.0669,0.2024,0.023,0.0309,0.1711,0.3135,Low-Engagement Occasional
C01597,31-40,North,Gold,42,150,170072.3,1133.82,8,3,0.1254,0.0739,0.1878,0.2547,0.0189,0.0712,0.1865,0.0815,Everyday Essentials Loyalists
C01598,31-40,North,Gold,51,183,211572.99,1156.14,8,1,0.0845,0.0657,0.1111,0.3778,0.0248,0.163,0.0654,0.1078,Everyday Essentials Loyalists
C01599,41-50,North,Classic,34,31,47296.19,1525.68,8,7,0.0576,0.0959,0.2219,0.2662,0.0888,0.0933,0.0479,0.1282,Low-Engagement Occasional
C01600,21-30,South,Classic,52,179,186655.24,1042.77,8,2,0.091,0.0786,0.2486,0.2724,0.0305,0.0794,0.0823,0.1172,Everyday Essentials Loyalists
C01601,41-50,North,Classic,58,28,29274.79,1045.53,8,253,0.0489,0.0505,0.106,0.2429,0.0842,0.1102,0.1381,0.2193,Lapsed / Dormant
C01602,21-30,North,Gold,44,191,219355.18,1148.46,8,2,0.1241,0.0611,0.2383,0.264,0.0315,0.0722,0.0926,0.1162,Everyday Essentials Loyalists
C01603,31-40,North,Gold,33,28,39631.34,1415.4,7,1,0.1643,0.0923,0.0613,0.3095,0.0804,0.1593,0.0,0.1329,Low-Engagement Occasional
C01604,51+,North,Classic,41,39,49148.8,1260.23,8,2,0.0869,0.0638,0.0527,0.2381,0.1092,0.1685,0.0139,0.2669,Low-Engagement Occasional
C01605,21-30,West,Gold,30,184,219585.69,1193.4,8,1,0.0725,0.0351,0.1695,0.3688,0.0239,0.0999,0.1042,0.1261,Everyday Essentials Loyalists
C01606,21-30,North,Platinum,66,147,167837.74,1141.75,8,1,0.0842,0.0609,0.2168,0.2936,0.0281,0.1095,0.1165,0.0903,Everyday Essentials Loyalists
C01607,41-50,West,Classic,42,18,20844.45,1158.03,8,266,0.1566,0.1395,0.0582,0.4063,0.016,0.0438,0.0688,0.1107,Lapsed / Dormant
C01608,31-40,North,Classic,38,170,190588.87,1121.11,8,2,0.0988,0.0456,0.1538,0.3301,0.0274,0.1483,0.0914,0.1046,Everyday Essentials Loyalists
C01609,21-30,North,Classic,29,170,195399.68,1149.41,8,2,0.0885,0.0534,0.1853,0.3082,0.0377,0.1093,0.06,0.1576,Everyday Essentials Loyalists
C01610,21-30,North,Gold,30,193,230441.02,1193.99,8,0,0.1086,0.0301,0.1886,0.293,0.0144,0.1093,0.1393,0.1166,Everyday Essentials Loyalists
C01611,21-30,West,Classic,51,168,192531.92,1146.02,8,1,0.1145,0.0407,0.2056,0.3005,0.0617,0.0827,0.0518,0.1424,Everyday Essentials Loyalists
C01612,31-40,North,Classic,52,23,38664.02,1681.04,7,10,0.0,0.0344,0.1148,0.1246,0.0124,0.1898,0.2683,0.2558,Low-Engagement Occasional
C01613,21-30,South,Classic,24,18,28791.49,1599.53,8,5,0.2729,0.0374,0.1062,0.1238,0.0913,0.0554,0.052,0.2611,Low-Engagement Occasional
C01614,41-50,North,Gold,45,167,195680.16,1171.74,8,8,0.1117,0.0417,0.1756,0.2708,0.0776,0.0938,0.0966,0.1322,Everyday Essentials Loyalists
C01615,51+,West,Classic,32,30,58503.5,1950.12,8,1,0.0295,0.1433,0.1836,0.3744,0.0155,0.0615,0.0516,0.1405,Low-Engagement Occasional
C01616,21-30,North,Classic,52,164,195082.38,1189.53,8,1,0.1118,0.0729,0.18,0.2634,0.0351,0.088,0.0763,0.1726,Everyday Essentials Loyalists
C01617,31-40,South,Platinum,82,109,893622.75,8198.37,8,0,0.1346,0.0582,0.0313,0.0523,0.0381,0.1713,0.4855,0.0286,Premium Travel & Dining Elite
C01618,21-30,West,Gold,29,142,281881.41,1985.08,8,3,0.1282,0.2412,0.0272,0.0629,0.0355,0.3003,0.1271,0.0775,Digital Shoppers (New)
C01619,31-40,North,Platinum,45,29,38392.94,1323.89,6,200,0.0838,0.0,0.1332,0.2031,0.0,0.0601,0.2902,0.2295,Lapsed / Dormant
C01620,21-30,North,Classic,65,96,842744.28,8778.59,8,1,0.2076,0.0674,0.0204,0.0668,0.0397,0.1423,0.4448,0.011,Premium Travel & Dining Elite
C01621,41-50,West,Gold,48,168,194470.73,1157.56,8,6,0.1712,0.0467,0.1705,0.2103,0.0475,0.0882,0.1069,0.1587,Everyday Essentials Loyalists
C01622,31-40,North,Classic,13,133,303702.43,2283.48,8,3,0.1416,0.2638,0.0127,0.1213,0.0297,0.2481,0.1389,0.0439,Digital Shoppers (New)
C01623,31-40,North,Platinum,19,38,64942.17,1709.0,8,2,0.1416,0.0445,0.1233,0.1608,0.0463,0.0898,0.2833,0.1103,Low-Engagement Occasional
C01624,41-50,South,Gold,52,99,855771.85,8644.16,8,7,0.1801,0.0541,0.027,0.0398,0.0351,0.211,0.4412,0.0118,Premium Travel & Dining Elite
C01625,41-50,North,Classic,53,166,221284.85,1333.04,8,2,0.1147,0.0375,0.1635,0.3104,0.024,0.1144,0.1322,0.1033,Everyday Essentials Loyalists
C01626,31-40,West,Classic,42,30,49345.18,1644.84,8,2,0.0188,0.0698,0.0466,0.1807,0.0924,0.2671,0.2574,0.0671,Low-Engagement Occasional
C01627,21-30,East,Classic,39,171,185669.4,1085.79,8,9,0.0967,0.0601,0.186,0.2967,0.0371,0.1015,0.083,0.1389,Everyday Essentials Loyalists
C01628,51+,East,Classic,44,181,218577.83,1207.61,8,3,0.1111,0.0812,0.148,0.2895,0.0552,0.0738,0.1349,0.1062,Everyday Essentials Loyalists
C01629,31-40,North,Classic,53,163,187189.07,1148.4,8,2,0.1086,0.0678,0.2022,0.2489,0.0432,0.1145,0.0733,0.1415,Everyday Essentials Loyalists
C01630,41-50,East,Classic,24,174,202997.89,1166.65,8,4,0.1159,0.0703,0.1771,0.2845,0.039,0.0556,0.1412,0.1164,Everyday Essentials Loyalists
C01631,41-50,East,Classic,9,125,250267.09,2002.14,8,2,0.0721,0.2217,0.0339,0.0232,0.0497,0.3437,0.2258,0.0297,Digital Shoppers (New)
C01632,31-40,North,Classic,68,17,28943.63,1702.57,8,279,0.1385,0.0993,0.0267,0.0824,0.0404,0.0306,0.3212,0.2608,Lapsed / Dormant
C01633,21-30,West,Classic,16,142,273389.82,1925.28,8,1,0.0924,0.1801,0.0525,0.0419,0.0982,0.3551,0.1129,0.067,Digital Shoppers (New)
C01634,21-30,East,Platinum,18,28,41702.29,1489.37,8,23,0.1528,0.0721,0.035,0.2069,0.2348,0.1115,0.1365,0.0503,Low-Engagement Occasional
C01635,31-40,West,Classic,49,29,36763.65,1267.71,8,231,0.1699,0.0684,0.0769,0.1451,0.0138,0.2774,0.0271,0.2215,Lapsed / Dormant
C01636,31-40,North,Classic,52,168,187160.86,1114.05,8,0,0.0857,0.0699,0.1954,0.3484,0.0492,0.077,0.0644,0.11,Everyday Essentials Loyalists
C01637,41-50,North,Classic,16,195,215174.48,1103.46,8,0,0.0817,0.0666,0.1671,0.2962,0.0165,0.1541,0.051,0.1668,Everyday Essentials Loyalists
C01638,41-50,West,Classic,49,28,39070.37,1395.37,8,180,0.2427,0.016,0.0446,0.0734,0.0621,0.1416,0.3445,0.0751,Lapsed / Dormant
C01639,51+,West,Classic,38,186,221875.17,1192.88,8,0,0.1025,0.0406,0.1957,0.311,0.0581,0.0665,0.1057,0.12,Everyday Essentials Loyalists
C01640,51+,South,Classic,13,31,46517.22,1500.56,8,1,0.0728,0.1508,0.0985,0.2653,0.0475,0.2307,0.1122,0.0222,Low-Engagement Occasional
C01641,41-50,North,Gold,30,34,43090.75,1267.38,8,7,0.1112,0.0611,0.1361,0.1713,0.024,0.098,0.16,0.2383,Low-Engagement Occasional
C01642,21-30,West,Classic,58,91,846943.61,9307.07,8,6,0.1413,0.1256,0.0185,0.0235,0.0131,0.147,0.512,0.0191,Premium Travel & Dining Elite
C01643,31-40,North,Gold,13,112,194785.67,1739.16,8,6,0.1136,0.2043,0.0611,0.0486,0.0831,0.27,0.1087,0.1105,Digital Shoppers (New)
C01644,41-50,South,Platinum,38,176,206132.43,1171.21,8,0,0.0946,0.0932,0.1776,0.2522,0.0204,0.0942,0.1288,0.1391,Everyday Essentials Loyalists
C01645,31-40,East,Classic,31,174,204310.85,1174.2,8,0,0.1035,0.0889,0.1796,0.345,0.0317,0.0657,0.0393,0.1463,Everyday Essentials Loyalists
C01646,21-30,North,Gold,3,129,251718.23,1951.3,8,2,0.108,0.2187,0.0441,0.0986,0.0269,0.3098,0.1349,0.059,Digital Shoppers (New)
C01647,31-40,North,Gold,35,183,198307.9,1083.65,8,0,0.0422,0.0433,0.1849,0.3778,0.0309,0.1146,0.0891,0.1171,Everyday Essentials Loyalists
C01648,31-40,North,Gold,38,35,47121.13,1346.32,8,11,0.0478,0.0878,0.0988,0.2903,0.0962,0.1049,0.0313,0.2429,Low-Engagement Occasional
C01649,31-40,West,Classic,50,38,53104.2,1397.48,8,169,0.0507,0.1327,0.0622,0.1611,0.047,0.2183,0.198,0.13,Lapsed / Dormant
C01650,41-50,South,Classic,29,21,30051.5,1431.02,7,15,0.048,0.0,0.0655,0.3473,0.1142,0.2508,0.0881,0.086,Low-Engagement Occasional
C01651,31-40,East,Classic,31,174,202516.75,1163.89,8,2,0.0854,0.0767,0.2193,0.2947,0.0284,0.1184,0.0511,0.1261,Everyday Essentials Loyalists
C01652,31-40,West,Gold,38,192,222033.77,1156.43,8,3,0.1234,0.0541,0.1813,0.238,0.0294,0.1157,0.0816,0.1765,Everyday Essentials Loyalists
C01653,31-40,East,Gold,49,150,167895.98,1119.31,8,0,0.138,0.0525,0.208,0.2581,0.076,0.0783,0.0879,0.1011,Everyday Essentials Loyalists
C01654,31-40,South,Platinum,65,116,875260.4,7545.35,8,1,0.1726,0.1028,0.0174,0.0833,0.0398,0.1236,0.4099,0.0507,Premium Travel & Dining Elite
C01655,21-30,South,Gold,43,26,40707.09,1565.66,8,265,0.0976,0.1474,0.303,0.0049,0.0738,0.1004,0.0462,0.2266,Lapsed / Dormant
C01656,31-40,South,Platinum,15,177,197512.5,1115.89,8,0,0.0926,0.0306,0.2212,0.349,0.0441,0.0662,0.062,0.1344,Everyday Essentials Loyalists
C01657,31-40,East,Platinum,35,164,172295.85,1050.58,8,0,0.1408,0.0732,0.1939,0.2361,0.063,0.1351,0.0097,0.1482,Everyday Essentials Loyalists
C01658,41-50,West,Classic,25,34,46548.89,1369.09,8,6,0.1675,0.1008,0.0416,0.1005,0.144,0.1587,0.0286,0.2584,Low-Engagement Occasional
C01659,21-30,West,Classic,32,174,212250.41,1219.83,8,0,0.0597,0.0409,0.141,0.31,0.02,0.11,0.1549,0.1636,Everyday Essentials Loyalists
C01660,51+,South,Platinum,55,112,806686.13,7202.55,8,4,0.1449,0.1328,0.0106,0.0328,0.0743,0.1016,0.4597,0.0432,Premium Travel & Dining Elite
C01661,41-50,South,Classic,50,171,196282.95,1147.85,8,2,0.0576,0.0623,0.2167,0.2945,0.0361,0.1092,0.0731,0.1506,Everyday Essentials Loyalists
C01662,31-40,West,Gold,13,134,285544.36,2130.93,8,9,0.0894,0.2323,0.0163,0.0346,0.0847,0.3187,0.1783,0.0456,Digital Shoppers (New)
C01663,31-40,North,Classic,39,22,28301.54,1286.43,7,8,0.0629,0.1389,0.0551,0.1217,0.0659,0.1412,0.0,0.4143,Low-Engagement Occasional
C01664,31-40,West,Classic,26,165,180708.3,1095.2,8,0,0.0482,0.04,0.1608,0.3142,0.0253,0.1382,0.1268,0.1464,Everyday Essentials Loyalists
C01665,41-50,North,Classic,44,13,15251.3,1173.18,5,303,0.2929,0.0,0.0768,0.2982,0.0,0.2508,0.0,0.0813,Lapsed / Dormant
C01666,41-50,West,Classic,10,38,50719.54,1334.72,7,3,0.1161,0.0,0.0985,0.1528,0.1187,0.2143,0.0752,0.2244,Low-Engagement Occasional
C01667,41-50,West,Gold,25,27,33834.78,1253.14,7,9,0.0361,0.0104,0.2314,0.2675,0.1856,0.0888,0.0,0.1802,Low-Engagement Occasional
C01668,51+,South,Classic,31,192,222205.03,1157.32,8,1,0.0987,0.1075,0.138,0.2847,0.0052,0.1244,0.0918,0.1497,Everyday Essentials Loyalists
C01669,31-40,North,Gold,72,90,799202.74,8880.03,8,5,0.1601,0.0991,0.0171,0.099,0.0408,0.1278,0.4265,0.0295,Premium Travel & Dining Elite
C01670,41-50,West,Classic,52,13,25174.17,1936.47,8,295,0.0456,0.0109,0.0581,0.2056,0.104,0.1199,0.3943,0.0616,Lapsed / Dormant
C01671,31-40,South,Classic,52,177,182294.11,1029.91,8,2,0.0788,0.0643,0.2109,0.3104,0.0548,0.1014,0.0372,0.1422,Everyday Essentials Loyalists
C01672,41-50,South,Classic,9,121,227523.82,1880.36,8,15,0.0636,0.235,0.0649,0.0139,0.0426,0.4004,0.1206,0.0591,Digital Shoppers (New)
C01673,31-40,South,Classic,19,32,51300.5,1603.14,7,7,0.2596,0.1078,0.0604,0.084,0.037,0.1291,0.0,0.322,Low-Engagement Occasional
C01674,41-50,South,Classic,49,112,981250.55,8761.17,8,1,0.1607,0.0701,0.006,0.026,0.053,0.1158,0.5234,0.045,Premium Travel & Dining Elite
C01675,21-30,East,Gold,32,29,40914.64,1410.85,7,1,0.0613,0.2033,0.0508,0.3555,0.1006,0.0532,0.0,0.1753,Low-Engagement Occasional
C01676,21-30,North,Gold,66,29,43921.99,1514.55,8,207,0.0901,0.0832,0.0534,0.1067,0.0499,0.2146,0.3668,0.0351,Lapsed / Dormant
C01677,31-40,South,Classic,34,34,38376.85,1128.73,7,21,0.1887,0.1196,0.0633,0.2707,0.115,0.1785,0.0,0.0642,Low-Engagement Occasional
C01678,51+,West,Classic,10,175,382599.91,2186.29,8,0,0.1783,0.1753,0.0234,0.0173,0.0497,0.2776,0.2284,0.05,Digital Shoppers (New)
C01679,31-40,North,Gold,46,38,49976.77,1315.18,7,192,0.0233,0.0631,0.1596,0.1549,0.0,0.4222,0.0814,0.0954,Lapsed / Dormant
C01680,31-40,South,Gold,13,118,215410.39,1825.51,8,1,0.1036,0.247,0.0462,0.0313,0.0427,0.3721,0.1254,0.0316,Digital Shoppers (New)
C01681,31-40,East,Classic,50,28,40890.5,1460.38,8,8,0.1126,0.1215,0.086,0.222,0.0294,0.0386,0.1046,0.2853,Low-Engagement Occasional
C01682,31-40,West,Classic,42,38,58651.96,1543.47,8,25,0.1106,0.1066,0.0853,0.0744,0.0702,0.2283,0.1679,0.1566,Low-Engagement Occasional
C01683,51+,East,Classic,32,26,30924.33,1189.4,8,11,0.1035,0.107,0.0908,0.0959,0.103,0.1586,0.0756,0.2657,Low-Engagement Occasional
C01684,51+,West,Gold,43,155,186117.46,1200.76,8,1,0.0947,0.0682,0.234,0.1938,0.0198,0.0963,0.0615,0.2319,Everyday Essentials Loyalists
C01685,41-50,North,Platinum,62,127,961232.89,7568.76,8,1,0.2116,0.0599,0.037,0.0766,0.0344,0.1452,0.412,0.0231,Premium Travel & Dining Elite
C01686,41-50,South,Classic,46,185,201027.52,1086.64,8,0,0.1086,0.042,0.1705,0.2617,0.0216,0.1324,0.1202,0.1428,Everyday Essentials Loyalists
C01687,21-30,West,Gold,9,119,198751.13,1670.18,8,0,0.0392,0.2823,0.0459,0.0643,0.0384,0.3457,0.0927,0.0917,Digital Shoppers (New)
C01688,31-40,West,Classic,5,120,229795.47,1914.96,8,6,0.1318,0.1781,0.0375,0.0453,0.0916,0.4548,0.0369,0.0238,Digital Shoppers (New)
C01689,31-40,East,Classic,24,142,251965.19,1774.4,8,1,0.1148,0.2237,0.028,0.053,0.0334,0.2993,0.1972,0.0506,Digital Shoppers (New)
C01690,41-50,South,Gold,42,172,190473.14,1107.4,8,1,0.1191,0.0767,0.19,0.3347,0.0231,0.0868,0.0526,0.1171,Everyday Essentials Loyalists
C01691,21-30,South,Classic,39,23,27513.66,1196.25,7,5,0.0824,0.0587,0.0,0.2529,0.0658,0.1168,0.2394,0.1841,Low-Engagement Occasional
C01692,41-50,North,Platinum,64,25,45324.49,1812.98,8,232,0.0332,0.0239,0.1022,0.2074,0.0287,0.192,0.3006,0.1119,Lapsed / Dormant
C01693,21-30,West,Classic,47,182,203824.28,1119.91,8,0,0.107,0.1027,0.1588,0.3162,0.0197,0.0621,0.1072,0.1263,Everyday Essentials Loyalists
C01694,31-40,West,Classic,33,41,55338.86,1349.73,8,2,0.1072,0.0267,0.056,0.1642,0.1188,0.1654,0.1809,0.1807,Low-Engagement Occasional
C01695,31-40,South,Classic,62,26,32776.53,1260.64,8,0,0.1977,0.0099,0.051,0.2936,0.2189,0.0868,0.1059,0.0362,Low-Engagement Occasional
C01696,41-50,North,Classic,16,141,266516.82,1890.19,8,6,0.1158,0.2508,0.0438,0.0507,0.0639,0.2508,0.15,0.0744,Digital Shoppers (New)
C01697,41-50,South,Gold,31,183,205412.17,1122.47,8,1,0.0697,0.0239,0.1915,0.3606,0.0589,0.1098,0.0197,0.1659,Everyday Essentials Loyalists
C01698,31-40,North,Classic,27,28,39377.41,1406.34,7,3,0.0607,0.088,0.0667,0.3857,0.0907,0.0407,0.0,0.2676,Low-Engagement Occasional
C01699,41-50,West,Gold,63,19,22571.79,1187.99,7,295,0.0,0.1064,0.1176,0.3043,0.1207,0.1049,0.2065,0.0396,Lapsed / Dormant
C01700,41-50,East,Classic,17,36,59628.87,1656.36,8,5,0.0888,0.1749,0.0399,0.1687,0.0064,0.2257,0.0782,0.2173,Low-Engagement Occasional
C01701,31-40,North,Platinum,40,53,68462.93,1291.75,8,147,0.1409,0.0176,0.113,0.2892,0.0501,0.2002,0.1035,0.0854,Lapsed / Dormant
C01702,41-50,East,Classic,59,22,33726.17,1533.01,7,244,0.2212,0.0286,0.2424,0.2337,0.0337,0.1114,0.129,0.0,Lapsed / Dormant
C01703,21-30,West,Gold,39,193,202168.5,1047.51,8,0,0.136,0.0386,0.1726,0.3376,0.0264,0.0966,0.0672,0.1251,Everyday Essentials Loyalists
C01704,31-40,North,Gold,12,128,249233.73,1947.14,8,0,0.1462,0.2082,0.046,0.0416,0.0768,0.2997,0.1096,0.0719,Digital Shoppers (New)
C01705,21-30,South,Gold,24,123,229202.14,1863.43,8,2,0.1106,0.2265,0.0141,0.1269,0.0591,0.2686,0.1545,0.0397,Digital Shoppers (New)
C01706,31-40,South,Gold,40,16,15023.84,938.99,7,280,0.1981,0.0477,0.0363,0.23,0.0845,0.0171,0.0,0.3864,Lapsed / Dormant
C01707,31-40,North,Platinum,45,105,823081.93,7838.88,8,2,0.1948,0.0587,0.0249,0.0703,0.0788,0.1019,0.4187,0.0518,Premium Travel & Dining Elite
C01708,21-30,South,Platinum,28,167,191703.7,1147.93,8,0,0.1041,0.016,0.1981,0.402,0.0248,0.0905,0.0716,0.0928,Everyday Essentials Loyalists
C01709,31-40,East,Classic,53,27,33161.06,1228.19,8,264,0.0732,0.0322,0.1031,0.2633,0.0267,0.1354,0.1734,0.1928,Lapsed / Dormant
C01710,41-50,North,Classic,44,192,213884.66,1113.98,8,1,0.1197,0.0438,0.2237,0.2326,0.0616,0.1151,0.0638,0.1398,Everyday Essentials Loyalists
C01711,41-50,North,Platinum,23,30,47105.58,1570.19,8,2,0.0696,0.1695,0.0265,0.1336,0.0781,0.0688,0.0675,0.3865,Low-Engagement Occasional
C01712,21-30,West,Classic,30,173,178562.95,1032.16,8,1,0.1353,0.0361,0.1987,0.3186,0.05,0.1161,0.0362,0.1089,Everyday Essentials Loyalists
C01713,21-30,South,Classic,45,43,56124.18,1305.21,6,145,0.1836,0.0,0.1552,0.0945,0.1434,0.2354,0.0,0.1879,Lapsed / Dormant
C01714,31-40,East,Gold,59,40,60311.4,1507.79,8,203,0.0475,0.1274,0.134,0.3006,0.0389,0.0443,0.1351,0.1721,Lapsed / Dormant
C01715,41-50,East,Gold,33,159,191344.94,1203.43,8,1,0.1115,0.0595,0.1867,0.257,0.0283,0.106,0.1272,0.1238,Everyday Essentials Loyalists
C01716,51+,West,Classic,23,29,41860.46,1443.46,7,4,0.0493,0.0096,0.1629,0.3805,0.0905,0.1457,0.0,0.1615,Low-Engagement Occasional
C01717,31-40,West,Classic,30,203,215313.01,1060.66,8,1,0.0992,0.0642,0.163,0.3966,0.0164,0.0983,0.0297,0.1327,Everyday Essentials Loyalists
C01718,41-50,West,Classic,10,124,235932.23,1902.68,8,5,0.1245,0.2407,0.0516,0.066,0.0359,0.3514,0.0888,0.0411,Digital Shoppers (New)
C01719,31-40,East,Classic,17,125,273490.57,2187.92,8,5,0.1173,0.2106,0.0323,0.0283,0.0561,0.3433,0.1781,0.034,Digital Shoppers (New)
C01720,51+,South,Classic,51,29,40502.51,1396.64,8,13,0.1877,0.0165,0.0366,0.2037,0.2011,0.0577,0.0705,0.2262,Low-Engagement Occasional
C01721,21-30,South,Gold,62,122,1153640.19,9456.07,8,2,0.1131,0.0561,0.0057,0.1055,0.0641,0.0663,0.5778,0.0113,Premium Travel & Dining Elite
C01722,31-40,South,Classic,41,150,183378.42,1222.52,8,3,0.1427,0.059,0.1544,0.3589,0.0429,0.0982,0.0525,0.0915,Everyday Essentials Loyalists
C01723,31-40,South,Classic,38,27,48783.16,1806.78,8,2,0.0309,0.0165,0.0826,0.1217,0.1113,0.2049,0.2969,0.1352,Low-Engagement Occasional
C01724,31-40,North,Classic,20,138,285730.27,2070.51,8,3,0.0707,0.2037,0.0472,0.0604,0.0441,0.3005,0.2097,0.0637,Digital Shoppers (New)
C01725,21-30,South,Classic,8,141,280999.48,1992.9,8,0,0.0684,0.2165,0.0167,0.0062,0.0935,0.4166,0.1196,0.0626,Digital Shoppers (New)
C01726,21-30,South,Gold,83,122,976686.32,8005.63,8,2,0.1299,0.1068,0.0175,0.0279,0.0379,0.2586,0.4112,0.0102,Premium Travel & Dining Elite
C01727,31-40,North,Platinum,41,179,208491.24,1164.76,8,1,0.0853,0.0587,0.1979,0.2763,0.0249,0.1296,0.1157,0.1115,Everyday Essentials Loyalists
C01728,41-50,North,Gold,50,35,45812.84,1308.94,8,176,0.0971,0.0948,0.1942,0.2073,0.0068,0.2706,0.0746,0.0545,Lapsed / Dormant
C01729,41-50,West,Platinum,65,113,856769.46,7582.03,8,0,0.1475,0.0875,0.0488,0.0979,0.0184,0.1525,0.4066,0.0408,Premium Travel & Dining Elite
C01730,21-30,East,Gold,45,161,183471.52,1139.57,8,0,0.1169,0.0511,0.1692,0.3244,0.0758,0.0659,0.0871,0.1095,Everyday Essentials Loyalists
C01731,51+,West,Classic,63,39,51933.86,1331.64,8,186,0.05,0.0372,0.0677,0.2316,0.0596,0.1072,0.2103,0.2363,Lapsed / Dormant
C01732,31-40,South,Gold,54,92,738238.28,8024.33,8,1,0.217,0.0403,0.0258,0.02,0.0475,0.1686,0.429,0.052,Premium Travel & Dining Elite
C01733,51+,West,Gold,37,31,44180.11,1425.16,8,17,0.0216,0.0148,0.0164,0.1491,0.1073,0.267,0.2361,0.1877,Low-Engagement Occasional
C01734,21-30,West,Gold,43,192,223885.32,1166.07,8,1,0.0474,0.0122,0.1217,0.3439,0.0772,0.1406,0.1046,0.1525,Everyday Essentials Loyalists
C01735,41-50,North,Gold,57,39,47940.44,1229.24,8,130,0.1038,0.0938,0.0688,0.1642,0.1426,0.2561,0.0614,0.1093,Lapsed / Dormant
C01736,51+,West,Classic,27,29,32830.09,1132.07,7,33,0.0,0.0734,0.092,0.1174,0.1515,0.2518,0.041,0.2729,Low-Engagement Occasional
C01737,41-50,North,Classic,44,39,56870.17,1458.21,8,168,0.1574,0.0175,0.0901,0.3586,0.0182,0.1118,0.0797,0.1666,Lapsed / Dormant
C01738,41-50,East,Gold,49,175,199431.08,1139.61,8,1,0.0963,0.0746,0.1513,0.3616,0.0563,0.0615,0.0658,0.1327,Everyday Essentials Loyalists
C01739,31-40,West,Gold,17,153,316490.6,2068.57,8,4,0.1267,0.2349,0.0246,0.0421,0.0518,0.2744,0.1949,0.0506,Digital Shoppers (New)
C01740,41-50,South,Classic,21,39,61478.41,1576.37,8,13,0.04,0.1083,0.0324,0.2059,0.2964,0.0558,0.1442,0.1171,Low-Engagement Occasional
C01741,31-40,East,Classic,55,143,162947.49,1139.49,8,6,0.1103,0.0591,0.1904,0.2561,0.0567,0.1171,0.0808,0.1296,Everyday Essentials Loyalists
C01742,31-40,South,Classic,49,185,185967.1,1005.23,8,0,0.101,0.0498,0.2183,0.2998,0.0372,0.1112,0.0394,0.1434,Everyday Essentials Loyalists
C01743,51+,North,Platinum,59,109,910959.26,8357.42,8,2,0.2107,0.0823,0.0542,0.0188,0.0445,0.0787,0.4697,0.0412,Premium Travel & Dining Elite
C01744,31-40,North,Gold,43,18,21773.81,1209.66,6,265,0.2678,0.0904,0.0898,0.1769,0.0,0.2067,0.0,0.1683,Lapsed / Dormant
C01745,31-40,North,Classic,33,37,47941.59,1295.72,8,16,0.1597,0.0996,0.0532,0.3524,0.0231,0.0575,0.0428,0.2118,Low-Engagement Occasional
C01746,51+,North,Gold,20,147,304348.43,2070.4,8,1,0.0936,0.1884,0.0611,0.0293,0.0787,0.3037,0.194,0.0512,Digital Shoppers (New)
C01747,31-40,East,Classic,14,24,35905.35,1496.06,8,4,0.1129,0.094,0.1117,0.1392,0.0457,0.1132,0.042,0.3414,Low-Engagement Occasional
C01748,21-30,South,Classic,17,124,264279.86,2131.29,8,1,0.1961,0.1921,0.0262,0.047,0.0155,0.3514,0.1185,0.0533,Digital Shoppers (New)
C01749,31-40,South,Gold,20,125,239626.7,1917.01,8,0,0.1785,0.2366,0.0283,0.0746,0.0174,0.2675,0.1449,0.0521,Digital Shoppers (New)
C01750,41-50,East,Classic,3,127,237512.52,1870.18,8,1,0.0736,0.2741,0.0327,0.0639,0.064,0.346,0.0932,0.0525,Digital Shoppers (New)
C01751,51+,North,Classic,15,135,255422.58,1892.02,8,0,0.1551,0.2418,0.0512,0.0598,0.0617,0.2843,0.0837,0.0624,Digital Shoppers (New)
C01752,21-30,North,Classic,48,172,183971.58,1069.6,8,4,0.104,0.0748,0.2001,0.3016,0.054,0.1432,0.0265,0.0959,Everyday Essentials Loyalists
C01753,41-50,West,Gold,53,33,40256.81,1219.9,8,177,0.0426,0.0247,0.3056,0.2088,0.1492,0.0452,0.105,0.1189,Lapsed / Dormant
C01754,31-40,West,Classic,38,32,34518.62,1078.71,7,11,0.2133,0.0,0.036,0.3393,0.0964,0.0952,0.0767,0.1431,Low-Engagement Occasional
C01755,41-50,South,Gold,38,186,216875.9,1166.0,8,0,0.1246,0.0484,0.133,0.2941,0.0463,0.093,0.0891,0.1714,Everyday Essentials Loyalists
C01756,41-50,North,Classic,3,144,271193.74,1883.29,8,1,0.1459,0.1963,0.0503,0.0507,0.0372,0.3203,0.1205,0.0787,Digital Shoppers (New)
C01757,51+,West,Classic,24,145,165108.31,1138.68,8,1,0.0484,0.0784,0.2122,0.2724,0.0434,0.1337,0.0587,0.1529,Everyday Essentials Loyalists
C01758,31-40,West,Gold,58,23,31346.13,1362.88,7,242,0.101,0.0363,0.0947,0.2086,0.0,0.2401,0.2073,0.1119,Lapsed / Dormant
C01759,31-40,South,Classic,55,33,36893.98,1118.0,8,240,0.1566,0.0838,0.1792,0.2124,0.0344,0.1229,0.1517,0.059,Lapsed / Dormant
C01760,31-40,North,Classic,59,12,19191.9,1599.32,5,293,0.0828,0.1791,0.0,0.1231,0.0,0.499,0.0,0.116,Lapsed / Dormant
C01761,31-40,North,Classic,34,164,192954.33,1176.55,8,0,0.1104,0.0772,0.1738,0.3224,0.0353,0.0951,0.0833,0.1025,Everyday Essentials Loyalists
C01762,31-40,East,Gold,50,174,213229.0,1225.45,8,4,0.1402,0.0391,0.1947,0.2591,0.051,0.1178,0.1117,0.0863,Everyday Essentials Loyalists
C01763,21-30,West,Classic,26,149,170846.15,1146.62,8,5,0.0825,0.0411,0.1735,0.3243,0.0325,0.1019,0.137,0.1073,Everyday Essentials Loyalists
C01764,21-30,East,Gold,51,118,951332.26,8062.14,8,0,0.1618,0.0591,0.0301,0.0911,0.0396,0.1127,0.4788,0.0268,Premium Travel & Dining Elite
C01765,51+,South,Platinum,61,112,793958.18,7088.91,8,10,0.1745,0.0966,0.0214,0.0842,0.0181,0.1904,0.3792,0.0356,Premium Travel & Dining Elite
C01766,21-30,East,Platinum,66,109,842366.17,7728.13,8,6,0.1543,0.0582,0.0739,0.0532,0.0041,0.168,0.4664,0.0218,Premium Travel & Dining Elite
C01767,31-40,West,Classic,64,25,29878.17,1195.13,6,256,0.1318,0.0,0.1318,0.2384,0.0,0.3352,0.0768,0.0859,Lapsed / Dormant
C01768,41-50,South,Gold,57,94,745212.38,7927.79,8,2,0.1322,0.0921,0.0426,0.0744,0.0358,0.1615,0.4157,0.0457,Premium Travel & Dining Elite
C01769,21-30,West,Platinum,51,123,1046086.7,8504.77,8,1,0.1266,0.0545,0.0445,0.0719,0.0247,0.2042,0.4482,0.0255,Premium Travel & Dining Elite
C01770,21-30,South,Classic,20,23,23553.36,1024.06,8,39,0.1819,0.0267,0.0578,0.0855,0.0766,0.0436,0.2583,0.2696,Low-Engagement Occasional
C01771,31-40,South,Gold,7,141,254890.1,1807.73,8,1,0.1171,0.275,0.0467,0.1002,0.0262,0.2524,0.1207,0.0617,Digital Shoppers (New)
C01772,31-40,East,Classic,52,29,38970.1,1343.8,7,6,0.0534,0.1226,0.1164,0.2467,0.1165,0.1481,0.0,0.1963,Low-Engagement Occasional
C01773,31-40,South,Classic,21,146,306958.71,2102.46,8,1,0.1273,0.1723,0.0135,0.0474,0.041,0.3019,0.232,0.0646,Digital Shoppers (New)
C01774,41-50,West,Platinum,59,27,39179.32,1451.09,7,211,0.0731,0.0,0.0694,0.1197,0.0609,0.0998,0.4584,0.1188,Lapsed / Dormant
C01775,21-30,South,Classic,11,123,236138.86,1919.83,8,2,0.1328,0.178,0.0548,0.089,0.0861,0.242,0.1785,0.0387,Digital Shoppers (New)
C01776,21-30,South,Classic,13,122,232514.93,1905.86,8,1,0.1043,0.1556,0.0653,0.0496,0.0526,0.3399,0.1602,0.0724,Digital Shoppers (New)
C01777,21-30,South,Gold,36,35,41644.19,1189.83,7,5,0.0904,0.1572,0.2052,0.2091,0.0993,0.1268,0.0,0.112,Low-Engagement Occasional
C01778,31-40,South,Classic,8,136,265674.79,1953.49,8,0,0.1411,0.2554,0.0266,0.067,0.0591,0.3863,0.0446,0.0198,Digital Shoppers (New)
C01779,31-40,South,Classic,39,173,191956.61,1109.58,8,0,0.0987,0.0485,0.232,0.2821,0.034,0.1165,0.0602,0.128,Everyday Essentials Loyalists
C01780,51+,West,Classic,7,127,237342.28,1868.84,8,1,0.144,0.245,0.0258,0.0367,0.0494,0.2866,0.1675,0.045,Digital Shoppers (New)
C01781,21-30,South,Gold,37,186,235866.57,1268.1,8,0,0.1425,0.06,0.1237,0.2697,0.038,0.1139,0.1094,0.1428,Everyday Essentials Loyalists
C01782,31-40,South,Gold,30,23,35564.28,1546.27,6,12,0.1412,0.0,0.0887,0.1621,0.0,0.0723,0.0525,0.4833,Low-Engagement Occasional
C01783,31-40,East,Classic,33,188,222186.01,1181.84,8,0,0.0826,0.0305,0.2041,0.3386,0.0636,0.0641,0.0496,0.1669,Everyday Essentials Loyalists
C01784,41-50,North,Classic,44,159,170538.61,1072.57,8,4,0.0792,0.0303,0.2306,0.3109,0.0421,0.1235,0.0597,0.1237,Everyday Essentials Loyalists
C01785,41-50,East,Gold,44,168,181437.23,1079.98,8,0,0.046,0.0756,0.2779,0.256,0.0296,0.077,0.1034,0.1345,Everyday Essentials Loyalists
C01786,21-30,South,Classic,28,25,26700.05,1068.0,8,3,0.0556,0.0904,0.0586,0.1547,0.1308,0.1918,0.053,0.2652,Low-Engagement Occasional
C01787,41-50,South,Gold,33,161,188173.25,1168.78,8,0,0.1529,0.0372,0.1836,0.249,0.0487,0.0818,0.138,0.1087,Everyday Essentials Loyalists
C01788,31-40,West,Classic,31,37,45409.01,1227.27,8,5,0.0969,0.0204,0.1808,0.1884,0.0613,0.1349,0.0627,0.2546,Low-Engagement Occasional
C01789,41-50,West,Classic,24,24,38531.66,1605.49,8,21,0.1283,0.221,0.0476,0.0922,0.0322,0.1586,0.0896,0.2304,Low-Engagement Occasional
C01790,21-30,West,Platinum,60,118,1027815.73,8710.3,8,0,0.1926,0.0461,0.0099,0.0503,0.0215,0.1367,0.4929,0.0499,Premium Travel & Dining Elite
C01791,41-50,South,Classic,40,31,44084.3,1422.07,7,0,0.0972,0.0937,0.0,0.1413,0.0988,0.2167,0.1101,0.2421,Low-Engagement Occasional
C01792,41-50,South,Classic,29,167,175705.92,1052.13,8,8,0.1023,0.0791,0.2095,0.3129,0.0369,0.0884,0.0294,0.1415,Everyday Essentials Loyalists
C01793,41-50,West,Classic,63,142,164833.05,1160.8,8,2,0.0859,0.0395,0.2101,0.371,0.0504,0.0459,0.0976,0.0995,Everyday Essentials Loyalists
C01794,21-30,East,Classic,29,28,37361.5,1334.34,8,9,0.1097,0.0787,0.0436,0.0738,0.149,0.2632,0.1858,0.0961,Low-Engagement Occasional
C01795,41-50,East,Gold,52,41,67986.77,1658.21,8,204,0.097,0.0193,0.0526,0.1279,0.0799,0.1834,0.2641,0.1758,Lapsed / Dormant
C01796,41-50,East,Platinum,34,165,196051.88,1188.19,8,8,0.0534,0.0568,0.2426,0.3036,0.0498,0.1045,0.0715,0.1177,Everyday Essentials Loyalists
C01797,31-40,West,Classic,25,143,277903.03,1943.38,8,2,0.1202,0.3101,0.0468,0.0302,0.0375,0.3252,0.0822,0.0479,Digital Shoppers (New)
C01798,31-40,North,Classic,40,150,160742.45,1071.62,8,2,0.118,0.0513,0.1978,0.234,0.0338,0.1171,0.1059,0.1421,Everyday Essentials Loyalists
C01799,21-30,East,Gold,10,128,237676.93,1856.85,8,2,0.125,0.3119,0.048,0.0429,0.0219,0.374,0.059,0.0172,Digital Shoppers (New)
C01800,31-40,North,Classic,8,115,207120.06,1801.04,8,0,0.1603,0.2225,0.0111,0.0723,0.0325,0.3462,0.1338,0.0213,Digital Shoppers (New)
C01801,41-50,South,Gold,11,147,296021.41,2013.75,8,3,0.1195,0.1441,0.0078,0.0484,0.1199,0.3873,0.1313,0.0416,Digital Shoppers (New)
C01802,31-40,East,Gold,18,134,277224.6,2068.84,8,0,0.0863,0.2705,0.0612,0.0408,0.0404,0.3281,0.1067,0.0659,Digital Shoppers (New)
C01803,41-50,South,Gold,61,104,978481.88,9408.48,7,4,0.1803,0.0787,0.0,0.0828,0.0275,0.1336,0.4939,0.0033,Premium Travel & Dining Elite
C01804,41-50,South,Classic,29,37,45023.4,1216.85,8,2,0.0759,0.1907,0.0687,0.1937,0.1794,0.1733,0.0417,0.0766,Low-Engagement Occasional
C01805,41-50,West,Classic,22,30,44171.09,1472.37,8,19,0.1375,0.0692,0.0949,0.1253,0.074,0.1194,0.324,0.0558,Low-Engagement Occasional
C01806,41-50,West,Platinum,22,24,45230.54,1884.61,7,0,0.0908,0.0087,0.1492,0.0,0.2835,0.0723,0.2892,0.1064,Low-Engagement Occasional
C01807,41-50,South,Platinum,55,109,782205.22,7176.19,8,0,0.1524,0.1035,0.0469,0.0461,0.0944,0.1356,0.4053,0.0158,Premium Travel & Dining Elite
C01808,31-40,West,Gold,18,136,259345.96,1906.96,8,0,0.1937,0.2051,0.0498,0.0636,0.045,0.3657,0.0414,0.0357,Digital Shoppers (New)
C01809,21-30,South,Classic,48,173,198154.87,1145.4,8,0,0.1008,0.0405,0.1809,0.2696,0.0458,0.1248,0.0655,0.1721,Everyday Essentials Loyalists
C01810,41-50,West,Gold,67,110,946206.28,8601.88,8,3,0.1502,0.0776,0.0611,0.0873,0.0173,0.1628,0.4143,0.0294,Premium Travel & Dining Elite
C01811,51+,North,Gold,41,161,175123.65,1087.72,8,1,0.1084,0.0274,0.2118,0.2828,0.0359,0.0841,0.1325,0.1171,Everyday Essentials Loyalists
C01812,31-40,North,Classic,17,125,234686.8,1877.49,8,1,0.1058,0.2719,0.0228,0.0228,0.0407,0.3495,0.1271,0.0594,Digital Shoppers (New)
C01813,51+,South,Classic,28,30,42135.44,1404.51,8,35,0.0824,0.0993,0.2151,0.0389,0.0523,0.108,0.2476,0.1565,Low-Engagement Occasional
C01814,51+,North,Gold,24,177,202060.25,1141.58,8,2,0.1038,0.0634,0.208,0.3242,0.0137,0.0866,0.0442,0.1561,Everyday Essentials Loyalists
C01815,31-40,South,Gold,27,22,32427.87,1473.99,7,13,0.0832,0.0,0.0942,0.1336,0.1133,0.1245,0.2346,0.2165,Low-Engagement Occasional
C01816,41-50,North,Classic,10,131,283218.43,2161.97,8,4,0.1489,0.2169,0.0303,0.0721,0.0095,0.2658,0.2005,0.056,Digital Shoppers (New)
C01817,41-50,East,Platinum,19,26,37023.79,1423.99,8,3,0.2501,0.1726,0.0212,0.0428,0.2324,0.0689,0.0901,0.1218,Low-Engagement Occasional
C01818,21-30,North,Gold,8,143,267872.29,1873.23,8,1,0.125,0.2702,0.029,0.0649,0.0518,0.3415,0.0639,0.0537,Digital Shoppers (New)
C01819,21-30,North,Platinum,15,123,228527.8,1857.95,8,7,0.0922,0.1987,0.0505,0.0546,0.0792,0.3544,0.1444,0.0259,Digital Shoppers (New)
C01820,31-40,West,Classic,3,122,242201.39,1985.26,8,1,0.0982,0.2413,0.0223,0.051,0.0715,0.338,0.085,0.0926,Digital Shoppers (New)
C01821,41-50,East,Classic,40,20,29269.82,1463.49,6,294,0.2683,0.0431,0.0,0.2851,0.0,0.2937,0.0772,0.0326,Lapsed / Dormant
C01822,31-40,West,Classic,29,139,249402.75,1794.26,8,1,0.0745,0.2351,0.0586,0.0509,0.0548,0.3684,0.1082,0.0495,Digital Shoppers (New)
C01823,41-50,South,Gold,3,136,272524.86,2003.86,8,4,0.084,0.2051,0.028,0.0263,0.0584,0.3976,0.1338,0.0668,Digital Shoppers (New)
C01824,41-50,North,Classic,12,125,237371.85,1898.97,8,1,0.0995,0.2087,0.0292,0.0748,0.0497,0.3319,0.1804,0.0257,Digital Shoppers (New)
C01825,41-50,East,Gold,18,25,31661.62,1266.46,7,1,0.0279,0.2096,0.1029,0.1197,0.0164,0.2441,0.0,0.2795,Low-Engagement Occasional
C01826,31-40,East,Gold,52,119,927074.24,7790.54,7,0,0.1455,0.0793,0.0378,0.0545,0.0,0.1542,0.4458,0.0829,Premium Travel & Dining Elite
C01827,31-40,North,Classic,12,130,245975.61,1892.12,8,9,0.1573,0.1934,0.021,0.0229,0.0797,0.3563,0.0523,0.117,Digital Shoppers (New)
C01828,21-30,West,Classic,4,120,214407.16,1786.73,8,4,0.1052,0.248,0.0099,0.0533,0.0734,0.382,0.0868,0.0413,Digital Shoppers (New)
C01829,21-30,East,Gold,53,22,35015.88,1591.63,8,220,0.1925,0.1587,0.1312,0.0978,0.029,0.026,0.2876,0.0772,Lapsed / Dormant
C01830,21-30,West,Classic,27,120,224832.7,1873.61,8,5,0.1194,0.2379,0.0831,0.06,0.0475,0.3388,0.0671,0.0462,Digital Shoppers (New)
C01831,21-30,South,Gold,22,123,256494.85,2085.32,8,1,0.1503,0.2322,0.0063,0.028,0.0735,0.2418,0.2179,0.0499,Digital Shoppers (New)
C01832,21-30,East,Gold,58,50,66904.0,1338.08,8,167,0.0842,0.1071,0.1684,0.1932,0.055,0.1522,0.0643,0.1757,Lapsed / Dormant
C01833,31-40,North,Classic,3,141,266724.61,1891.66,8,3,0.082,0.2211,0.0134,0.0871,0.0476,0.3842,0.0763,0.0882,Digital Shoppers (New)
C01834,31-40,West,Gold,39,185,211478.78,1143.13,8,0,0.096,0.0707,0.1655,0.3121,0.0246,0.0767,0.0522,0.2021,Everyday Essentials Loyalists
C01835,31-40,South,Gold,46,168,180179.7,1072.5,8,0,0.046,0.0546,0.2091,0.3734,0.0184,0.1081,0.0748,0.1157,Everyday Essentials Loyalists
C01836,51+,North,Platinum,68,93,684815.59,7363.61,8,0,0.182,0.0899,0.0043,0.0545,0.0483,0.1842,0.4004,0.0364,Premium Travel & Dining Elite
C01837,31-40,North,Gold,77,112,831426.39,7423.45,8,11,0.1547,0.0645,0.0511,0.0904,0.039,0.1019,0.4563,0.0421,Premium Travel & Dining Elite
C01838,51+,East,Classic,52,165,185944.4,1126.94,8,0,0.0682,0.0771,0.2218,0.2911,0.0399,0.1344,0.0978,0.0698,Everyday Essentials Loyalists
C01839,41-50,West,Gold,38,32,36676.0,1146.13,8,1,0.1248,0.1344,0.1616,0.0563,0.1791,0.1964,0.0577,0.0896,Low-Engagement Occasional
C01840,21-30,West,Classic,56,32,50793.1,1587.28,7,2,0.1196,0.094,0.0284,0.2839,0.2011,0.1017,0.0,0.1712,Low-Engagement Occasional
C01841,51+,West,Platinum,60,106,821905.05,7753.82,8,8,0.2129,0.0561,0.037,0.0837,0.0127,0.1317,0.4404,0.0254,Premium Travel & Dining Elite
C01842,51+,West,Classic,11,115,194683.95,1692.9,8,0,0.0797,0.2057,0.0488,0.0649,0.0858,0.3301,0.1189,0.0662,Digital Shoppers (New)
C01843,41-50,West,Gold,43,178,189576.73,1065.04,8,0,0.0454,0.0209,0.2268,0.3658,0.0331,0.1053,0.0586,0.1441,Everyday Essentials Loyalists
C01844,31-40,South,Platinum,38,49,63394.36,1293.76,7,123,0.1244,0.0,0.1713,0.1377,0.1506,0.1176,0.1507,0.1477,Lapsed / Dormant
C01845,31-40,East,Classic,42,175,192576.72,1100.44,8,2,0.0831,0.0734,0.2151,0.2573,0.0228,0.0876,0.1187,0.1421,Everyday Essentials Loyalists
C01846,31-40,North,Gold,3,128,271765.82,2123.17,8,1,0.1381,0.2267,0.0269,0.0309,0.0559,0.3675,0.1111,0.043,Digital Shoppers (New)
C01847,41-50,North,Classic,36,159,187969.63,1182.2,8,2,0.1293,0.0637,0.1933,0.3352,0.0151,0.0416,0.082,0.14,Everyday Essentials Loyalists
C01848,31-40,South,Gold,12,151,286670.83,1898.48,8,1,0.1205,0.2666,0.0557,0.0219,0.0535,0.2746,0.1505,0.0568,Digital Shoppers (New)
C01849,21-30,North,Gold,51,186,227869.98,1225.11,8,1,0.1068,0.0741,0.2432,0.2641,0.0535,0.0726,0.0635,0.1222,Everyday Essentials Loyalists
C01850,21-30,West,Gold,41,38,48554.3,1277.74,8,13,0.049,0.0821,0.1057,0.1528,0.0319,0.2715,0.1232,0.1837,Low-Engagement Occasional
C01851,21-30,West,Gold,32,171,195003.09,1140.37,8,0,0.1042,0.0415,0.1997,0.3204,0.0332,0.0713,0.1333,0.0964,Everyday Essentials Loyalists
C01852,31-40,South,Gold,68,32,37658.2,1176.82,8,228,0.1291,0.0683,0.0727,0.2842,0.1022,0.195,0.1002,0.0484,Lapsed / Dormant
C01853,31-40,West,Gold,15,132,256925.45,1946.4,8,2,0.1376,0.2013,0.0277,0.0453,0.048,0.3605,0.1317,0.0479,Digital Shoppers (New)
C01854,51+,South,Gold,32,33,34746.43,1052.92,8,26,0.072,0.1354,0.0195,0.2279,0.0442,0.1074,0.1046,0.289,Low-Engagement Occasional
C01855,21-30,North,Classic,13,34,53406.08,1570.77,8,36,0.1061,0.0614,0.0461,0.1978,0.0733,0.1346,0.1112,0.2694,Low-Engagement Occasional
C01856,31-40,South,Classic,41,32,30242.17,945.07,8,145,0.0686,0.0849,0.0773,0.3393,0.065,0.1758,0.0255,0.1637,Lapsed / Dormant
C01857,21-30,North,Gold,52,167,181641.02,1087.67,8,1,0.0971,0.0547,0.1807,0.2495,0.0504,0.1303,0.0804,0.1569,Everyday Essentials Loyalists
C01858,31-40,South,Platinum,43,164,196596.13,1198.76,8,4,0.0662,0.0903,0.1295,0.2816,0.0661,0.1043,0.0951,0.1669,Everyday Essentials Loyalists
C01859,41-50,North,Platinum,43,178,210431.8,1182.2,8,1,0.1079,0.0861,0.1629,0.28,0.0834,0.0919,0.0579,0.1298,Everyday Essentials Loyalists
C01860,31-40,North,Gold,44,149,175108.33,1175.22,8,0,0.0441,0.0519,0.2396,0.2973,0.0506,0.0808,0.1171,0.1184,Everyday Essentials Loyalists
C01861,51+,North,Classic,3,126,227309.88,1804.05,8,5,0.1618,0.1795,0.0281,0.037,0.0283,0.3456,0.1593,0.0604,Digital Shoppers (New)
C01862,51+,West,Gold,47,25,34624.76,1384.99,8,264,0.0635,0.2162,0.0948,0.1249,0.0358,0.2528,0.1232,0.0888,Lapsed / Dormant
C01863,41-50,North,Classic,62,56,66187.2,1181.91,8,143,0.0547,0.0739,0.1546,0.1921,0.0359,0.1489,0.1578,0.1821,Lapsed / Dormant
C01864,41-50,South,Classic,24,151,264197.77,1749.65,8,2,0.0804,0.2334,0.0405,0.0665,0.021,0.4014,0.1065,0.0504,Digital Shoppers (New)
C01865,31-40,South,Platinum,12,148,266212.57,1798.73,8,7,0.1409,0.1832,0.0355,0.0633,0.0344,0.4185,0.0587,0.0655,Digital Shoppers (New)
C01866,31-40,South,Gold,45,24,41031.6,1709.65,7,5,0.136,0.0222,0.0,0.1783,0.0731,0.1214,0.2883,0.1806,Low-Engagement Occasional
C01867,31-40,South,Platinum,35,12,13432.83,1119.4,6,290,0.2498,0.0973,0.0,0.3568,0.0626,0.1793,0.0,0.0541,Lapsed / Dormant
C01868,41-50,North,Gold,32,150,166779.1,1111.86,8,0,0.0884,0.0599,0.27,0.1941,0.0356,0.1012,0.0943,0.1563,Everyday Essentials Loyalists
C01869,21-30,East,Classic,32,118,215655.3,1827.59,8,0,0.13,0.2213,0.0494,0.0082,0.0445,0.4336,0.0686,0.0445,Digital Shoppers (New)
C01870,21-30,East,Platinum,35,30,38879.12,1295.97,8,2,0.0641,0.1264,0.0655,0.0725,0.0713,0.1892,0.2483,0.1627,Low-Engagement Occasional
C01871,21-30,East,Platinum,39,161,190054.45,1180.46,8,2,0.0724,0.0477,0.2276,0.2792,0.0913,0.1111,0.0376,0.133,Everyday Essentials Loyalists
C01872,41-50,East,Gold,41,172,177638.29,1032.78,8,1,0.1148,0.035,0.2221,0.2885,0.0268,0.1058,0.0715,0.1353,Everyday Essentials Loyalists
C01873,41-50,South,Classic,39,38,44231.72,1163.99,7,210,0.1353,0.0554,0.0793,0.2759,0.1518,0.1334,0.0,0.1689,Lapsed / Dormant
C01874,21-30,South,Platinum,50,35,51361.81,1467.48,7,179,0.0801,0.0,0.0628,0.1405,0.107,0.1165,0.3214,0.1717,Lapsed / Dormant
C01875,31-40,North,Classic,49,28,48241.16,1722.9,6,169,0.0353,0.0,0.1309,0.2515,0.0,0.1184,0.409,0.055,Lapsed / Dormant
C01876,31-40,South,Gold,30,20,30021.29,1501.06,8,44,0.1881,0.0524,0.0327,0.1676,0.1353,0.0689,0.1835,0.1715,Low-Engagement Occasional
C01877,41-50,North,Gold,30,154,172089.53,1117.46,8,16,0.0739,0.0733,0.2045,0.2775,0.0525,0.1265,0.0774,0.1144,Everyday Essentials Loyalists
C01878,21-30,South,Classic,44,180,198085.71,1100.48,8,0,0.1119,0.0566,0.2134,0.3271,0.0428,0.0973,0.0194,0.1315,Everyday Essentials Loyalists
C01879,21-30,East,Classic,8,135,279149.84,2067.78,8,1,0.1796,0.1306,0.0712,0.0108,0.0678,0.371,0.1001,0.0689,Digital Shoppers (New)
C01880,41-50,North,Gold,4,129,262521.44,2035.05,8,0,0.1386,0.2194,0.0223,0.0662,0.0599,0.3431,0.1154,0.0352,Digital Shoppers (New)
C01881,31-40,North,Classic,26,110,237515.19,2159.23,8,8,0.1267,0.158,0.0448,0.0513,0.0715,0.3292,0.1833,0.0352,Digital Shoppers (New)
C01882,41-50,East,Gold,35,149,273226.81,1833.74,8,0,0.0785,0.3275,0.0508,0.0479,0.0356,0.2994,0.0939,0.0664,Digital Shoppers (New)
C01883,31-40,South,Gold,61,172,185203.57,1076.76,8,3,0.0798,0.0551,0.2037,0.3627,0.0331,0.0474,0.1243,0.0939,Everyday Essentials Loyalists
C01884,51+,West,Platinum,36,31,36880.58,1189.7,8,9,0.0552,0.0973,0.2239,0.1106,0.2521,0.0332,0.0396,0.1882,Low-Engagement Occasional
C01885,31-40,West,Classic,39,166,175462.47,1057.0,8,1,0.1214,0.0334,0.2474,0.3012,0.0171,0.0718,0.0749,0.1327,Everyday Essentials Loyalists
C01886,31-40,West,Classic,41,171,193164.57,1129.62,8,1,0.0871,0.0255,0.2199,0.3147,0.0715,0.091,0.0439,0.1464,Everyday Essentials Loyalists
C01887,51+,South,Gold,64,107,937475.12,8761.45,8,3,0.1697,0.0408,0.0211,0.0817,0.0363,0.1506,0.4631,0.0368,Premium Travel & Dining Elite
C01888,21-30,North,Classic,37,176,177704.25,1009.68,8,0,0.0966,0.0292,0.1706,0.3165,0.0724,0.128,0.0424,0.1443,Everyday Essentials Loyalists
C01889,41-50,East,Classic,43,27,44117.54,1633.98,8,0,0.1545,0.055,0.0367,0.1847,0.0645,0.1567,0.1624,0.1855,Low-Engagement Occasional
C01890,21-30,East,Classic,3,142,286604.47,2018.34,8,0,0.101,0.2742,0.0558,0.0562,0.0626,0.3033,0.0791,0.0678,Digital Shoppers (New)
C01891,31-40,East,Gold,39,164,188278.41,1148.04,8,2,0.0659,0.0711,0.2042,0.3402,0.0606,0.1072,0.0515,0.0991,Everyday Essentials Loyalists
C01892,21-30,South,Classic,38,36,55413.77,1539.27,8,14,0.1846,0.1158,0.0651,0.3043,0.0783,0.025,0.0615,0.1653,Low-Engagement Occasional
C01893,31-40,North,Classic,5,126,244703.32,1942.09,8,0,0.0955,0.244,0.044,0.0464,0.0455,0.3776,0.1151,0.0318,Digital Shoppers (New)
C01894,41-50,North,Platinum,57,115,887883.0,7720.72,8,0,0.2148,0.0762,0.0231,0.0216,0.0379,0.1938,0.3915,0.0411,Premium Travel & Dining Elite
C01895,21-30,North,Gold,47,179,194501.59,1086.6,8,0,0.1052,0.0397,0.1283,0.2828,0.0548,0.1298,0.1197,0.1398,Everyday Essentials Loyalists
C01896,21-30,North,Classic,57,199,222110.71,1116.13,8,0,0.1078,0.0491,0.2114,0.3387,0.0223,0.0759,0.0542,0.1407,Everyday Essentials Loyalists
C01897,31-40,West,Platinum,3,112,247856.34,2213.0,8,3,0.1367,0.2123,0.0237,0.0187,0.0492,0.259,0.2272,0.0732,Digital Shoppers (New)
C01898,31-40,North,Gold,28,165,198577.93,1203.5,8,3,0.0851,0.0466,0.1351,0.3195,0.0257,0.0871,0.2208,0.0801,Everyday Essentials Loyalists
C01899,31-40,East,Gold,50,117,1026101.38,8770.1,8,1,0.1016,0.0526,0.0155,0.0604,0.0333,0.1613,0.5379,0.0374,Premium Travel & Dining Elite
C01900,51+,West,Platinum,44,143,1130775.94,7907.52,8,6,0.2074,0.0795,0.0238,0.0362,0.0308,0.1246,0.4899,0.0078,Premium Travel & Dining Elite
C01901,21-30,South,Platinum,3,135,244496.01,1811.08,8,3,0.179,0.2872,0.0598,0.0475,0.0453,0.2834,0.0524,0.0454,Digital Shoppers (New)
C01902,31-40,South,Platinum,50,116,1068739.69,9213.27,8,8,0.1166,0.0769,0.0248,0.0367,0.095,0.0884,0.5306,0.0309,Premium Travel & Dining Elite
C01903,31-40,East,Classic,42,27,37557.16,1391.01,8,11,0.0623,0.0222,0.1126,0.3445,0.1717,0.0347,0.0777,0.1743,Low-Engagement Occasional
C01904,31-40,South,Classic,38,175,209533.32,1197.33,8,0,0.0731,0.0649,0.1693,0.3183,0.0521,0.0758,0.1407,0.1059,Everyday Essentials Loyalists
C01905,31-40,South,Classic,14,118,238533.32,2021.47,8,13,0.1547,0.2054,0.0163,0.0534,0.0414,0.3512,0.1451,0.0325,Digital Shoppers (New)
C01906,41-50,West,Gold,4,136,272960.77,2007.06,8,0,0.1419,0.1934,0.0244,0.0801,0.0337,0.2653,0.2005,0.0607,Digital Shoppers (New)
C01907,41-50,West,Gold,20,120,261342.44,2177.85,8,1,0.1424,0.1776,0.0528,0.0767,0.0408,0.316,0.1304,0.0633,Digital Shoppers (New)
C01908,41-50,West,Platinum,78,98,723773.11,7385.44,8,7,0.1916,0.0766,0.0201,0.0807,0.0325,0.158,0.4118,0.0287,Premium Travel & Dining Elite
C01909,31-40,West,Classic,21,28,39235.66,1401.27,8,7,0.0425,0.1902,0.0959,0.3621,0.0582,0.0364,0.0298,0.185,Low-Engagement Occasional
C01910,41-50,South,Classic,65,20,23939.53,1196.98,7,244,0.064,0.0517,0.0776,0.2913,0.0,0.1955,0.0261,0.2937,Lapsed / Dormant
C01911,51+,West,Gold,63,104,944075.35,9077.65,8,0,0.1783,0.0793,0.0258,0.0475,0.0251,0.162,0.4765,0.0056,Premium Travel & Dining Elite
C01912,51+,East,Gold,42,172,209500.09,1218.02,8,0,0.1235,0.0616,0.235,0.2586,0.0218,0.1021,0.063,0.1344,Everyday Essentials Loyalists
C01913,51+,East,Classic,52,18,25147.98,1397.11,7,275,0.1156,0.0,0.0447,0.1761,0.0275,0.0955,0.4182,0.1224,Lapsed / Dormant
C01914,31-40,West,Gold,17,137,254681.22,1858.99,8,8,0.1211,0.2003,0.0339,0.0394,0.0584,0.347,0.1237,0.0762,Digital Shoppers (New)
C01915,51+,West,Gold,60,186,219118.54,1178.06,8,3,0.0939,0.0387,0.1981,0.317,0.0376,0.0983,0.1051,0.1114,Everyday Essentials Loyalists
C01916,41-50,West,Classic,47,163,200090.98,1227.55,8,0,0.116,0.0406,0.1723,0.2569,0.0404,0.0973,0.1218,0.1548,Everyday Essentials Loyalists
C01917,41-50,South,Classic,19,111,219332.0,1975.96,8,1,0.0786,0.1406,0.0805,0.0503,0.0384,0.3388,0.2172,0.0556,Digital Shoppers (New)
C01918,41-50,East,Classic,25,37,53056.24,1433.95,7,6,0.0169,0.0522,0.1581,0.2677,0.0615,0.1677,0.0,0.2759,Low-Engagement Occasional
C01919,51+,North,Classic,22,139,274606.35,1975.59,8,1,0.1681,0.1955,0.0182,0.1173,0.047,0.2372,0.1811,0.0355,Digital Shoppers (New)
C01920,31-40,East,Classic,38,47,66353.84,1411.78,7,158,0.1536,0.0,0.0765,0.2781,0.0481,0.2577,0.0871,0.0989,Lapsed / Dormant
C01921,41-50,West,Gold,15,126,230114.18,1826.3,8,2,0.0632,0.2149,0.0775,0.0774,0.0635,0.4283,0.0383,0.0368,Digital Shoppers (New)
C01922,41-50,West,Gold,70,195,221704.27,1136.94,8,0,0.1117,0.0437,0.1357,0.2567,0.0421,0.1655,0.1048,0.1398,Everyday Essentials Loyalists
C01923,41-50,South,Gold,3,132,251907.55,1908.39,8,0,0.1103,0.1512,0.0703,0.0261,0.052,0.4759,0.0435,0.0706,Digital Shoppers (New)
C01924,41-50,South,Platinum,44,188,198208.2,1054.3,8,1,0.127,0.0473,0.2075,0.3004,0.0259,0.138,0.0251,0.1288,Everyday Essentials Loyalists
C01925,21-30,South,Classic,44,181,200333.14,1106.81,8,0,0.0696,0.091,0.2,0.2922,0.0449,0.0744,0.1188,0.1091,Everyday Essentials Loyalists
C01926,31-40,North,Platinum,57,97,831849.3,8575.77,8,1,0.1712,0.0482,0.0201,0.0869,0.0761,0.1336,0.4127,0.0513,Premium Travel & Dining Elite
C01927,31-40,North,Gold,39,163,170463.35,1045.79,8,0,0.094,0.047,0.2346,0.3125,0.0748,0.0578,0.0355,0.1438,Everyday Essentials Loyalists
C01928,41-50,West,Gold,30,32,38036.89,1188.65,8,21,0.0962,0.1045,0.1338,0.2376,0.1033,0.0909,0.0315,0.2022,Low-Engagement Occasional
C01929,41-50,South,Gold,57,98,720356.72,7350.58,8,1,0.1406,0.1,0.0104,0.1436,0.0521,0.2127,0.3128,0.0279,Premium Travel & Dining Elite
C01930,41-50,West,Classic,44,184,221905.12,1206.01,8,5,0.1013,0.041,0.2023,0.3315,0.0099,0.055,0.111,0.148,Everyday Essentials Loyalists
C01931,41-50,North,Classic,9,119,232744.16,1955.83,8,3,0.0839,0.2368,0.051,0.0465,0.0666,0.332,0.1342,0.049,Digital Shoppers (New)
C01932,31-40,West,Gold,34,101,185431.73,1835.96,8,0,0.1348,0.2222,0.0127,0.0427,0.0569,0.2927,0.1484,0.0896,Digital Shoppers (New)
C01933,21-30,East,Classic,27,29,32818.77,1131.68,8,23,0.0375,0.0253,0.0388,0.1802,0.0906,0.2525,0.2567,0.1183,Low-Engagement Occasional
C01934,41-50,East,Gold,35,31,41675.1,1344.36,7,1,0.0794,0.0,0.0347,0.2489,0.1367,0.1176,0.0963,0.2863,Low-Engagement Occasional
C01935,51+,East,Classic,23,21,33896.43,1614.12,7,9,0.0,0.1121,0.0432,0.0987,0.0342,0.2616,0.1597,0.2904,Low-Engagement Occasional
C01936,41-50,West,Platinum,69,105,922594.87,8786.62,8,3,0.166,0.0491,0.017,0.0568,0.0221,0.1043,0.5605,0.0243,Premium Travel & Dining Elite
C01937,51+,West,Classic,21,156,285453.84,1829.83,8,7,0.1148,0.2107,0.0469,0.0649,0.0782,0.3365,0.0539,0.094,Digital Shoppers (New)
C01938,51+,East,Classic,18,139,275683.39,1983.33,8,3,0.1448,0.2267,0.0336,0.0254,0.0643,0.2989,0.1291,0.0772,Digital Shoppers (New)
C01939,31-40,North,Classic,31,168,193673.52,1152.82,8,0,0.151,0.0918,0.1525,0.2991,0.035,0.073,0.0645,0.133,Everyday Essentials Loyalists
C01940,41-50,North,Gold,52,114,904771.61,7936.59,8,0,0.1686,0.13,0.0389,0.0554,0.0165,0.0999,0.4804,0.0102,Premium Travel & Dining Elite
C01941,31-40,West,Gold,58,184,198450.77,1078.54,8,4,0.054,0.0499,0.2157,0.3317,0.0288,0.0957,0.1255,0.0988,Everyday Essentials Loyalists
C01942,31-40,South,Gold,6,144,302088.32,2097.84,8,3,0.0474,0.2765,0.0168,0.0514,0.0529,0.3321,0.1722,0.0506,Digital Shoppers (New)
C01943,21-30,South,Gold,48,168,191746.2,1141.35,8,0,0.0626,0.09,0.2207,0.2782,0.0278,0.0871,0.0731,0.1605,Everyday Essentials Loyalists
C01944,21-30,East,Gold,32,177,193565.67,1093.59,8,1,0.0902,0.0555,0.2298,0.2557,0.0286,0.128,0.111,0.1011,Everyday Essentials Loyalists
C01945,21-30,South,Classic,40,33,39585.48,1199.56,8,13,0.0933,0.0277,0.0473,0.1405,0.0318,0.2911,0.0515,0.3168,Low-Engagement Occasional
C01946,41-50,West,Classic,41,19,35870.06,1887.9,7,225,0.0231,0.062,0.2017,0.1579,0.0,0.0676,0.329,0.1587,Lapsed / Dormant
C01947,21-30,West,Classic,32,168,179353.25,1067.58,8,0,0.1088,0.0567,0.2563,0.2014,0.0768,0.1129,0.0717,0.1154,Everyday Essentials Loyalists
C01948,31-40,West,Classic,40,26,27951.91,1075.07,8,237,0.156,0.1491,0.026,0.1488,0.1617,0.1987,0.0302,0.1296,Lapsed / Dormant
C01949,31-40,West,Platinum,54,110,851060.38,7736.91,8,4,0.1155,0.098,0.0077,0.0557,0.0475,0.1323,0.4835,0.0597,Premium Travel & Dining Elite
C01950,31-40,West,Gold,52,52,69702.46,1340.43,8,142,0.015,0.1355,0.0843,0.1911,0.1059,0.2171,0.1463,0.1048,Lapsed / Dormant
C01951,51+,East,Gold,48,15,24371.15,1624.74,6,285,0.0386,0.0226,0.0,0.0971,0.0,0.2896,0.479,0.0731,Lapsed / Dormant
C01952,31-40,West,Platinum,49,108,807018.28,7472.39,8,6,0.2003,0.0857,0.0229,0.1367,0.0184,0.1476,0.3313,0.0571,Premium Travel & Dining Elite
C01953,21-30,North,Classic,29,34,40444.28,1189.54,8,21,0.0763,0.1364,0.0898,0.1717,0.1405,0.0549,0.0617,0.2686,Low-Engagement Occasional
C01954,51+,East,Classic,36,46,67051.35,1457.64,8,153,0.0951,0.0364,0.1682,0.2217,0.0827,0.1463,0.1844,0.0652,Lapsed / Dormant
C01955,41-50,West,Classic,54,33,42336.55,1282.93,8,235,0.1296,0.1134,0.0778,0.1752,0.0817,0.1286,0.1105,0.1832,Lapsed / Dormant
C01956,41-50,South,Classic,56,18,25099.48,1394.42,7,288,0.2387,0.0337,0.2385,0.0876,0.0,0.0784,0.2074,0.1158,Lapsed / Dormant
C01957,41-50,North,Classic,13,129,216734.34,1680.11,8,5,0.0787,0.2627,0.0461,0.0596,0.0582,0.3971,0.0225,0.075,Digital Shoppers (New)
C01958,21-30,East,Gold,62,114,776001.47,6807.03,8,3,0.1911,0.0793,0.0361,0.0873,0.0355,0.1742,0.2985,0.098,Premium Travel & Dining Elite
C01959,41-50,South,Classic,47,22,33172.99,1507.86,7,2,0.0,0.0246,0.05,0.205,0.1481,0.2192,0.1161,0.2369,Low-Engagement Occasional
C01960,21-30,West,Classic,12,121,245479.5,2028.76,7,2,0.1403,0.2763,0.0107,0.0287,0.0628,0.4442,0.0,0.0369,Digital Shoppers (New)
C01961,31-40,South,Classic,4,127,250611.72,1973.32,8,10,0.1223,0.2774,0.0241,0.0312,0.0724,0.3322,0.0494,0.091,Digital Shoppers (New)
C01962,21-30,North,Gold,47,171,193447.33,1131.27,8,0,0.0716,0.0563,0.1737,0.3235,0.053,0.0958,0.0794,0.1467,Everyday Essentials Loyalists
C01963,41-50,East,Classic,3,130,246485.36,1896.04,8,0,0.1705,0.184,0.0311,0.0421,0.0488,0.3507,0.1206,0.0522,Digital Shoppers (New)
C01964,21-30,South,Gold,39,163,185251.64,1136.51,8,7,0.0633,0.0692,0.1451,0.346,0.0238,0.1062,0.0878,0.1586,Everyday Essentials Loyalists
C01965,31-40,North,Gold,24,33,52322.02,1585.52,8,1,0.1248,0.0505,0.1813,0.1757,0.0335,0.1704,0.1206,0.1432,Low-Engagement Occasional
C01966,21-30,East,Platinum,52,104,828677.37,7968.05,8,4,0.1915,0.1051,0.0142,0.0411,0.0075,0.1977,0.3986,0.0443,Premium Travel & Dining Elite
C01967,41-50,South,Gold,27,28,45121.41,1611.48,8,6,0.0298,0.1983,0.0274,0.1857,0.0381,0.1417,0.0747,0.3043,Low-Engagement Occasional
C01968,31-40,North,Gold,38,28,38576.1,1377.72,8,26,0.165,0.0944,0.0491,0.1145,0.1703,0.1604,0.0808,0.1655,Low-Engagement Occasional
C01969,31-40,East,Gold,25,136,294609.38,2166.25,8,0,0.0775,0.2725,0.0153,0.0359,0.0441,0.3589,0.1842,0.0117,Digital Shoppers (New)
C01970,31-40,East,Classic,23,130,246968.99,1899.76,8,2,0.0875,0.2418,0.0336,0.05,0.0409,0.3374,0.1697,0.0391,Digital Shoppers (New)
C01971,41-50,West,Classic,45,177,175158.43,989.6,8,1,0.0697,0.0866,0.1595,0.2825,0.0306,0.1183,0.0882,0.1645,Everyday Essentials Loyalists
C01972,21-30,South,Classic,45,22,24450.53,1111.39,8,261,0.129,0.0451,0.1765,0.1964,0.064,0.3168,0.0363,0.0359,Lapsed / Dormant
C01973,51+,North,Classic,6,21,25463.12,1212.53,7,19,0.1387,0.2884,0.0623,0.1814,0.0,0.1785,0.1228,0.0279,Low-Engagement Occasional
C01974,31-40,West,Gold,45,154,168311.08,1092.93,8,1,0.1093,0.0874,0.1878,0.2823,0.0246,0.0587,0.0947,0.1552,Everyday Essentials Loyalists
C01975,21-30,East,Classic,19,169,197416.04,1168.14,8,6,0.0517,0.0642,0.1678,0.3521,0.0069,0.0928,0.1197,0.1447,Everyday Essentials Loyalists
C01976,21-30,North,Classic,22,161,182711.28,1134.85,8,1,0.0668,0.0487,0.2011,0.3062,0.063,0.0612,0.0808,0.1722,Everyday Essentials Loyalists
C01977,21-30,West,Gold,12,137,254863.83,1860.32,8,1,0.1102,0.1974,0.0418,0.0252,0.1054,0.3638,0.1125,0.0437,Digital Shoppers (New)
C01978,31-40,North,Classic,50,20,19711.45,985.57,5,257,0.0,0.258,0.0421,0.2902,0.0,0.3219,0.0,0.0877,Lapsed / Dormant
C01979,31-40,West,Classic,25,21,26339.38,1254.26,8,6,0.1758,0.0466,0.1525,0.0796,0.263,0.1413,0.0457,0.0955,Low-Engagement Occasional
C01980,51+,West,Gold,57,157,166328.3,1059.42,8,6,0.0912,0.0365,0.146,0.3442,0.0347,0.1357,0.0761,0.1356,Everyday Essentials Loyalists
C01981,31-40,West,Classic,34,21,38410.85,1829.09,6,9,0.1919,0.089,0.0,0.1282,0.1215,0.1944,0.0,0.2751,Low-Engagement Occasional
C01982,21-30,West,Platinum,39,174,200690.77,1153.4,8,5,0.1034,0.05,0.1693,0.3261,0.0446,0.0996,0.0807,0.1264,Everyday Essentials Loyalists
C01983,31-40,North,Classic,43,30,44420.18,1480.67,8,15,0.0841,0.1072,0.0684,0.21,0.2266,0.0608,0.1287,0.1142,Low-Engagement Occasional
C01984,21-30,West,Classic,57,160,180456.58,1127.85,8,1,0.0974,0.068,0.2327,0.3107,0.015,0.1289,0.0708,0.0765,Everyday Essentials Loyalists
C01985,21-30,South,Gold,19,139,241386.5,1736.59,8,0,0.1018,0.2755,0.0242,0.0425,0.048,0.4209,0.0645,0.0227,Digital Shoppers (New)
C01986,31-40,East,Classic,40,9,8710.6,967.84,6,297,0.0659,0.0798,0.3034,0.2792,0.1367,0.135,0.0,0.0,Lapsed / Dormant
C01987,21-30,East,Classic,36,151,188688.25,1249.59,8,1,0.1225,0.0507,0.1879,0.2535,0.0245,0.0842,0.1268,0.1499,Everyday Essentials Loyalists
C01988,21-30,North,Platinum,15,26,33056.6,1271.41,8,0,0.1117,0.0764,0.2199,0.0895,0.1358,0.168,0.0563,0.1423,Low-Engagement Occasional
C01989,51+,North,Classic,47,18,28603.54,1589.09,7,293,0.1737,0.0376,0.0878,0.117,0.0,0.0143,0.4819,0.0878,Lapsed / Dormant
C01990,41-50,North,Classic,31,187,213013.37,1139.11,8,5,0.0735,0.0311,0.1601,0.4024,0.0328,0.07,0.0742,0.156,Everyday Essentials Loyalists
C01991,51+,North,Platinum,56,116,978996.81,8439.63,8,8,0.1757,0.058,0.0191,0.0545,0.0302,0.1547,0.48,0.0277,Premium Travel & Dining Elite
C01992,31-40,North,Classic,32,32,39379.7,1230.62,8,2,0.1018,0.0715,0.0866,0.2068,0.0323,0.2041,0.0315,0.2654,Low-Engagement Occasional
C01993,51+,West,Platinum,22,168,200547.46,1193.73,8,0,0.0585,0.0473,0.1963,0.3591,0.0479,0.062,0.1298,0.0991,Everyday Essentials Loyalists
C01994,31-40,South,Platinum,47,114,1098705.15,9637.76,8,4,0.1175,0.0897,0.0034,0.084,0.0337,0.1257,0.5296,0.0164,Premium Travel & Dining Elite
C01995,21-30,West,Classic,8,129,239380.77,1855.66,8,2,0.0966,0.2522,0.0196,0.077,0.0899,0.3134,0.0852,0.066,Digital Shoppers (New)
C01996,41-50,West,Gold,29,27,32400.62,1200.02,8,11,0.0708,0.0441,0.0283,0.1232,0.2026,0.202,0.1835,0.1455,Low-Engagement Occasional
C01997,21-30,West,Classic,37,162,173757.63,1072.58,8,0,0.0811,0.0621,0.1803,0.2986,0.0629,0.1375,0.0844,0.0931,Everyday Essentials Loyalists
C01998,31-40,South,Classic,39,164,183753.54,1120.45,8,4,0.1215,0.0426,0.2395,0.2868,0.0594,0.0641,0.0621,0.1239,Everyday Essentials Loyalists
C01999,41-50,West,Classic,22,23,36186.33,1573.32,8,14,0.0225,0.0976,0.0969,0.0734,0.0752,0.2435,0.2548,0.1361,Low-Engagement Occasional
C02000,41-50,West,Classic,3,124,261742.04,2110.82,8,0,0.1198,0.248,0.0299,0.0571,0.0395,0.3427,0.153,0.0099,Digital Shoppers (New)
C02001,31-40,West,Classic,24,29,40174.15,1385.32,7,7,0.1056,0.1369,0.0,0.1718,0.1262,0.1163,0.1796,0.1637,Low-Engagement Occasional
C02002,31-40,West,Classic,11,170,320960.71,1888.0,8,0,0.1213,0.2004,0.0527,0.035,0.0768,0.3823,0.0828,0.0486,Digital Shoppers (New)
C02003,21-30,East,Classic,44,22,24238.24,1101.74,6,280,0.0485,0.0,0.0642,0.5223,0.0579,0.1308,0.0,0.1763,Lapsed / Dormant
C02004,51+,South,Platinum,15,130,269114.15,2070.11,8,0,0.0679,0.1912,0.0384,0.038,0.0513,0.3685,0.2028,0.0419,Digital Shoppers (New)
C02005,21-30,West,Platinum,64,96,790182.19,8231.06,8,9,0.2261,0.0786,0.0151,0.0493,0.0388,0.1645,0.3962,0.0314,Premium Travel & Dining Elite
C02006,31-40,South,Gold,54,45,58917.32,1309.27,8,162,0.1595,0.077,0.0502,0.1672,0.0653,0.0753,0.2458,0.1597,Lapsed / Dormant
C02007,21-30,West,Platinum,7,130,218826.89,1683.28,8,2,0.0834,0.2616,0.0431,0.0516,0.0402,0.3177,0.1079,0.0946,Digital Shoppers (New)
C02008,51+,North,Gold,26,164,208872.99,1273.62,8,1,0.1152,0.0338,0.1506,0.3454,0.0659,0.0971,0.063,0.1289,Everyday Essentials Loyalists
C02009,41-50,North,Classic,54,159,173025.5,1088.21,8,5,0.0719,0.0412,0.1573,0.3651,0.0456,0.103,0.0909,0.1249,Everyday Essentials Loyalists
C02010,31-40,South,Classic,33,27,37127.12,1375.08,7,0,0.0658,0.0595,0.3132,0.1605,0.1649,0.1482,0.0,0.0878,Low-Engagement Occasional
C02011,51+,North,Classic,50,100,788458.0,7884.58,8,2,0.0751,0.1269,0.0066,0.0394,0.054,0.1432,0.4998,0.0549,Premium Travel & Dining Elite
C02012,21-30,West,Gold,44,164,184139.95,1122.8,8,0,0.1514,0.086,0.1387,0.2702,0.0367,0.1228,0.0678,0.1264,Everyday Essentials Loyalists
C02013,51+,North,Platinum,70,105,782219.0,7449.7,8,1,0.1958,0.0608,0.0343,0.0596,0.0195,0.1707,0.4243,0.035,Premium Travel & Dining Elite
C02014,21-30,West,Gold,31,144,275566.34,1913.66,8,0,0.0999,0.198,0.0521,0.0424,0.0498,0.3543,0.1409,0.0624,Digital Shoppers (New)
C02015,31-40,North,Gold,44,147,152581.09,1037.97,8,6,0.0732,0.0758,0.2061,0.2936,0.006,0.051,0.1138,0.1804,Everyday Essentials Loyalists
C02016,21-30,West,Gold,24,119,218428.68,1835.54,8,2,0.112,0.1608,0.0561,0.0636,0.0651,0.3698,0.1398,0.0328,Digital Shoppers (New)
C02017,51+,South,Classic,29,156,194987.68,1249.92,8,2,0.0528,0.026,0.207,0.2449,0.0307,0.1113,0.1496,0.1777,Everyday Essentials Loyalists
C02018,51+,North,Platinum,59,102,816641.97,8006.29,8,4,0.1869,0.0588,0.0148,0.0517,0.0145,0.1395,0.5172,0.0165,Premium Travel & Dining Elite
C02019,31-40,North,Classic,10,125,242335.27,1938.68,8,1,0.1211,0.1602,0.0371,0.0459,0.1163,0.3282,0.1382,0.053,Digital Shoppers (New)
C02020,21-30,East,Gold,45,168,201810.31,1201.25,8,1,0.0746,0.0731,0.1324,0.3301,0.0338,0.1171,0.1036,0.1352,Everyday Essentials Loyalists
C02021,31-40,West,Classic,30,109,235186.08,2157.67,8,3,0.1204,0.2377,0.06,0.0451,0.0563,0.3784,0.0802,0.0219,Digital Shoppers (New)
C02022,31-40,West,Gold,62,104,896629.42,8621.44,8,1,0.2706,0.0719,0.0192,0.0452,0.0338,0.1417,0.3878,0.0298,Premium Travel & Dining Elite
C02023,31-40,South,Classic,50,106,841326.2,7937.04,7,1,0.1603,0.0671,0.0,0.061,0.0248,0.1755,0.4662,0.045,Premium Travel & Dining Elite
C02024,21-30,South,Gold,29,167,164788.82,986.76,8,1,0.1031,0.0749,0.186,0.2888,0.0736,0.109,0.0177,0.1468,Everyday Essentials Loyalists
C02025,41-50,North,Classic,30,121,232666.69,1922.87,8,0,0.0897,0.1695,0.0721,0.049,0.0668,0.355,0.1367,0.0611,Digital Shoppers (New)
C02026,41-50,South,Gold,47,150,177669.53,1184.46,8,1,0.0814,0.0408,0.1543,0.3064,0.0427,0.0795,0.1259,0.1689,Everyday Essentials Loyalists
C02027,51+,East,Classic,34,34,61806.08,1817.83,8,0,0.1792,0.0656,0.0637,0.0976,0.0279,0.1559,0.2031,0.2071,Low-Engagement Occasional
C02028,31-40,North,Platinum,38,195,230678.32,1182.97,8,2,0.0981,0.0429,0.1737,0.248,0.0766,0.0738,0.1362,0.1508,Everyday Essentials Loyalists
C02029,31-40,East,Classic,16,113,207904.32,1839.86,8,2,0.1384,0.1994,0.0754,0.0359,0.0319,0.4048,0.0863,0.0279,Digital Shoppers (New)
C02030,31-40,West,Classic,4,117,230407.87,1969.3,8,4,0.1132,0.2219,0.0433,0.0355,0.0551,0.2799,0.1703,0.0807,Digital Shoppers (New)
C02031,21-30,North,Gold,63,118,1024830.66,8685.01,8,0,0.1891,0.0556,0.0333,0.0615,0.0261,0.0871,0.5154,0.0318,Premium Travel & Dining Elite
C02032,41-50,North,Classic,3,119,237113.12,1992.55,8,3,0.0977,0.2658,0.0319,0.067,0.0267,0.3057,0.1718,0.0334,Digital Shoppers (New)
C02033,41-50,North,Gold,38,177,212713.94,1201.77,8,9,0.0441,0.0581,0.2013,0.3803,0.0354,0.0875,0.0881,0.1052,Everyday Essentials Loyalists
C02034,21-30,North,Classic,35,168,185700.28,1105.36,8,0,0.1149,0.0494,0.1815,0.3368,0.018,0.0721,0.0729,0.1546,Everyday Essentials Loyalists
C02035,31-40,North,Platinum,27,109,844425.59,7747.02,8,2,0.2458,0.0731,0.0374,0.0612,0.032,0.1593,0.3799,0.0114,Premium Travel & Dining Elite
C02036,51+,East,Gold,26,25,39098.28,1563.93,8,26,0.0256,0.0145,0.2379,0.1377,0.1942,0.285,0.052,0.053,Low-Engagement Occasional
C02037,31-40,North,Platinum,39,36,53209.09,1478.03,8,252,0.1402,0.0433,0.2192,0.1555,0.0592,0.1232,0.1539,0.1055,Lapsed / Dormant
C02038,31-40,West,Platinum,57,112,921311.79,8226.0,8,0,0.1129,0.0774,0.023,0.0649,0.0381,0.1726,0.4667,0.0443,Premium Travel & Dining Elite
C02039,41-50,West,Gold,14,147,277942.93,1890.77,8,0,0.0725,0.238,0.029,0.046,0.047,0.418,0.1207,0.0287,Digital Shoppers (New)
C02040,31-40,West,Classic,47,27,30719.15,1137.75,8,7,0.0562,0.1465,0.2434,0.135,0.0288,0.1751,0.0762,0.1388,Low-Engagement Occasional
C02041,21-30,East,Gold,45,172,207289.78,1205.17,8,1,0.1024,0.0435,0.1785,0.3207,0.0205,0.0714,0.1639,0.0991,Everyday Essentials Loyalists
C02042,41-50,North,Classic,33,33,43846.95,1328.7,7,2,0.1214,0.0912,0.131,0.2616,0.1017,0.1722,0.0,0.1208,Low-Engagement Occasional
C02043,51+,North,Gold,18,113,226237.79,2002.1,8,12,0.1206,0.1784,0.0119,0.0635,0.1052,0.3504,0.1129,0.0571,Digital Shoppers (New)
C02044,21-30,North,Classic,56,36,58654.33,1629.29,8,177,0.0784,0.0354,0.0803,0.188,0.0715,0.2069,0.1731,0.1664,Lapsed / Dormant
C02045,21-30,West,Gold,52,19,24939.37,1312.6,7,253,0.1594,0.0,0.2637,0.1529,0.042,0.037,0.2174,0.1276,Lapsed / Dormant
C02046,41-50,West,Platinum,62,123,1091390.24,8873.09,8,3,0.0997,0.1129,0.0035,0.1023,0.0184,0.1125,0.5363,0.0144,Premium Travel & Dining Elite
C02047,41-50,South,Classic,21,128,236957.76,1851.23,8,1,0.1328,0.2035,0.0211,0.0299,0.077,0.3754,0.0823,0.078,Digital Shoppers (New)
C02048,31-40,South,Classic,3,156,312296.52,2001.9,8,2,0.0721,0.2163,0.0333,0.0762,0.0506,0.3227,0.1786,0.0501,Digital Shoppers (New)
C02049,31-40,South,Classic,62,183,196138.67,1071.8,8,0,0.1066,0.0436,0.2123,0.3207,0.0292,0.1186,0.0125,0.1564,Everyday Essentials Loyalists
C02050,41-50,North,Gold,57,184,210857.03,1145.96,8,2,0.0735,0.0561,0.2061,0.1867,0.0653,0.1093,0.1061,0.1968,Everyday Essentials Loyalists
C02051,31-40,West,Classic,50,14,12162.49,868.75,7,296,0.0,0.3143,0.1686,0.2049,0.0517,0.0479,0.095,0.1176,Lapsed / Dormant
C02052,21-30,North,Gold,45,115,1002727.8,8719.37,8,0,0.1827,0.0747,0.0239,0.0409,0.0138,0.1803,0.45,0.0336,Premium Travel & Dining Elite
C02053,21-30,South,Classic,26,146,272183.59,1864.27,8,0,0.1368,0.2002,0.0408,0.0462,0.066,0.3592,0.1006,0.0502,Digital Shoppers (New)
C02054,31-40,South,Platinum,23,42,67799.24,1614.27,8,8,0.0652,0.1616,0.1213,0.1154,0.0554,0.166,0.0633,0.2517,Low-Engagement Occasional
C02055,51+,North,Platinum,47,170,205891.54,1211.13,8,5,0.0593,0.0381,0.1203,0.32,0.0383,0.092,0.1404,0.1915,Everyday Essentials Loyalists
C02056,31-40,South,Platinum,3,156,292116.9,1872.54,8,5,0.1117,0.1564,0.0108,0.054,0.0838,0.3703,0.1146,0.0985,Digital Shoppers (New)
C02057,31-40,West,Classic,70,22,33666.77,1530.31,8,269,0.0707,0.0294,0.0348,0.2605,0.0808,0.149,0.2159,0.1589,Lapsed / Dormant
C02058,51+,North,Gold,3,122,257987.29,2114.65,8,0,0.1343,0.1694,0.0326,0.0512,0.0726,0.3595,0.1552,0.0251,Digital Shoppers (New)
C02059,31-40,East,Platinum,60,120,946813.73,7890.11,8,0,0.1786,0.083,0.0267,0.0999,0.0568,0.1177,0.4057,0.0316,Premium Travel & Dining Elite
C02060,31-40,South,Gold,38,108,843754.04,7812.54,8,1,0.1621,0.0721,0.0077,0.0796,0.0518,0.1866,0.387,0.053,Premium Travel & Dining Elite
C02061,21-30,North,Classic,47,26,37590.84,1445.8,8,259,0.0676,0.1345,0.0307,0.1085,0.0632,0.0777,0.4521,0.0657,Lapsed / Dormant
C02062,41-50,North,Classic,37,174,187475.73,1077.45,8,5,0.0871,0.0852,0.1645,0.2717,0.0507,0.1222,0.1276,0.0909,Everyday Essentials Loyalists
C02063,41-50,North,Classic,25,156,295380.51,1893.46,8,4,0.118,0.2756,0.011,0.0748,0.016,0.3693,0.0812,0.0539,Digital Shoppers (New)
C02064,41-50,North,Platinum,55,113,923524.69,8172.78,8,0,0.1954,0.0445,0.0331,0.0528,0.0132,0.1693,0.4465,0.0452,Premium Travel & Dining Elite
C02065,31-40,South,Classic,53,165,172987.35,1048.41,8,4,0.0955,0.0853,0.1358,0.3171,0.0522,0.1113,0.0739,0.1288,Everyday Essentials Loyalists
C02066,31-40,West,Platinum,37,21,29572.42,1408.21,7,269,0.0424,0.0,0.1165,0.1589,0.0097,0.1047,0.3451,0.2228,Lapsed / Dormant
C02067,21-30,West,Gold,11,142,265336.36,1868.57,8,0,0.0611,0.2691,0.0308,0.0609,0.0533,0.3179,0.1774,0.0295,Digital Shoppers (New)
C02068,51+,West,Classic,45,13,18742.51,1441.73,7,256,0.0714,0.0,0.0234,0.1052,0.1007,0.1942,0.1689,0.3362,Lapsed / Dormant
C02069,21-30,South,Gold,46,161,169042.84,1049.96,8,1,0.1443,0.0431,0.1321,0.3531,0.0105,0.0977,0.0463,0.173,Everyday Essentials Loyalists
C02070,41-50,West,Classic,17,134,252330.97,1883.07,8,9,0.1277,0.2631,0.0329,0.0688,0.0202,0.3166,0.099,0.0718,Digital Shoppers (New)
C02071,41-50,East,Classic,37,30,41948.7,1398.29,8,0,0.017,0.1068,0.0145,0.2292,0.1675,0.3113,0.0578,0.096,Low-Engagement Occasional
C02072,21-30,North,Gold,16,140,244115.64,1743.68,8,8,0.1159,0.224,0.0483,0.0849,0.1064,0.3122,0.0471,0.0611,Digital Shoppers (New)
C02073,31-40,South,Platinum,48,163,169861.17,1042.09,8,1,0.0841,0.0418,0.2533,0.2735,0.0551,0.129,0.0707,0.0925,Everyday Essentials Loyalists
C02074,21-30,South,Platinum,21,26,43947.8,1690.3,7,18,0.1919,0.1348,0.0811,0.0983,0.0853,0.0,0.0488,0.3597,Low-Engagement Occasional
C02075,31-40,West,Platinum,45,177,183142.94,1034.71,8,0,0.1115,0.0368,0.2276,0.3374,0.0247,0.1116,0.0407,0.1097,Everyday Essentials Loyalists
C02076,51+,South,Classic,30,135,264669.05,1960.51,8,1,0.1805,0.1583,0.0221,0.0664,0.055,0.2982,0.1683,0.0512,Digital Shoppers (New)
C02077,31-40,North,Classic,31,54,73161.22,1354.84,8,160,0.1574,0.0968,0.1313,0.2201,0.0728,0.1116,0.1303,0.0796,Lapsed / Dormant
C02078,51+,West,Gold,46,173,193560.72,1118.85,8,0,0.0854,0.0232,0.1466,0.3626,0.04,0.0666,0.1373,0.1382,Everyday Essentials Loyalists
C02079,21-30,North,Platinum,48,142,147696.91,1040.12,8,3,0.0442,0.0333,0.1825,0.4195,0.015,0.1063,0.0918,0.1074,Everyday Essentials Loyalists
C02080,31-40,West,Gold,74,98,814427.7,8310.49,8,5,0.1831,0.0507,0.0268,0.0443,0.0455,0.1857,0.4328,0.0311,Premium Travel & Dining Elite
C02081,51+,West,Classic,49,174,196096.74,1126.99,8,2,0.0983,0.0456,0.1477,0.2984,0.0598,0.1079,0.0775,0.1648,Everyday Essentials Loyalists
C02082,51+,West,Classic,43,190,214447.99,1128.67,8,1,0.1405,0.0426,0.1762,0.3016,0.0482,0.0802,0.0985,0.1122,Everyday Essentials Loyalists
C02083,31-40,West,Gold,34,38,49304.19,1297.48,6,2,0.1336,0.1038,0.0,0.2398,0.0,0.1532,0.0918,0.2776,Low-Engagement Occasional
C02084,41-50,North,Classic,34,191,210595.43,1102.59,8,3,0.0889,0.0514,0.2414,0.3211,0.0225,0.0806,0.109,0.0851,Everyday Essentials Loyalists
C02085,51+,East,Gold,26,25,35095.16,1403.81,8,42,0.1223,0.0705,0.0541,0.2941,0.1787,0.048,0.0604,0.1719,Low-Engagement Occasional
C02086,41-50,West,Classic,28,173,179302.92,1036.43,8,0,0.0764,0.1128,0.2373,0.2522,0.0329,0.0758,0.0731,0.1394,Everyday Essentials Loyalists
C02087,41-50,West,Gold,56,159,184667.71,1161.43,8,1,0.0416,0.0337,0.2084,0.2112,0.0376,0.1097,0.1797,0.178,Everyday Essentials Loyalists
C02088,21-30,North,Classic,46,182,207694.95,1141.18,8,3,0.0968,0.0513,0.1993,0.3456,0.0258,0.1075,0.0799,0.0938,Everyday Essentials Loyalists
C02089,21-30,North,Platinum,20,22,27271.52,1239.61,8,27,0.0355,0.0671,0.0796,0.2453,0.2675,0.1036,0.0559,0.1455,Low-Engagement Occasional
C02090,41-50,South,Classic,16,137,282412.44,2061.4,8,2,0.1022,0.2367,0.0153,0.0585,0.0379,0.3856,0.1316,0.0321,Digital Shoppers (New)
C02091,31-40,South,Gold,53,179,196479.33,1097.65,8,0,0.0816,0.0447,0.1639,0.3164,0.0686,0.1122,0.0833,0.1294,Everyday Essentials Loyalists
C02092,21-30,East,Classic,39,25,38815.25,1552.61,8,2,0.0372,0.0846,0.1336,0.0659,0.076,0.0787,0.3353,0.1887,Low-Engagement Occasional
C02093,31-40,West,Gold,4,134,256762.46,1916.14,8,10,0.1289,0.1245,0.0628,0.0355,0.0309,0.4161,0.1419,0.0594,Digital Shoppers (New)
C02094,31-40,West,Classic,10,182,195050.63,1071.71,8,6,0.0735,0.064,0.2392,0.3202,0.0355,0.1168,0.0491,0.1016,Everyday Essentials Loyalists
C02095,31-40,East,Gold,51,16,20255.98,1266.0,7,256,0.043,0.0883,0.0438,0.2754,0.0,0.2096,0.1205,0.2195,Lapsed / Dormant
C02096,31-40,North,Classic,33,171,197998.34,1157.89,8,1,0.1075,0.0744,0.1837,0.3044,0.0371,0.1377,0.015,0.1402,Everyday Essentials Loyalists
C02097,31-40,South,Gold,66,102,955152.05,9364.24,8,6,0.1029,0.0689,0.0414,0.0556,0.0155,0.167,0.5224,0.0263,Premium Travel & Dining Elite
C02098,21-30,South,Gold,23,126,237930.98,1888.34,8,5,0.0763,0.204,0.066,0.1008,0.0446,0.3369,0.1356,0.0357,Digital Shoppers (New)
C02099,51+,North,Platinum,71,96,762937.84,7947.27,8,4,0.1404,0.0745,0.0184,0.0901,0.1044,0.1296,0.4246,0.0179,Premium Travel & Dining Elite
C02100,41-50,North,Gold,59,151,171792.49,1137.7,8,1,0.1743,0.073,0.1208,0.3416,0.0404,0.1008,0.0635,0.0856,Everyday Essentials Loyalists
C02101,21-30,South,Gold,42,15,24543.82,1636.25,8,28,0.075,0.06,0.2397,0.1625,0.1159,0.1785,0.1482,0.0203,Low-Engagement Occasional
C02102,31-40,North,Gold,77,82,697072.14,8500.88,8,0,0.1909,0.052,0.0143,0.074,0.0659,0.1228,0.4573,0.0229,Premium Travel & Dining Elite
C02103,31-40,East,Platinum,43,32,52554.79,1642.34,8,26,0.0883,0.0566,0.1405,0.1696,0.0589,0.2902,0.0621,0.1337,Low-Engagement Occasional
C02104,41-50,North,Platinum,62,33,43779.02,1326.64,8,173,0.0798,0.0896,0.1351,0.2103,0.1463,0.0741,0.06,0.2047,Lapsed / Dormant
C02105,41-50,North,Gold,13,147,289503.04,1969.41,8,2,0.099,0.2375,0.0548,0.0287,0.0537,0.3665,0.0853,0.0744,Digital Shoppers (New)
C02106,41-50,North,Gold,17,39,51751.8,1326.97,8,1,0.1747,0.0994,0.1053,0.1633,0.0449,0.1311,0.0313,0.25,Low-Engagement Occasional
C02107,41-50,East,Gold,54,23,28192.79,1225.77,7,13,0.1083,0.3664,0.0127,0.1464,0.127,0.1164,0.0,0.1228,Low-Engagement Occasional
C02108,21-30,East,Classic,48,44,58361.95,1326.41,8,222,0.1186,0.1058,0.0505,0.1604,0.0567,0.1065,0.1802,0.2214,Lapsed / Dormant
C02109,31-40,South,Platinum,54,152,174465.47,1147.8,8,1,0.1201,0.0483,0.2114,0.2764,0.0412,0.0949,0.1042,0.1036,Everyday Essentials Loyalists
C02110,21-30,North,Classic,36,163,172046.94,1055.5,8,0,0.0895,0.0739,0.1701,0.3842,0.024,0.0831,0.0198,0.1555,Everyday Essentials Loyalists
C02111,31-40,West,Classic,23,154,304608.48,1977.98,8,1,0.1362,0.2759,0.043,0.0505,0.0788,0.3418,0.0519,0.022,Digital Shoppers (New)
C02112,31-40,East,Gold,3,142,283742.29,1998.19,8,6,0.172,0.2381,0.028,0.0497,0.058,0.2505,0.1631,0.0406,Digital Shoppers (New)
C02113,41-50,East,Classic,37,145,165647.33,1142.4,8,1,0.0838,0.0343,0.1937,0.3127,0.0318,0.137,0.0763,0.1304,Everyday Essentials Loyalists
C02114,21-30,South,Classic,13,114,223715.58,1962.42,8,2,0.0814,0.1522,0.0271,0.0792,0.0835,0.4589,0.0654,0.0523,Digital Shoppers (New)
C02115,41-50,West,Gold,64,127,1133044.48,8921.61,8,2,0.1573,0.0587,0.0492,0.0734,0.0335,0.1658,0.4347,0.0273,Premium Travel & Dining Elite
C02116,31-40,West,Gold,58,25,37392.8,1495.71,8,213,0.1724,0.1208,0.0362,0.0923,0.1199,0.0368,0.2861,0.1355,Lapsed / Dormant
C02117,31-40,South,Classic,31,194,218068.33,1124.06,8,0,0.09,0.0874,0.1802,0.268,0.0278,0.062,0.1245,0.1601,Everyday Essentials Loyalists
C02118,41-50,East,Platinum,66,98,852407.38,8698.03,8,1,0.1951,0.0722,0.0157,0.0706,0.0373,0.1238,0.465,0.0202,Premium Travel & Dining Elite
C02119,21-30,North,Platinum,72,128,1127036.82,8804.98,8,2,0.1909,0.0382,0.0074,0.0525,0.0597,0.1425,0.4778,0.031,Premium Travel & Dining Elite
C02120,31-40,East,Gold,65,205,236799.65,1155.12,8,3,0.0937,0.048,0.1746,0.3652,0.0423,0.0808,0.0603,0.135,Everyday Essentials Loyalists
C02121,31-40,South,Gold,49,178,217401.12,1221.35,8,5,0.0755,0.0507,0.177,0.2995,0.0274,0.1114,0.1231,0.1354,Everyday Essentials Loyalists
C02122,41-50,North,Gold,55,107,831489.71,7770.93,8,2,0.2188,0.1335,0.0155,0.0325,0.0318,0.134,0.3518,0.0821,Premium Travel & Dining Elite
C02123,21-30,West,Gold,29,169,181654.69,1074.88,8,2,0.0723,0.0776,0.1852,0.3285,0.0465,0.0868,0.0909,0.1123,Everyday Essentials Loyalists
C02124,51+,West,Gold,60,158,186938.8,1183.16,8,0,0.0471,0.0517,0.2276,0.2542,0.0508,0.1027,0.1187,0.1473,Everyday Essentials Loyalists
C02125,51+,North,Classic,49,161,177115.72,1100.1,8,0,0.1194,0.0467,0.1573,0.337,0.0261,0.0835,0.0719,0.1581,Everyday Essentials Loyalists
C02126,41-50,West,Gold,41,159,166140.32,1044.91,8,0,0.0728,0.074,0.269,0.3372,0.0347,0.0818,0.0432,0.0873,Everyday Essentials Loyalists
C02127,31-40,South,Platinum,25,156,172543.35,1106.05,8,0,0.1187,0.0395,0.2181,0.2588,0.0209,0.0998,0.0798,0.1645,Everyday Essentials Loyalists
C02128,41-50,South,Gold,32,156,170830.79,1095.07,8,2,0.084,0.0305,0.2591,0.3191,0.0271,0.098,0.0433,0.139,Everyday Essentials Loyalists
C02129,21-30,West,Classic,66,123,1005750.85,8176.84,8,9,0.1297,0.1441,0.008,0.0627,0.0264,0.1475,0.4345,0.047,Premium Travel & Dining Elite
C02130,51+,South,Gold,63,112,971410.54,8673.31,8,0,0.1888,0.054,0.0141,0.0654,0.0359,0.146,0.4514,0.0444,Premium Travel & Dining Elite
C02131,31-40,South,Classic,22,181,194311.98,1073.55,8,0,0.084,0.0912,0.1462,0.3191,0.0635,0.0966,0.0503,0.149,Everyday Essentials Loyalists
C02132,21-30,East,Classic,36,32,41876.22,1308.63,8,41,0.0655,0.086,0.1809,0.2815,0.07,0.1505,0.0878,0.0777,Low-Engagement Occasional
C02133,31-40,North,Classic,32,40,60831.46,1520.79,8,163,0.0164,0.1218,0.0778,0.1599,0.0508,0.2229,0.2886,0.0618,Lapsed / Dormant
C02134,41-50,South,Classic,61,18,20679.03,1148.84,7,262,0.1181,0.0332,0.22,0.2227,0.0675,0.0,0.0824,0.256,Lapsed / Dormant
C02135,51+,South,Classic,16,127,221385.03,1743.19,8,0,0.1067,0.2501,0.0405,0.0433,0.036,0.2737,0.1723,0.0775,Digital Shoppers (New)
C02136,31-40,East,Classic,9,148,295334.3,1995.5,8,1,0.0884,0.2164,0.0233,0.0202,0.0567,0.3424,0.2247,0.0278,Digital Shoppers (New)
C02137,31-40,North,Classic,51,163,186807.13,1146.06,8,0,0.1075,0.0738,0.1975,0.3798,0.0187,0.0795,0.0732,0.0701,Everyday Essentials Loyalists
C02138,41-50,North,Gold,33,39,57276.76,1468.63,7,15,0.1825,0.0,0.1539,0.2178,0.153,0.0655,0.1627,0.0645,Low-Engagement Occasional
C02139,41-50,West,Platinum,43,31,42030.85,1355.83,8,0,0.1148,0.0231,0.209,0.2129,0.1014,0.1224,0.0393,0.177,Low-Engagement Occasional
C02140,41-50,North,Gold,30,30,39394.72,1313.16,8,3,0.0084,0.0861,0.1277,0.1801,0.0444,0.0884,0.1814,0.2835,Low-Engagement Occasional
C02141,31-40,South,Classic,49,43,58459.15,1359.52,8,159,0.1528,0.0727,0.0416,0.2514,0.0369,0.2249,0.1585,0.0612,Lapsed / Dormant
C02142,41-50,West,Classic,39,157,174061.67,1108.67,8,1,0.094,0.0556,0.1616,0.3115,0.0284,0.1082,0.0523,0.1884,Everyday Essentials Loyalists
C02143,51+,West,Classic,32,25,37244.76,1489.79,8,14,0.0249,0.1841,0.1774,0.1811,0.0473,0.0485,0.2774,0.0593,Low-Engagement Occasional
C02144,21-30,North,Classic,46,36,42509.71,1180.83,8,26,0.1225,0.0298,0.0951,0.0916,0.0635,0.226,0.115,0.2565,Low-Engagement Occasional
C02145,31-40,West,Classic,36,165,194989.44,1181.75,8,2,0.0574,0.0507,0.2081,0.3436,0.0567,0.0974,0.0394,0.1468,Everyday Essentials Loyalists
C02146,21-30,West,Classic,54,16,23624.72,1476.55,7,286,0.0096,0.0592,0.1046,0.1503,0.0,0.1233,0.4308,0.1222,Lapsed / Dormant
C02147,31-40,South,Gold,51,111,881074.85,7937.61,8,0,0.1741,0.0861,0.0254,0.0867,0.0161,0.1351,0.4533,0.0233,Premium Travel & Dining Elite
C02148,41-50,West,Gold,27,19,33947.98,1786.74,7,293,0.0214,0.0,0.232,0.252,0.0269,0.0662,0.3182,0.0833,Lapsed / Dormant
C02149,21-30,West,Classic,32,30,42937.27,1431.24,7,8,0.0446,0.129,0.0286,0.2515,0.1408,0.2845,0.0,0.1211,Low-Engagement Occasional
C02150,31-40,East,Platinum,63,93,739184.63,7948.22,8,3,0.1781,0.0937,0.0385,0.0491,0.0278,0.2107,0.3601,0.0421,Premium Travel & Dining Elite
C02151,21-30,East,Gold,12,124,238979.87,1927.26,8,7,0.0733,0.1987,0.0239,0.1079,0.0573,0.3266,0.1478,0.0645,Digital Shoppers (New)
C02152,51+,West,Platinum,45,110,1054752.62,9588.66,8,0,0.1249,0.0299,0.0174,0.0863,0.0293,0.1703,0.5137,0.028,Premium Travel & Dining Elite
C02153,41-50,West,Gold,33,25,38684.0,1547.36,7,48,0.0,0.1481,0.1992,0.086,0.0635,0.1612,0.2076,0.1345,Low-Engagement Occasional
C02154,31-40,East,Gold,32,38,64623.92,1700.63,8,11,0.0529,0.029,0.047,0.2165,0.1588,0.1261,0.1964,0.1733,Low-Engagement Occasional
C02155,41-50,West,Gold,5,149,307720.68,2065.24,8,2,0.0883,0.1619,0.043,0.0639,0.0502,0.2628,0.2515,0.0783,Digital Shoppers (New)
C02156,21-30,West,Classic,16,20,26726.2,1336.31,7,39,0.0938,0.1785,0.0417,0.0861,0.1274,0.0663,0.0,0.4061,Low-Engagement Occasional
C02157,41-50,West,Platinum,57,119,931828.22,7830.49,8,1,0.1953,0.0828,0.0072,0.0937,0.0377,0.1956,0.3617,0.026,Premium Travel & Dining Elite
C02158,41-50,West,Classic,48,191,218143.88,1142.11,8,1,0.0812,0.062,0.1497,0.3522,0.0377,0.1107,0.0849,0.1217,Everyday Essentials Loyalists
C02159,21-30,North,Platinum,46,159,188163.31,1183.42,8,4,0.0893,0.0774,0.159,0.2916,0.0393,0.0711,0.0805,0.1919,Everyday Essentials Loyalists
C02160,51+,North,Classic,51,102,878628.54,8614.01,8,0,0.2164,0.059,0.0098,0.0739,0.0374,0.1322,0.4415,0.0298,Premium Travel & Dining Elite
C02161,21-30,East,Classic,15,137,240665.26,1756.68,8,3,0.1248,0.2562,0.0184,0.0642,0.0476,0.3805,0.0453,0.0629,Digital Shoppers (New)
C02162,41-50,South,Classic,50,174,186938.57,1074.36,8,1,0.0853,0.0499,0.1632,0.3599,0.0058,0.0737,0.096,0.1662,Everyday Essentials Loyalists
C02163,21-30,East,Classic,30,170,184636.17,1086.1,8,0,0.0757,0.0715,0.1936,0.3732,0.0168,0.1111,0.0538,0.1043,Everyday Essentials Loyalists
C02164,41-50,West,Classic,42,185,215581.65,1165.31,8,0,0.0859,0.0452,0.1196,0.3611,0.0389,0.0991,0.0991,0.1513,Everyday Essentials Loyalists
C02165,21-30,West,Gold,61,43,51732.12,1203.07,8,167,0.0861,0.0872,0.119,0.363,0.0414,0.0946,0.1702,0.0386,Lapsed / Dormant
C02166,21-30,South,Gold,29,168,192123.65,1143.59,8,1,0.0814,0.0385,0.2097,0.2773,0.0393,0.12,0.0974,0.1364,Everyday Essentials Loyalists
C02167,31-40,West,Classic,59,34,62276.48,1831.66,8,230,0.0885,0.1444,0.0648,0.0621,0.1156,0.1206,0.285,0.119,Lapsed / Dormant
C02168,51+,North,Platinum,58,155,162945.91,1051.26,7,7,0.1012,0.0666,0.191,0.4083,0.0502,0.1107,0.0,0.072,Everyday Essentials Loyalists
C02169,31-40,South,Platinum,39,178,185984.63,1044.86,8,1,0.0759,0.0387,0.1696,0.3667,0.0526,0.1148,0.058,0.1236,Everyday Essentials Loyalists
C02170,41-50,North,Classic,10,132,263932.72,1999.49,8,0,0.0858,0.1837,0.012,0.0735,0.059,0.3139,0.2088,0.0633,Digital Shoppers (New)
C02171,31-40,South,Gold,52,176,210893.86,1198.26,8,1,0.1363,0.0396,0.2081,0.2721,0.0334,0.0867,0.0756,0.1483,Everyday Essentials Loyalists
C02172,41-50,South,Classic,40,165,192222.32,1164.98,8,0,0.0981,0.075,0.1551,0.3539,0.0404,0.0758,0.0854,0.1163,Everyday Essentials Loyalists
C02173,31-40,West,Gold,3,137,250604.28,1829.23,8,1,0.0843,0.2511,0.0422,0.0327,0.0799,0.2998,0.1026,0.1074,Digital Shoppers (New)
C02174,31-40,East,Gold,41,189,201877.94,1068.14,8,1,0.1182,0.057,0.2154,0.269,0.0456,0.1126,0.0492,0.133,Everyday Essentials Loyalists
C02175,51+,South,Gold,46,169,193666.58,1145.96,8,7,0.1275,0.061,0.2167,0.2415,0.04,0.1278,0.0751,0.1105,Everyday Essentials Loyalists
C02176,31-40,North,Classic,21,150,318757.7,2125.05,8,1,0.0648,0.2478,0.0367,0.0595,0.0519,0.289,0.1667,0.0836,Digital Shoppers (New)
C02177,31-40,North,Classic,33,168,183656.34,1093.19,8,0,0.0961,0.0406,0.1502,0.3078,0.039,0.0655,0.1232,0.1775,Everyday Essentials Loyalists
C02178,51+,West,Classic,27,27,45043.94,1668.29,8,35,0.0156,0.0379,0.0489,0.2358,0.161,0.2141,0.2167,0.07,Low-Engagement Occasional
C02179,31-40,West,Gold,51,166,181315.07,1092.26,8,1,0.1115,0.092,0.1593,0.3104,0.0692,0.0927,0.0175,0.1473,Everyday Essentials Loyalists
C02180,31-40,South,Gold,47,36,43631.2,1211.98,8,181,0.0914,0.0271,0.1751,0.2097,0.0693,0.1729,0.1108,0.1437,Lapsed / Dormant
C02181,31-40,North,Classic,14,30,39145.18,1304.84,8,18,0.0526,0.1759,0.0217,0.4117,0.1194,0.0816,0.0696,0.0675,Low-Engagement Occasional
C02182,41-50,South,Platinum,60,35,48133.28,1375.24,8,162,0.0611,0.0135,0.1028,0.233,0.0925,0.1937,0.2016,0.1017,Lapsed / Dormant
C02183,51+,East,Gold,27,27,33322.92,1234.18,7,22,0.0694,0.1553,0.1028,0.2649,0.2523,0.0408,0.0,0.1146,Low-Engagement Occasional
C02184,41-50,South,Classic,52,201,242303.24,1205.49,8,1,0.0829,0.08,0.1332,0.3182,0.0656,0.0735,0.1257,0.1208,Everyday Essentials Loyalists
C02185,41-50,North,Classic,3,154,324755.21,2108.8,8,2,0.1386,0.2046,0.0098,0.0713,0.0537,0.3009,0.1896,0.0315,Digital Shoppers (New)
C02186,31-40,South,Gold,40,183,213113.01,1164.55,8,0,0.0802,0.0746,0.2416,0.2449,0.0456,0.1091,0.1057,0.0982,Everyday Essentials Loyalists
C02187,21-30,North,Platinum,35,24,32990.73,1374.61,8,10,0.1111,0.1063,0.0698,0.2705,0.0388,0.2002,0.118,0.0854,Low-Engagement Occasional
C02188,21-30,South,Classic,13,143,294512.59,2059.53,8,4,0.0945,0.2204,0.0225,0.067,0.0477,0.3363,0.0912,0.1204,Digital Shoppers (New)
C02189,21-30,North,Classic,30,181,196875.25,1087.71,8,2,0.1008,0.0353,0.2262,0.3419,0.046,0.0996,0.0298,0.1204,Everyday Essentials Loyalists
C02190,21-30,East,Classic,24,43,66449.85,1545.35,8,147,0.0564,0.0483,0.1071,0.1302,0.0354,0.1242,0.3502,0.1482,Low-Engagement Occasional
C02191,41-50,South,Gold,75,94,862888.51,9179.67,8,4,0.1553,0.0328,0.0408,0.0312,0.0614,0.1293,0.4986,0.0506,Premium Travel & Dining Elite
C02192,21-30,North,Classic,16,156,293221.74,1879.63,8,2,0.0627,0.2524,0.0405,0.0896,0.0413,0.3985,0.1031,0.012,Digital Shoppers (New)
C02193,21-30,East,Classic,41,33,39853.07,1207.67,7,1,0.0758,0.0725,0.2103,0.1963,0.17,0.0294,0.0,0.2458,Low-Engagement Occasional
C02194,31-40,South,Gold,69,111,892776.42,8043.03,8,1,0.2094,0.0447,0.0358,0.0485,0.0365,0.1419,0.4396,0.0437,Premium Travel & Dining Elite
C02195,21-30,West,Classic,19,128,250467.17,1956.77,8,0,0.1281,0.1769,0.0159,0.0476,0.0437,0.4455,0.0675,0.0748,Digital Shoppers (New)
C02196,21-30,West,Gold,26,37,50476.53,1364.23,8,14,0.0157,0.161,0.1694,0.213,0.0768,0.2145,0.0565,0.0931,Low-Engagement Occasional
C02197,21-30,North,Gold,64,119,903340.54,7591.1,8,0,0.2019,0.0328,0.0254,0.0667,0.049,0.1385,0.4695,0.0162,Premium Travel & Dining Elite
C02198,31-40,West,Classic,28,131,256278.74,1956.33,8,1,0.0791,0.2501,0.1189,0.0651,0.0307,0.3421,0.0802,0.0339,Digital Shoppers (New)
C02199,31-40,West,Gold,42,178,204505.39,1148.91,8,0,0.0916,0.0439,0.1481,0.2904,0.0455,0.1482,0.0978,0.1345,Everyday Essentials Loyalists
C02200,41-50,East,Classic,49,24,38538.07,1605.75,8,13,0.0732,0.1265,0.1025,0.0997,0.0476,0.1609,0.0932,0.2964,Low-Engagement Occasional
C02201,51+,South,Gold,45,98,765630.46,7812.56,8,3,0.1536,0.0861,0.0125,0.0651,0.0233,0.1628,0.4765,0.0199,Premium Travel & Dining Elite
C02202,41-50,South,Gold,31,44,51993.97,1181.68,8,140,0.2659,0.0561,0.1694,0.0838,0.0436,0.0681,0.1561,0.157,Lapsed / Dormant
C02203,41-50,North,Classic,57,31,40923.81,1320.12,8,218,0.105,0.0535,0.0638,0.14,0.0398,0.1827,0.2272,0.1879,Lapsed / Dormant
C02204,51+,West,Platinum,33,176,188976.4,1073.73,8,1,0.087,0.0767,0.1822,0.2917,0.0261,0.1248,0.0381,0.1735,Everyday Essentials Loyalists
C02205,31-40,East,Classic,62,190,214618.79,1129.57,8,0,0.1058,0.0485,0.2256,0.2935,0.0214,0.0628,0.0546,0.1879,Everyday Essentials Loyalists
C02206,41-50,South,Classic,27,135,278979.77,2066.52,8,0,0.1271,0.1247,0.0219,0.0592,0.0961,0.3049,0.2136,0.0524,Digital Shoppers (New)
C02207,31-40,South,Classic,45,27,33604.14,1244.6,8,6,0.0152,0.1585,0.0527,0.2697,0.0636,0.144,0.1256,0.1708,Low-Engagement Occasional
C02208,31-40,North,Classic,22,115,233614.78,2031.43,8,2,0.0682,0.2407,0.0525,0.0912,0.0502,0.3154,0.0588,0.1232,Digital Shoppers (New)
C02209,31-40,North,Classic,32,176,180281.45,1024.33,8,0,0.0887,0.0746,0.2339,0.3089,0.0371,0.1026,0.0564,0.0977,Everyday Essentials Loyalists
C02210,21-30,East,Platinum,43,125,1024102.1,8192.82,8,1,0.2249,0.1054,0.0188,0.1325,0.0287,0.1495,0.3385,0.0018,Premium Travel & Dining Elite
C02211,41-50,South,Classic,62,21,32403.22,1543.01,8,243,0.178,0.1137,0.0417,0.169,0.1265,0.028,0.1215,0.2218,Lapsed / Dormant
C02212,21-30,West,Gold,3,146,272693.33,1867.76,8,0,0.1769,0.1624,0.0266,0.0606,0.0461,0.2851,0.1744,0.0679,Digital Shoppers (New)
C02213,41-50,East,Classic,63,20,19210.49,960.52,7,292,0.0,0.0699,0.1682,0.3522,0.0164,0.054,0.2052,0.1342,Lapsed / Dormant
C02214,51+,East,Classic,20,121,223724.86,1848.97,8,0,0.0931,0.2133,0.0223,0.0673,0.0093,0.4435,0.1258,0.0255,Digital Shoppers (New)
C02215,31-40,West,Classic,47,18,22585.18,1254.73,7,250,0.1111,0.2265,0.0869,0.1416,0.0,0.1306,0.1047,0.1987,Lapsed / Dormant
C02216,21-30,North,Platinum,64,110,904463.7,8222.4,8,2,0.1604,0.0583,0.036,0.0525,0.0361,0.1145,0.5121,0.0301,Premium Travel & Dining Elite
C02217,31-40,East,Platinum,64,102,880229.41,8629.7,8,0,0.153,0.0995,0.025,0.0227,0.0334,0.1652,0.4666,0.0347,Premium Travel & Dining Elite
C02218,31-40,West,Gold,45,49,64543.6,1317.22,8,139,0.104,0.117,0.0783,0.1984,0.0732,0.0752,0.1617,0.1921,Lapsed / Dormant
C02219,51+,North,Gold,62,24,26357.57,1098.23,7,239,0.1052,0.0243,0.0834,0.3156,0.0,0.1905,0.1535,0.1275,Lapsed / Dormant
C02220,41-50,North,Gold,55,181,196805.38,1087.32,8,1,0.0792,0.0615,0.2009,0.2648,0.0124,0.1476,0.0863,0.1473,Everyday Essentials Loyalists
C02221,41-50,North,Gold,43,164,175693.98,1071.3,8,4,0.0972,0.0562,0.1785,0.2306,0.0528,0.0854,0.0918,0.2076,Everyday Essentials Loyalists
C02222,31-40,North,Classic,8,134,276968.97,2066.93,8,0,0.1684,0.1998,0.0268,0.0665,0.0472,0.2962,0.1167,0.0784,Digital Shoppers (New)
C02223,41-50,South,Platinum,55,166,179313.73,1080.2,8,0,0.0984,0.0614,0.1826,0.2459,0.0334,0.061,0.1566,0.1608,Everyday Essentials Loyalists
C02224,41-50,North,Classic,21,155,193476.56,1248.24,8,2,0.1016,0.1078,0.1962,0.3036,0.0179,0.1112,0.0561,0.1056,Everyday Essentials Loyalists
C02225,21-30,East,Gold,52,28,31417.59,1122.06,8,224,0.0903,0.0751,0.0935,0.3567,0.1251,0.0748,0.0913,0.0933,Lapsed / Dormant
C02226,21-30,North,Classic,49,179,204598.01,1143.01,8,1,0.0627,0.0845,0.1441,0.3879,0.0518,0.1076,0.0117,0.1495,Everyday Essentials Loyalists
C02227,21-30,North,Classic,21,25,28719.61,1148.78,7,2,0.072,0.0697,0.0502,0.2779,0.0548,0.1876,0.0,0.2879,Low-Engagement Occasional
C02228,31-40,South,Classic,69,117,943037.35,8060.15,8,2,0.083,0.1145,0.0081,0.0574,0.0326,0.1543,0.5348,0.0153,Premium Travel & Dining Elite
C02229,51+,North,Gold,59,102,1040660.44,10202.55,8,0,0.122,0.0343,0.0247,0.0608,0.0106,0.1832,0.5471,0.0173,Premium Travel & Dining Elite
C02230,41-50,West,Classic,8,141,242587.37,1720.48,8,1,0.1282,0.221,0.0139,0.073,0.0961,0.2427,0.1053,0.1199,Digital Shoppers (New)
C02231,31-40,South,Gold,51,163,189548.75,1162.88,8,3,0.0993,0.0491,0.274,0.2649,0.0521,0.0655,0.07,0.1251,Everyday Essentials Loyalists
C02232,51+,North,Classic,3,143,274455.67,1919.27,8,1,0.1076,0.2229,0.0237,0.0526,0.052,0.4352,0.0586,0.0475,Digital Shoppers (New)
C02233,21-30,North,Platinum,68,116,983564.63,8479.01,8,2,0.1363,0.0714,0.0047,0.059,0.0173,0.1053,0.5517,0.0542,Premium Travel & Dining Elite
C02234,21-30,South,Classic,28,40,51816.5,1295.41,8,125,0.1816,0.0066,0.0121,0.3334,0.0688,0.1917,0.137,0.0687,Low-Engagement Occasional
C02235,51+,East,Classic,32,36,64717.4,1797.71,8,4,0.0136,0.069,0.0769,0.266,0.0685,0.1009,0.1812,0.2239,Low-Engagement Occasional
C02236,51+,West,Gold,48,38,44252.22,1164.53,7,256,0.0928,0.0401,0.2339,0.2213,0.0594,0.2553,0.0,0.0971,Lapsed / Dormant
C02237,41-50,South,Gold,54,108,862279.51,7984.07,8,2,0.1767,0.0448,0.0079,0.0693,0.0516,0.2168,0.3455,0.0873,Premium Travel & Dining Elite
C02238,21-30,East,Gold,45,164,174893.56,1066.42,8,0,0.071,0.0673,0.2546,0.3355,0.0206,0.0974,0.0587,0.0949,Everyday Essentials Loyalists
C02239,51+,South,Classic,41,156,179897.0,1153.19,8,11,0.1378,0.0642,0.2287,0.2292,0.036,0.137,0.0682,0.0989,Everyday Essentials Loyalists
C02240,41-50,West,Classic,24,128,244454.45,1909.8,8,1,0.0818,0.2714,0.0377,0.0885,0.1021,0.2751,0.0868,0.0566,Digital Shoppers (New)
C02241,41-50,East,Classic,47,174,209818.58,1205.85,8,1,0.1117,0.0809,0.2031,0.2674,0.0381,0.0929,0.1195,0.0864,Everyday Essentials Loyalists
C02242,21-30,North,Gold,64,116,1006421.46,8676.05,7,1,0.1262,0.1131,0.0,0.061,0.0308,0.1127,0.4966,0.0596,Premium Travel & Dining Elite
C02243,31-40,West,Gold,44,162,178834.37,1103.92,8,2,0.0934,0.0204,0.1528,0.358,0.0075,0.1244,0.1015,0.142,Everyday Essentials Loyalists
C02244,41-50,West,Classic,37,168,196529.93,1169.82,8,2,0.0718,0.0428,0.2062,0.3243,0.0254,0.097,0.1096,0.123,Everyday Essentials Loyalists
C02245,51+,South,Classic,38,160,179818.58,1123.87,8,1,0.1153,0.0305,0.2258,0.2829,0.0113,0.1233,0.0629,0.1481,Everyday Essentials Loyalists
C02246,31-40,West,Gold,44,160,178912.11,1118.2,8,0,0.0963,0.1044,0.2258,0.3032,0.0202,0.0759,0.047,0.1272,Everyday Essentials Loyalists
C02247,31-40,West,Gold,40,153,187140.11,1223.14,8,0,0.0838,0.042,0.2571,0.2331,0.0524,0.0734,0.0829,0.1753,Everyday Essentials Loyalists
C02248,41-50,North,Platinum,25,132,232560.71,1761.82,8,1,0.0905,0.2324,0.0373,0.0555,0.1501,0.3285,0.0546,0.0511,Digital Shoppers (New)
C02249,31-40,West,Classic,42,175,191400.54,1093.72,8,8,0.0658,0.0469,0.2084,0.3384,0.0214,0.094,0.1101,0.1152,Everyday Essentials Loyalists
C02250,31-40,East,Classic,45,192,191178.76,995.72,8,1,0.1163,0.0354,0.1921,0.3416,0.0305,0.1024,0.0402,0.1416,Everyday Essentials Loyalists
C02251,21-30,South,Gold,3,144,255520.21,1774.45,8,0,0.1486,0.155,0.0445,0.0633,0.0592,0.3388,0.1472,0.0432,Digital Shoppers (New)
C02252,21-30,South,Gold,39,36,49694.92,1380.41,8,11,0.0402,0.215,0.0531,0.2286,0.1295,0.0926,0.0903,0.1507,Low-Engagement Occasional
C02253,41-50,West,Classic,36,174,191708.69,1101.77,8,0,0.0618,0.0718,0.2094,0.2458,0.0544,0.1389,0.0329,0.185,Everyday Essentials Loyalists
C02254,21-30,East,Gold,3,146,308100.4,2110.28,8,3,0.0766,0.268,0.022,0.0607,0.0274,0.331,0.1516,0.0627,Digital Shoppers (New)
C02255,21-30,South,Gold,64,35,42898.51,1225.67,7,201,0.106,0.1296,0.1013,0.1639,0.0,0.2341,0.1757,0.0894,Lapsed / Dormant
C02256,51+,North,Classic,20,115,217278.97,1889.38,8,3,0.1587,0.2011,0.037,0.0529,0.0852,0.3576,0.0696,0.038,Digital Shoppers (New)
C02257,41-50,South,Gold,57,36,43268.95,1201.92,8,184,0.0468,0.0145,0.0472,0.1626,0.0283,0.3588,0.1473,0.1944,Lapsed / Dormant
C02258,21-30,West,Classic,34,25,32236.89,1289.48,8,30,0.044,0.0581,0.057,0.0766,0.1585,0.0935,0.1633,0.349,Low-Engagement Occasional
C02259,31-40,West,Platinum,59,104,840663.27,8083.3,8,8,0.1203,0.071,0.0146,0.0357,0.0304,0.215,0.471,0.042,Premium Travel & Dining Elite
C02260,41-50,North,Classic,39,184,203313.32,1104.96,8,1,0.0857,0.0686,0.1643,0.3155,0.0302,0.1097,0.0779,0.1482,Everyday Essentials Loyalists
C02261,31-40,West,Gold,37,31,47870.89,1544.22,8,5,0.0725,0.1938,0.1466,0.1615,0.0271,0.093,0.1788,0.1266,Low-Engagement Occasional
C02262,31-40,West,Gold,59,22,35406.03,1609.37,8,222,0.0899,0.0704,0.1899,0.1393,0.2083,0.0204,0.239,0.0428,Lapsed / Dormant
C02263,31-40,South,Classic,13,124,235779.75,1901.45,8,1,0.0784,0.2277,0.0424,0.05,0.0703,0.3608,0.0966,0.0738,Digital Shoppers (New)
C02264,21-30,North,Gold,80,118,946233.39,8018.93,8,0,0.1422,0.0792,0.0049,0.0428,0.0389,0.213,0.4416,0.0374,Premium Travel & Dining Elite
C02265,41-50,East,Classic,12,123,239995.8,1951.19,8,2,0.0813,0.2429,0.0393,0.0661,0.059,0.3085,0.1695,0.0334,Digital Shoppers (New)
C02266,21-30,North,Platinum,46,91,817795.37,8986.76,8,0,0.1399,0.0276,0.0195,0.0736,0.0333,0.1533,0.5171,0.0357,Premium Travel & Dining Elite
C02267,31-40,South,Classic,12,30,39827.48,1327.58,8,0,0.0625,0.2241,0.1753,0.1862,0.1022,0.079,0.1027,0.068,Low-Engagement Occasional
C02268,21-30,East,Classic,3,112,221141.03,1974.47,8,1,0.1561,0.1791,0.015,0.0507,0.0923,0.2479,0.1567,0.1022,Digital Shoppers (New)
C02269,21-30,West,Platinum,25,26,37232.57,1432.02,8,0,0.0519,0.0928,0.0922,0.1159,0.1503,0.3332,0.1118,0.0519,Low-Engagement Occasional
C02270,21-30,South,Classic,45,49,65430.32,1335.31,8,138,0.2415,0.0829,0.0464,0.1335,0.0401,0.1082,0.0865,0.2607,Lapsed / Dormant
C02271,51+,West,Gold,20,122,207367.04,1699.73,8,0,0.1032,0.2495,0.0822,0.0441,0.0803,0.3472,0.0713,0.0222,Digital Shoppers (New)
C02272,21-30,West,Classic,13,138,250768.48,1817.16,8,0,0.156,0.1505,0.0461,0.0524,0.078,0.3933,0.0599,0.0638,Digital Shoppers (New)
C02273,31-40,North,Classic,38,33,47759.66,1447.26,6,2,0.0,0.058,0.0698,0.3273,0.1402,0.1367,0.0,0.268,Low-Engagement Occasional
C02274,21-30,North,Gold,30,32,39733.17,1241.66,7,0,0.0423,0.1022,0.0952,0.2312,0.186,0.1527,0.0,0.1904,Low-Engagement Occasional
C02275,41-50,West,Classic,48,30,39897.44,1329.91,8,251,0.1313,0.0296,0.0766,0.1701,0.0729,0.1708,0.1177,0.2309,Lapsed / Dormant
C02276,31-40,West,Platinum,54,115,1061179.51,9227.65,8,5,0.1584,0.0678,0.0084,0.0822,0.0229,0.1684,0.4588,0.033,Premium Travel & Dining Elite
C02277,51+,South,Classic,28,142,277702.43,1955.65,8,0,0.1599,0.2077,0.0373,0.0571,0.0317,0.2814,0.164,0.0608,Digital Shoppers (New)
C02278,41-50,East,Classic,26,157,190094.52,1210.79,8,0,0.0702,0.0485,0.1974,0.3407,0.0561,0.0915,0.0783,0.1174,Everyday Essentials Loyalists
C02279,31-40,East,Classic,51,20,26273.4,1313.67,8,281,0.0844,0.0699,0.0265,0.173,0.051,0.2007,0.2784,0.1161,Lapsed / Dormant
C02280,41-50,West,Gold,12,136,267227.0,1964.9,8,0,0.0769,0.1863,0.0338,0.0824,0.0402,0.4067,0.1465,0.0273,Digital Shoppers (New)
C02281,21-30,West,Gold,49,193,209919.83,1087.67,8,3,0.1017,0.0319,0.2607,0.2424,0.0391,0.0596,0.1097,0.1548,Everyday Essentials Loyalists
C02282,51+,North,Classic,41,169,198767.77,1176.14,8,1,0.0693,0.0617,0.1675,0.3222,0.0132,0.1103,0.1391,0.1167,Everyday Essentials Loyalists
C02283,51+,North,Classic,42,162,197423.94,1218.67,8,0,0.0545,0.0289,0.1836,0.3566,0.0419,0.1248,0.0863,0.1233,Everyday Essentials Loyalists
C02284,31-40,North,Classic,27,26,34280.86,1318.49,8,1,0.0147,0.0668,0.3685,0.0965,0.0103,0.0829,0.0457,0.3147,Low-Engagement Occasional
C02285,41-50,West,Gold,55,180,219109.27,1217.27,8,0,0.1184,0.0738,0.2403,0.2696,0.0173,0.0653,0.1341,0.0812,Everyday Essentials Loyalists
C02286,21-30,West,Gold,60,116,846437.15,7296.87,8,0,0.2428,0.1141,0.0284,0.0442,0.0474,0.1784,0.3212,0.0236,Premium Travel & Dining Elite
C02287,31-40,West,Classic,67,8,8524.3,1065.54,5,319,0.1039,0.5015,0.0648,0.2641,0.0,0.0,0.0,0.0657,Lapsed / Dormant
C02288,41-50,North,Classic,32,36,52222.84,1450.63,8,43,0.1464,0.0969,0.0264,0.1676,0.0465,0.1114,0.2362,0.1685,Low-Engagement Occasional
C02289,51+,East,Gold,42,167,191335.19,1145.72,8,1,0.0607,0.1011,0.1629,0.3203,0.0314,0.0474,0.1292,0.147,Everyday Essentials Loyalists
C02290,31-40,North,Classic,40,178,187467.01,1053.19,8,0,0.1155,0.0707,0.1909,0.262,0.0203,0.102,0.0779,0.1607,Everyday Essentials Loyalists
C02291,41-50,South,Gold,53,35,54549.44,1558.56,7,174,0.1028,0.0,0.1398,0.1899,0.0054,0.1817,0.158,0.2224,Lapsed / Dormant
C02292,41-50,North,Classic,24,35,49830.46,1423.73,8,1,0.1841,0.0518,0.0512,0.156,0.1108,0.0292,0.2074,0.2094,Low-Engagement Occasional
C02293,21-30,West,Classic,15,142,275490.47,1940.07,8,5,0.0794,0.1682,0.0538,0.0263,0.0638,0.259,0.2957,0.0538,Digital Shoppers (New)
C02294,41-50,North,Classic,42,160,177040.15,1106.5,7,2,0.067,0.1044,0.1978,0.3572,0.0268,0.0653,0.0,0.1814,Everyday Essentials Loyalists
C02295,41-50,East,Gold,45,156,160199.73,1026.92,8,3,0.1525,0.0515,0.2869,0.2865,0.0261,0.0775,0.0267,0.0922,Everyday Essentials Loyalists
C02296,41-50,West,Gold,63,119,1164607.39,9786.62,8,1,0.1248,0.0828,0.006,0.0405,0.009,0.1454,0.5708,0.0208,Premium Travel & Dining Elite
C02297,51+,East,Classic,34,22,33444.69,1520.21,7,0,0.0,0.1153,0.0986,0.0744,0.0682,0.1528,0.1361,0.3546,Low-Engagement Occasional
C02298,21-30,North,Platinum,60,113,890092.79,7876.93,8,6,0.1714,0.0905,0.0142,0.0679,0.0829,0.1247,0.404,0.0443,Premium Travel & Dining Elite
C02299,21-30,West,Platinum,75,101,921605.67,9124.81,8,0,0.1763,0.1461,0.0176,0.0443,0.0253,0.0836,0.491,0.0158,Premium Travel & Dining Elite
C02300,21-30,East,Gold,34,28,38152.36,1362.58,8,14,0.0131,0.0807,0.1586,0.1628,0.0968,0.0918,0.0176,0.3786,Low-Engagement Occasional
C02301,21-30,South,Classic,74,34,49015.41,1441.63,7,212,0.057,0.0467,0.2517,0.1194,0.0,0.1168,0.0819,0.3265,Lapsed / Dormant
C02302,31-40,East,Gold,30,32,38259.97,1195.62,8,4,0.1082,0.2482,0.0724,0.1168,0.0396,0.0434,0.152,0.2194,Low-Engagement Occasional
C02303,51+,West,Gold,23,159,302880.34,1904.91,8,3,0.1135,0.294,0.023,0.0274,0.0398,0.2893,0.1368,0.0762,Digital Shoppers (New)
C02304,31-40,South,Classic,6,134,255451.68,1906.36,8,0,0.0626,0.2435,0.031,0.0258,0.0423,0.3324,0.2054,0.0571,Digital Shoppers (New)
C02305,41-50,South,Classic,56,155,174306.82,1124.56,8,9,0.09,0.058,0.2029,0.341,0.055,0.081,0.069,0.1032,Everyday Essentials Loyalists
C02306,31-40,South,Classic,34,162,188058.48,1160.85,8,1,0.0574,0.0377,0.2451,0.337,0.0482,0.0961,0.069,0.1094,Everyday Essentials Loyalists
C02307,31-40,North,Classic,18,145,286778.19,1977.78,8,0,0.1232,0.2405,0.008,0.0409,0.0527,0.3476,0.1715,0.0157,Digital Shoppers (New)
C02308,41-50,West,Classic,39,163,167202.16,1025.78,8,3,0.0799,0.0497,0.1707,0.325,0.0759,0.0775,0.0647,0.1566,Everyday Essentials Loyalists
C02309,41-50,North,Classic,18,131,257037.59,1962.12,8,2,0.1242,0.2441,0.0152,0.0809,0.0926,0.2616,0.13,0.0514,Digital Shoppers (New)
C02310,31-40,South,Classic,45,49,61504.03,1255.18,8,161,0.1501,0.1965,0.1212,0.1832,0.0295,0.1202,0.0269,0.1724,Lapsed / Dormant
C02311,51+,South,Gold,40,32,47301.88,1478.18,8,222,0.0699,0.0515,0.0411,0.066,0.0128,0.1837,0.4838,0.0913,Lapsed / Dormant
C02312,31-40,North,Gold,57,106,1039053.39,9802.39,8,3,0.1026,0.0643,0.0435,0.0508,0.0663,0.1536,0.4911,0.0277,Premium Travel & Dining Elite
C02313,21-30,South,Classic,57,162,175036.15,1080.47,8,11,0.0443,0.0461,0.1774,0.3676,0.0504,0.1208,0.0671,0.1262,Everyday Essentials Loyalists
C02314,31-40,East,Classic,46,152,176118.33,1158.67,8,0,0.0776,0.0647,0.2509,0.2569,0.0313,0.0895,0.0876,0.1416,Everyday Essentials Loyalists
C02315,41-50,South,Gold,29,184,197796.56,1074.98,8,4,0.1154,0.0549,0.1845,0.351,0.021,0.1146,0.0199,0.1388,Everyday Essentials Loyalists
C02316,31-40,North,Gold,52,142,165663.48,1166.64,8,0,0.1065,0.062,0.1885,0.2919,0.0205,0.0519,0.1064,0.1723,Everyday Essentials Loyalists
C02317,41-50,West,Gold,33,150,161490.37,1076.6,8,4,0.0871,0.0675,0.1956,0.2514,0.047,0.0922,0.1352,0.1239,Everyday Essentials Loyalists
C02318,31-40,West,Gold,37,37,52457.16,1417.76,7,4,0.1013,0.1704,0.023,0.289,0.1184,0.0397,0.0,0.2581,Low-Engagement Occasional
C02319,31-40,South,Platinum,19,139,251678.59,1810.64,8,2,0.0905,0.2001,0.0639,0.0622,0.0616,0.3213,0.1554,0.0449,Digital Shoppers (New)
C02320,51+,South,Gold,54,26,33276.74,1279.87,7,220,0.0334,0.0773,0.051,0.1997,0.0,0.163,0.3582,0.1174,Lapsed / Dormant
C02321,31-40,North,Platinum,78,122,1030343.35,8445.44,8,4,0.1339,0.0424,0.0249,0.0635,0.0658,0.2426,0.4032,0.0238,Premium Travel & Dining Elite
C02322,31-40,North,Gold,51,113,1061078.02,9390.07,8,2,0.145,0.0686,0.0125,0.1054,0.0448,0.0829,0.5097,0.0311,Premium Travel & Dining Elite
C02323,21-30,South,Classic,48,179,193100.5,1078.77,8,3,0.0881,0.0421,0.2211,0.2858,0.0493,0.0938,0.1081,0.1116,Everyday Essentials Loyalists
C02324,31-40,West,Gold,72,104,826220.72,7944.43,8,6,0.1391,0.0592,0.0175,0.1034,0.0339,0.1884,0.4328,0.0258,Premium Travel & Dining Elite
C02325,31-40,West,Gold,35,177,198691.52,1122.55,8,0,0.0608,0.0942,0.2251,0.3049,0.0426,0.0864,0.0827,0.1032,Everyday Essentials Loyalists
C02326,21-30,South,Gold,40,37,46138.67,1246.99,8,214,0.0685,0.048,0.0789,0.289,0.0585,0.1535,0.092,0.2115,Lapsed / Dormant
C02327,31-40,West,Gold,39,147,154905.24,1053.78,8,1,0.1121,0.0571,0.1397,0.3324,0.0482,0.0588,0.0505,0.201,Everyday Essentials Loyalists
C02328,21-30,South,Classic,45,192,228942.45,1192.41,8,5,0.0833,0.0438,0.2225,0.3146,0.0379,0.0844,0.1,0.1135,Everyday Essentials Loyalists
C02329,21-30,North,Gold,3,135,292479.26,2166.51,8,4,0.1629,0.1766,0.0294,0.0161,0.0641,0.2659,0.2127,0.0723,Digital Shoppers (New)
C02330,31-40,South,Classic,19,118,204311.81,1731.46,8,3,0.1238,0.2301,0.0541,0.0496,0.0649,0.2924,0.13,0.0552,Digital Shoppers (New)
C02331,31-40,North,Gold,3,140,262243.22,1873.17,8,0,0.0432,0.2625,0.0319,0.0483,0.0518,0.3729,0.1373,0.0521,Digital Shoppers (New)
C02332,41-50,West,Gold,54,164,172959.84,1054.63,8,0,0.1068,0.048,0.189,0.3856,0.0343,0.0399,0.0804,0.116,Everyday Essentials Loyalists
C02333,41-50,South,Platinum,35,31,41362.61,1334.28,6,35,0.0525,0.0,0.0364,0.2851,0.1209,0.1278,0.0,0.3773,Low-Engagement Occasional
C02334,31-40,East,Platinum,79,105,818763.36,7797.75,8,2,0.155,0.144,0.0229,0.0477,0.0343,0.1093,0.4546,0.0324,Premium Travel & Dining Elite
C02335,21-30,South,Gold,48,161,181314.11,1126.17,8,0,0.0755,0.0621,0.2523,0.2772,0.0155,0.1078,0.0628,0.1468,Everyday Essentials Loyalists
C02336,31-40,West,Classic,26,29,37427.73,1290.61,7,7,0.2127,0.0093,0.025,0.1437,0.102,0.219,0.0,0.2884,Low-Engagement Occasional
C02337,21-30,East,Platinum,40,28,39595.48,1414.12,8,253,0.163,0.0799,0.1164,0.0178,0.0093,0.3137,0.0442,0.2557,Lapsed / Dormant
C02338,31-40,South,Gold,44,178,218018.45,1224.82,8,0,0.053,0.047,0.1009,0.3264,0.05,0.0412,0.1848,0.1968,Everyday Essentials Loyalists
C02339,41-50,North,Platinum,13,123,243386.02,1978.75,8,6,0.1032,0.1884,0.0151,0.0442,0.0809,0.3547,0.1307,0.0828,Digital Shoppers (New)
C02340,41-50,West,Classic,71,89,784510.99,8814.73,8,1,0.1587,0.0873,0.0075,0.047,0.0526,0.1265,0.4925,0.0279,Premium Travel & Dining Elite
C02341,31-40,South,Classic,32,176,197577.54,1122.6,8,0,0.0955,0.0426,0.1575,0.3584,0.0185,0.0795,0.0972,0.1508,Everyday Essentials Loyalists
C02342,51+,North,Gold,80,110,791325.56,7193.87,8,8,0.2302,0.0791,0.0031,0.0378,0.0721,0.1711,0.3378,0.0688,Premium Travel & Dining Elite
C02343,21-30,West,Classic,42,40,50054.8,1251.37,7,5,0.0711,0.0119,0.1516,0.1665,0.1589,0.2926,0.0,0.1474,Low-Engagement Occasional
C02344,51+,North,Classic,39,161,207320.09,1287.7,8,4,0.1568,0.0371,0.2162,0.2754,0.029,0.0975,0.0883,0.0997,Everyday Essentials Loyalists
C02345,41-50,South,Gold,47,42,53572.21,1275.53,8,13,0.1794,0.0988,0.0773,0.1896,0.1113,0.2041,0.0506,0.0889,Low-Engagement Occasional
C02346,31-40,South,Gold,52,120,1123475.44,9362.3,8,0,0.1239,0.0848,0.0397,0.0372,0.0457,0.1338,0.5176,0.0174,Premium Travel & Dining Elite
C02347,21-30,South,Classic,50,25,35982.86,1439.31,8,224,0.0365,0.0292,0.0128,0.4191,0.0311,0.1943,0.0725,0.2044,Lapsed / Dormant
C02348,21-30,South,Platinum,17,19,30997.33,1631.44,7,30,0.2732,0.1375,0.0611,0.2279,0.0,0.2119,0.0463,0.0422,Low-Engagement Occasional
C02349,51+,North,Platinum,78,115,883312.24,7680.98,7,2,0.2465,0.0225,0.0,0.0636,0.0402,0.1099,0.4981,0.0193,Premium Travel & Dining Elite
C02350,21-30,North,Platinum,43,107,928634.56,8678.83,8,0,0.1523,0.0596,0.0179,0.0965,0.051,0.0816,0.5207,0.0203,Premium Travel & Dining Elite
C02351,51+,North,Platinum,45,103,895042.22,8689.73,8,0,0.2258,0.1157,0.0049,0.04,0.032,0.0857,0.4885,0.0075,Premium Travel & Dining Elite
C02352,31-40,North,Gold,23,25,30940.82,1237.63,7,15,0.1974,0.0154,0.099,0.0572,0.1163,0.0254,0.0,0.4893,Low-Engagement Occasional
C02353,31-40,West,Gold,55,164,198126.06,1208.09,8,1,0.0791,0.0535,0.242,0.2451,0.056,0.0425,0.1818,0.1001,Everyday Essentials Loyalists
C02354,41-50,East,Gold,23,141,266756.16,1891.89,8,0,0.1077,0.2662,0.05,0.0325,0.0249,0.3304,0.0832,0.1052,Digital Shoppers (New)
C02355,21-30,South,Classic,43,148,163303.66,1103.4,8,1,0.0711,0.1018,0.2384,0.1731,0.0527,0.0949,0.1329,0.1352,Everyday Essentials Loyalists
C02356,31-40,South,Classic,40,25,31822.23,1272.89,7,9,0.0194,0.0,0.018,0.4289,0.0601,0.1864,0.2224,0.0647,Low-Engagement Occasional
C02357,51+,West,Classic,12,123,216255.77,1758.18,8,2,0.1789,0.2811,0.0576,0.048,0.0283,0.2884,0.0881,0.0296,Digital Shoppers (New)
C02358,21-30,North,Classic,18,113,217353.76,1923.48,8,1,0.1057,0.2171,0.0381,0.0637,0.0938,0.2758,0.1697,0.0362,Digital Shoppers (New)
C02359,51+,North,Gold,64,44,55349.44,1257.94,8,154,0.0641,0.016,0.0542,0.2905,0.056,0.3524,0.1225,0.0442,Lapsed / Dormant
C02360,51+,East,Classic,39,159,151513.15,952.91,8,0,0.0651,0.0643,0.23,0.2974,0.0374,0.1839,0.0477,0.0742,Everyday Essentials Loyalists
C02361,21-30,South,Classic,22,39,50386.0,1291.95,8,33,0.0767,0.0663,0.1782,0.1829,0.085,0.1512,0.0958,0.1639,Low-Engagement Occasional
C02362,31-40,West,Platinum,64,114,857256.45,7519.79,8,0,0.1633,0.0764,0.0145,0.0297,0.0398,0.2515,0.3912,0.0336,Premium Travel & Dining Elite
C02363,21-30,West,Classic,21,116,199334.78,1718.4,8,0,0.1289,0.1966,0.0184,0.0904,0.0516,0.3624,0.1221,0.0296,Digital Shoppers (New)
C02364,41-50,West,Classic,49,41,48433.4,1181.3,8,179,0.1799,0.0511,0.1227,0.0999,0.0764,0.2317,0.0491,0.1892,Lapsed / Dormant
C02365,51+,North,Classic,40,41,63180.73,1540.99,8,6,0.14,0.0705,0.0509,0.2339,0.0158,0.1741,0.1149,0.1999,Low-Engagement Occasional
C02366,51+,North,Gold,27,30,39469.63,1315.65,7,27,0.0,0.0592,0.085,0.1492,0.2135,0.1354,0.1356,0.2221,Low-Engagement Occasional
C02367,51+,North,Gold,43,153,179866.43,1175.6,8,5,0.1128,0.0327,0.2232,0.3342,0.0571,0.0595,0.0694,0.111,Everyday Essentials Loyalists
C02368,21-30,West,Classic,45,162,185314.51,1143.92,8,0,0.1677,0.0781,0.1593,0.2415,0.0472,0.1291,0.0455,0.1315,Everyday Essentials Loyalists
C02369,31-40,West,Classic,44,173,185251.2,1070.82,8,3,0.1186,0.074,0.2047,0.3151,0.0179,0.0599,0.0682,0.1417,Everyday Essentials Loyalists
C02370,21-30,West,Classic,30,131,233301.25,1780.93,8,0,0.1149,0.1972,0.0312,0.0126,0.0791,0.4192,0.0991,0.0468,Digital Shoppers (New)
C02371,51+,North,Classic,17,136,258321.22,1899.42,8,1,0.0936,0.2284,0.0013,0.1027,0.0307,0.3072,0.1975,0.0387,Digital Shoppers (New)
C02372,21-30,West,Platinum,38,189,215115.73,1138.18,8,1,0.0825,0.0306,0.2122,0.2565,0.0665,0.094,0.0939,0.1638,Everyday Essentials Loyalists
C02373,21-30,South,Classic,47,185,216531.28,1170.44,8,1,0.0924,0.049,0.1859,0.2853,0.0221,0.0898,0.1288,0.1468,Everyday Essentials Loyalists
C02374,21-30,West,Classic,52,158,204243.66,1292.68,8,5,0.1028,0.0649,0.2088,0.2164,0.0606,0.0595,0.1615,0.1255,Everyday Essentials Loyalists
C02375,21-30,South,Classic,49,161,184605.54,1146.62,8,0,0.1039,0.0516,0.1419,0.2624,0.0204,0.0964,0.115,0.2085,Everyday Essentials Loyalists
C02376,21-30,North,Classic,49,165,175857.47,1065.8,8,1,0.1292,0.0343,0.2157,0.3016,0.034,0.0929,0.0654,0.1268,Everyday Essentials Loyalists
C02377,21-30,North,Gold,33,14,25065.14,1790.37,5,268,0.0,0.0,0.0283,0.4761,0.0129,0.0,0.33,0.1526,Lapsed / Dormant
C02378,51+,West,Classic,3,126,247457.27,1963.95,8,5,0.1388,0.1925,0.0025,0.0645,0.0674,0.3326,0.0876,0.1139,Digital Shoppers (New)
C02379,41-50,South,Gold,72,104,935740.95,8997.51,8,11,0.2046,0.0446,0.0266,0.0185,0.0046,0.1295,0.5385,0.0331,Premium Travel & Dining Elite
C02380,31-40,South,Gold,34,25,37930.69,1517.23,8,24,0.0663,0.0427,0.109,0.2085,0.1363,0.2345,0.1666,0.0361,Low-Engagement Occasional
C02381,41-50,South,Classic,29,27,32004.98,1185.37,8,2,0.0422,0.1775,0.1193,0.1236,0.1618,0.1799,0.0732,0.1225,Low-Engagement Occasional
C02382,31-40,South,Gold,48,170,178430.98,1049.59,8,1,0.0941,0.0486,0.193,0.3251,0.0161,0.1036,0.0496,0.1698,Everyday Essentials Loyalists
C02383,41-50,West,Platinum,61,167,209372.07,1253.72,8,0,0.1033,0.0221,0.2357,0.2551,0.0208,0.064,0.1136,0.1854,Everyday Essentials Loyalists
C02384,31-40,North,Gold,74,106,983177.98,9275.26,8,9,0.1326,0.1036,0.0285,0.083,0.0213,0.1524,0.4519,0.0266,Premium Travel & Dining Elite
C02385,31-40,North,Platinum,69,121,1130760.14,9345.13,8,2,0.1556,0.0861,0.0107,0.0429,0.0569,0.1339,0.5021,0.0116,Premium Travel & Dining Elite
C02386,31-40,West,Classic,21,26,29765.35,1144.82,7,3,0.1119,0.2068,0.045,0.1122,0.1659,0.1878,0.0,0.1704,Low-Engagement Occasional
C02387,21-30,South,Classic,40,41,49962.74,1218.6,8,172,0.2587,0.0716,0.149,0.2309,0.0135,0.1461,0.0166,0.1136,Lapsed / Dormant
C02388,31-40,North,Gold,36,119,1000802.51,8410.11,8,9,0.2197,0.0566,0.0487,0.0815,0.0302,0.0834,0.4351,0.0447,Premium Travel & Dining Elite
C02389,41-50,North,Classic,36,29,46088.11,1589.25,8,55,0.0434,0.0678,0.0144,0.2633,0.0863,0.2123,0.1199,0.1927,Low-Engagement Occasional
C02390,41-50,North,Gold,71,106,780031.86,7358.79,8,4,0.1573,0.0689,0.0465,0.0463,0.0386,0.2276,0.3695,0.0453,Premium Travel & Dining Elite
C02391,31-40,North,Gold,25,137,262742.59,1917.83,8,6,0.0849,0.1727,0.0187,0.0255,0.0584,0.3543,0.2095,0.076,Digital Shoppers (New)
C02392,31-40,North,Classic,36,30,44038.25,1467.94,8,11,0.0383,0.1167,0.0263,0.1741,0.0767,0.1303,0.1931,0.2446,Low-Engagement Occasional
C02393,41-50,North,Gold,40,166,190766.75,1149.2,8,1,0.1118,0.0238,0.1709,0.2941,0.0441,0.095,0.1273,0.133,Everyday Essentials Loyalists
C02394,21-30,West,Gold,54,97,798675.62,8233.77,8,14,0.1752,0.0812,0.0387,0.0761,0.0548,0.1596,0.4023,0.0121,Premium Travel & Dining Elite
C02395,21-30,West,Classic,5,134,266774.9,1990.86,8,1,0.1065,0.1686,0.0173,0.0438,0.0382,0.3069,0.2226,0.096,Digital Shoppers (New)
C02396,31-40,West,Gold,46,56,66931.01,1195.2,7,130,0.2999,0.1042,0.0326,0.1941,0.0704,0.161,0.0,0.1378,Lapsed / Dormant
C02397,21-30,South,Classic,32,174,206842.0,1188.75,8,7,0.0688,0.0746,0.1386,0.4043,0.0268,0.1371,0.0315,0.1185,Everyday Essentials Loyalists
C02398,31-40,South,Classic,59,171,184953.0,1081.6,8,0,0.0925,0.0312,0.1883,0.3071,0.0415,0.1415,0.0456,0.1522,Everyday Essentials Loyalists
C02399,21-30,West,Platinum,46,113,902527.16,7986.97,8,4,0.1995,0.068,0.0111,0.0587,0.0214,0.1503,0.4735,0.0175,Premium Travel & Dining Elite
C02400,31-40,West,Gold,12,113,197820.62,1750.62,8,4,0.1545,0.1865,0.0416,0.052,0.0985,0.3187,0.1098,0.0384,Digital Shoppers (New)
C02401,41-50,South,Gold,3,127,236240.98,1860.17,8,0,0.1044,0.2193,0.0369,0.0788,0.0216,0.3725,0.1154,0.0511,Digital Shoppers (New)
C02402,41-50,North,Classic,32,33,41835.33,1267.74,8,6,0.0967,0.1033,0.0351,0.24,0.0812,0.1053,0.0519,0.2864,Low-Engagement Occasional
C02403,41-50,South,Classic,29,38,51696.78,1360.44,8,1,0.0155,0.1841,0.0362,0.1244,0.1387,0.16,0.1572,0.1839,Low-Engagement Occasional
C02404,31-40,South,Gold,44,38,48223.02,1269.03,8,190,0.1144,0.0852,0.0936,0.1902,0.0991,0.1542,0.1171,0.1461,Lapsed / Dormant
C02405,51+,South,Classic,20,37,50126.64,1354.77,8,2,0.0501,0.0883,0.1241,0.3344,0.0914,0.0657,0.0808,0.1652,Low-Engagement Occasional
C02406,41-50,North,Classic,42,190,226635.26,1192.82,8,2,0.0866,0.1244,0.1721,0.2839,0.0089,0.0637,0.0845,0.1759,Everyday Essentials Loyalists
C02407,31-40,West,Classic,8,124,238748.09,1925.39,8,0,0.0745,0.1634,0.0418,0.0785,0.0734,0.3275,0.1467,0.0942,Digital Shoppers (New)
C02408,21-30,East,Classic,40,186,206905.83,1112.4,8,1,0.071,0.0459,0.1782,0.3801,0.0389,0.0888,0.0856,0.1115,Everyday Essentials Loyalists
C02409,41-50,East,Platinum,61,180,179343.05,996.35,8,2,0.1141,0.0598,0.1786,0.3235,0.0317,0.0798,0.0588,0.1537,Everyday Essentials Loyalists
C02410,31-40,North,Gold,49,27,30460.44,1128.16,7,198,0.0824,0.0949,0.0594,0.2151,0.0,0.2539,0.1594,0.135,Lapsed / Dormant
C02411,41-50,West,Classic,35,25,26313.13,1052.53,7,4,0.2027,0.0577,0.061,0.184,0.0141,0.167,0.0,0.3134,Low-Engagement Occasional
C02412,41-50,West,Classic,43,36,60631.47,1684.21,8,238,0.0413,0.0492,0.0959,0.2552,0.0389,0.028,0.2882,0.2033,Lapsed / Dormant
C02413,51+,North,Classic,34,180,215526.28,1197.37,8,1,0.0778,0.0446,0.2445,0.2959,0.0299,0.1047,0.1027,0.0999,Everyday Essentials Loyalists
C02414,51+,East,Platinum,13,133,267915.37,2014.4,8,0,0.1166,0.2341,0.0031,0.0338,0.0904,0.3106,0.1587,0.0526,Digital Shoppers (New)
C02415,41-50,East,Classic,39,123,236999.61,1926.83,8,1,0.1081,0.1399,0.0276,0.1282,0.0221,0.3973,0.1134,0.0634,Digital Shoppers (New)
C02416,51+,West,Platinum,57,114,881891.54,7735.89,8,6,0.2279,0.0948,0.0347,0.0531,0.0459,0.1752,0.3447,0.0237,Premium Travel & Dining Elite
C02417,51+,North,Classic,45,186,212102.86,1140.34,8,0,0.0532,0.0669,0.1637,0.358,0.0167,0.0858,0.0783,0.1775,Everyday Essentials Loyalists
C02418,21-30,West,Gold,5,141,255047.82,1808.85,8,3,0.1116,0.2077,0.0216,0.0478,0.0419,0.3983,0.1264,0.0447,Digital Shoppers (New)
C02419,41-50,South,Gold,32,117,1025610.76,8765.9,8,7,0.1312,0.0821,0.034,0.0878,0.0328,0.0715,0.5362,0.0244,Premium Travel & Dining Elite
C02420,21-30,North,Classic,40,35,39886.8,1139.62,8,195,0.0929,0.1298,0.1513,0.213,0.0328,0.1083,0.1052,0.1666,Lapsed / Dormant
C02421,31-40,North,Platinum,83,116,998697.12,8609.46,8,0,0.1548,0.0726,0.0405,0.0396,0.0254,0.1846,0.4531,0.0294,Premium Travel & Dining Elite
C02422,31-40,North,Classic,47,167,202025.32,1209.73,8,0,0.0808,0.0475,0.1944,0.3217,0.0346,0.0919,0.0928,0.1363,Everyday Essentials Loyalists
C02423,31-40,North,Classic,46,36,51203.91,1422.33,8,4,0.0456,0.0051,0.1591,0.0988,0.0774,0.2345,0.1886,0.1909,Low-Engagement Occasional
C02424,21-30,South,Platinum,56,100,825497.71,8254.98,8,0,0.1959,0.065,0.0142,0.0492,0.0178,0.0905,0.5653,0.0022,Premium Travel & Dining Elite
C02425,21-30,West,Gold,24,20,37060.86,1853.04,8,252,0.0464,0.0249,0.0811,0.0732,0.0231,0.2054,0.4225,0.1233,Lapsed / Dormant
C02426,21-30,North,Classic,18,25,27791.33,1111.65,6,3,0.2139,0.0881,0.0,0.2827,0.1118,0.0977,0.0,0.2058,Low-Engagement Occasional
C02427,41-50,West,Platinum,63,104,995656.8,9573.62,8,2,0.0966,0.0692,0.0214,0.0952,0.0106,0.1481,0.5186,0.0404,Premium Travel & Dining Elite
C02428,51+,North,Platinum,32,21,32080.17,1527.63,7,1,0.073,0.094,0.0,0.3206,0.0926,0.0625,0.1565,0.2008,Low-Engagement Occasional
C02429,51+,East,Classic,13,141,265460.04,1882.7,8,1,0.126,0.2213,0.0322,0.0956,0.0258,0.3264,0.1114,0.0613,Digital Shoppers (New)
C02430,31-40,West,Classic,24,41,55876.73,1362.85,8,21,0.0183,0.0492,0.1277,0.1256,0.1955,0.1878,0.1293,0.1666,Low-Engagement Occasional
C02431,31-40,West,Classic,39,29,44770.4,1543.81,8,11,0.042,0.0439,0.1349,0.3303,0.0336,0.1304,0.1245,0.1604,Low-Engagement Occasional
C02432,51+,East,Classic,24,40,56202.44,1405.06,8,20,0.0297,0.0358,0.0996,0.0733,0.0988,0.2128,0.1891,0.2608,Low-Engagement Occasional
C02433,21-30,West,Classic,17,136,261083.42,1919.73,8,2,0.1291,0.2429,0.0335,0.0575,0.0704,0.3185,0.1141,0.0339,Digital Shoppers (New)
C02434,51+,North,Classic,43,189,234373.36,1240.07,8,0,0.0953,0.0423,0.1322,0.359,0.0467,0.1098,0.1181,0.0966,Everyday Essentials Loyalists
C02435,41-50,North,Platinum,26,31,37465.99,1208.58,8,23,0.0532,0.0353,0.1846,0.2946,0.0157,0.1905,0.0571,0.169,Low-Engagement Occasional
C02436,31-40,South,Gold,39,8,11762.43,1470.3,6,301,0.0621,0.0817,0.2507,0.1474,0.2326,0.0,0.0,0.2255,Lapsed / Dormant
C02437,21-30,North,Classic,9,155,300184.05,1936.67,8,0,0.1089,0.2433,0.0102,0.0706,0.0287,0.3807,0.0603,0.0973,Digital Shoppers (New)
C02438,21-30,South,Classic,48,40,57151.97,1428.8,8,28,0.0424,0.1249,0.0874,0.1628,0.1229,0.1946,0.1115,0.1534,Low-Engagement Occasional
C02439,31-40,North,Gold,53,168,198147.93,1179.45,8,0,0.117,0.0804,0.2086,0.28,0.0303,0.0735,0.0789,0.1314,Everyday Essentials Loyalists
C02440,31-40,West,Classic,40,39,53377.64,1368.66,8,5,0.065,0.1374,0.0924,0.1664,0.0795,0.1354,0.1185,0.2053,Low-Engagement Occasional
C02441,41-50,West,Classic,40,34,41482.51,1220.07,8,180,0.0912,0.0122,0.0505,0.1291,0.1177,0.0704,0.3488,0.1801,Lapsed / Dormant
C02442,41-50,West,Classic,27,163,176135.71,1080.59,8,0,0.0882,0.0463,0.2053,0.3085,0.0618,0.0709,0.0428,0.1761,Everyday Essentials Loyalists
C02443,31-40,West,Gold,52,158,171478.05,1085.3,8,0,0.1259,0.0557,0.2026,0.2769,0.0324,0.0776,0.0502,0.1785,Everyday Essentials Loyalists
C02444,21-30,North,Gold,23,151,324661.59,2150.08,8,3,0.132,0.2019,0.0187,0.0645,0.021,0.3277,0.2016,0.0325,Digital Shoppers (New)
C02445,31-40,North,Classic,15,132,257732.71,1952.52,8,2,0.072,0.2958,0.0438,0.0394,0.1362,0.3098,0.0608,0.0422,Digital Shoppers (New)
C02446,21-30,East,Platinum,10,136,244408.28,1797.12,8,1,0.0921,0.2032,0.048,0.0415,0.0616,0.3067,0.1527,0.0942,Digital Shoppers (New)
C02447,41-50,East,Platinum,45,116,986184.0,8501.59,8,2,0.1571,0.0595,0.0516,0.079,0.0375,0.0686,0.4961,0.0506,Premium Travel & Dining Elite
C02448,41-50,South,Gold,50,168,189352.93,1127.1,8,2,0.0842,0.0296,0.1687,0.3166,0.0495,0.0938,0.0969,0.1607,Everyday Essentials Loyalists
C02449,41-50,South,Classic,25,109,237537.53,2179.24,8,3,0.1288,0.2757,0.0103,0.0416,0.04,0.3195,0.152,0.0322,Digital Shoppers (New)
C02450,31-40,South,Gold,7,132,247953.45,1878.44,8,0,0.1639,0.1513,0.0315,0.084,0.0553,0.3808,0.0916,0.0416,Digital Shoppers (New)
C02451,31-40,North,Classic,6,141,296715.91,2104.37,8,0,0.1449,0.2018,0.0205,0.0607,0.0635,0.3988,0.0544,0.0554,Digital Shoppers (New)
C02452,41-50,South,Gold,42,33,54198.97,1642.39,8,2,0.0612,0.0684,0.1193,0.1725,0.1884,0.066,0.1511,0.1729,Low-Engagement Occasional
C02453,41-50,South,Gold,7,157,310761.07,1979.37,8,3,0.1545,0.187,0.0361,0.0458,0.0584,0.3636,0.1125,0.0422,Digital Shoppers (New)
C02454,41-50,East,Gold,47,34,46820.63,1377.08,8,3,0.1237,0.1574,0.0958,0.0537,0.1617,0.2513,0.0343,0.1221,Low-Engagement Occasional
C02455,31-40,West,Classic,12,127,244353.44,1924.04,8,2,0.1772,0.1513,0.0261,0.049,0.0416,0.3471,0.132,0.0757,Digital Shoppers (New)
C02456,51+,South,Classic,10,135,257660.56,1908.6,8,4,0.075,0.2269,0.012,0.1133,0.0352,0.348,0.127,0.0626,Digital Shoppers (New)
C02457,21-30,West,Gold,14,141,246106.45,1745.44,8,5,0.1618,0.1944,0.0688,0.0604,0.0361,0.3618,0.0739,0.0428,Digital Shoppers (New)
C02458,31-40,West,Gold,56,102,989315.11,9699.17,8,1,0.111,0.0649,0.0198,0.0524,0.0353,0.1808,0.4653,0.0705,Premium Travel & Dining Elite
C02459,41-50,North,Platinum,53,165,192233.6,1165.05,8,8,0.1494,0.0717,0.2167,0.1894,0.0401,0.075,0.1044,0.1532,Everyday Essentials Loyalists
C02460,21-30,East,Classic,22,149,276179.65,1853.55,8,1,0.0789,0.2191,0.0362,0.0458,0.0394,0.3853,0.1367,0.0586,Digital Shoppers (New)
C02461,41-50,South,Platinum,58,23,29800.91,1295.69,7,261,0.2093,0.0627,0.1266,0.0723,0.0,0.2667,0.1306,0.1317,Lapsed / Dormant
C02462,31-40,East,Classic,31,31,42114.64,1358.54,8,12,0.0443,0.0361,0.0449,0.2005,0.1331,0.1925,0.2467,0.1019,Low-Engagement Occasional
C02463,21-30,North,Classic,55,105,769088.35,7324.65,8,3,0.243,0.1411,0.0184,0.0781,0.0395,0.1096,0.3368,0.0334,Premium Travel & Dining Elite
C02464,21-30,West,Classic,13,123,252138.19,2049.9,8,0,0.1407,0.1883,0.0508,0.0417,0.0858,0.2875,0.1398,0.0654,Digital Shoppers (New)
C02465,41-50,West,Platinum,37,157,162311.09,1033.83,8,1,0.0643,0.087,0.2399,0.3577,0.0218,0.0688,0.0209,0.1396,Everyday Essentials Loyalists
C02466,41-50,North,Classic,44,32,49089.92,1534.06,8,6,0.0379,0.1586,0.1375,0.2052,0.0213,0.1309,0.0412,0.2674,Low-Engagement Occasional
C02467,31-40,North,Classic,40,31,33444.33,1078.85,7,2,0.1284,0.1585,0.0461,0.3116,0.0297,0.1239,0.0,0.2018,Low-Engagement Occasional
C02468,21-30,North,Classic,13,130,252036.44,1938.74,8,3,0.1201,0.195,0.0098,0.0814,0.0649,0.3523,0.1422,0.0344,Digital Shoppers (New)
C02469,21-30,West,Gold,4,116,225194.07,1941.33,8,10,0.1077,0.2601,0.016,0.0474,0.0946,0.2826,0.1416,0.0499,Digital Shoppers (New)
C02470,21-30,East,Classic,57,161,181615.96,1128.05,8,4,0.0622,0.0489,0.2272,0.2737,0.0158,0.1159,0.1633,0.0929,Everyday Essentials Loyalists
C02471,41-50,North,Platinum,15,135,236403.61,1751.14,8,0,0.0603,0.2705,0.0662,0.0899,0.0413,0.3269,0.0973,0.0476,Digital Shoppers (New)
C02472,21-30,West,Classic,46,32,40115.08,1253.6,7,209,0.1492,0.026,0.0374,0.1898,0.0,0.3153,0.2038,0.0787,Lapsed / Dormant
C02473,21-30,South,Platinum,45,44,64136.72,1457.65,8,1,0.0949,0.053,0.135,0.2957,0.0574,0.0864,0.1671,0.1106,Low-Engagement Occasional
C02474,21-30,South,Classic,8,112,192792.49,1721.36,8,9,0.1052,0.2548,0.0216,0.0552,0.078,0.3448,0.03,0.1105,Digital Shoppers (New)
C02475,31-40,South,Gold,38,183,195038.53,1065.78,8,0,0.0887,0.0365,0.1413,0.2995,0.0549,0.1519,0.0792,0.148,Everyday Essentials Loyalists
C02476,41-50,South,Platinum,57,111,1066142.2,9604.88,8,4,0.133,0.0852,0.0143,0.0592,0.0397,0.0993,0.5528,0.0165,Premium Travel & Dining Elite
C02477,41-50,South,Platinum,28,152,176295.83,1159.84,8,1,0.0672,0.0561,0.1668,0.2358,0.0452,0.1221,0.1412,0.1656,Everyday Essentials Loyalists
C02478,31-40,North,Classic,45,176,189996.17,1079.52,8,3,0.1027,0.0886,0.1964,0.3145,0.0393,0.1031,0.0477,0.1075,Everyday Essentials Loyalists
C02479,51+,South,Classic,34,190,219348.13,1154.46,8,1,0.104,0.0424,0.236,0.3041,0.0457,0.0716,0.0827,0.1135,Everyday Essentials Loyalists
C02480,31-40,West,Classic,42,40,47353.7,1183.84,8,191,0.2061,0.0925,0.0281,0.1901,0.0677,0.3116,0.0264,0.0774,Lapsed / Dormant
C02481,51+,South,Classic,6,129,247582.72,1919.25,8,5,0.1945,0.2138,0.0432,0.0569,0.0082,0.3125,0.0922,0.0788,Digital Shoppers (New)
C02482,41-50,West,Classic,36,170,185685.96,1092.27,8,1,0.0675,0.0308,0.2038,0.3729,0.0576,0.1144,0.0668,0.0861,Everyday Essentials Loyalists
C02483,21-30,East,Platinum,51,90,825767.12,9175.19,8,8,0.2122,0.0573,0.0384,0.0431,0.0211,0.1244,0.4739,0.0296,Premium Travel & Dining Elite
C02484,41-50,West,Classic,44,172,205375.29,1194.04,8,0,0.0814,0.0639,0.1926,0.2294,0.0331,0.0452,0.169,0.1853,Everyday Essentials Loyalists
C02485,31-40,North,Gold,28,25,35245.88,1409.84,7,19,0.0217,0.0648,0.0,0.2097,0.0488,0.2173,0.2975,0.1401,Low-Engagement Occasional
C02486,41-50,West,Classic,42,159,171782.94,1080.4,8,1,0.1058,0.0785,0.2421,0.2619,0.0509,0.0825,0.0722,0.1061,Everyday Essentials Loyalists
C02487,21-30,North,Gold,53,26,36065.58,1387.14,7,3,0.0915,0.0,0.0839,0.1212,0.1236,0.1635,0.1551,0.2613,Low-Engagement Occasional
C02488,31-40,North,Classic,28,23,23205.74,1008.95,6,8,0.1018,0.1537,0.1191,0.2673,0.0,0.1861,0.0,0.172,Low-Engagement Occasional
C02489,51+,North,Platinum,66,117,1012655.5,8655.18,8,3,0.203,0.0721,0.0101,0.078,0.017,0.202,0.3631,0.0547,Premium Travel & Dining Elite
C02490,21-30,North,Gold,21,152,291256.34,1916.16,8,0,0.0935,0.2743,0.0209,0.0535,0.0702,0.3537,0.0928,0.0412,Digital Shoppers (New)
C02491,21-30,West,Classic,47,44,57493.67,1306.67,8,136,0.0592,0.1028,0.0599,0.251,0.0867,0.1182,0.2313,0.0908,Lapsed / Dormant
C02492,31-40,West,Platinum,44,187,188471.95,1007.87,8,1,0.1035,0.0746,0.2123,0.3426,0.0347,0.0645,0.0561,0.1115,Everyday Essentials Loyalists
C02493,31-40,West,Platinum,60,114,1015371.16,8906.76,7,1,0.1305,0.0845,0.0,0.0421,0.0387,0.1446,0.5352,0.0244,Premium Travel & Dining Elite
C02494,41-50,North,Classic,50,30,36478.25,1215.94,7,211,0.0747,0.0,0.266,0.2485,0.0097,0.1773,0.1477,0.0761,Lapsed / Dormant
C02495,41-50,West,Classic,42,23,27326.64,1188.11,6,262,0.1479,0.0,0.2385,0.2601,0.0287,0.1446,0.1801,0.0,Lapsed / Dormant
C02496,51+,West,Classic,9,138,251709.28,1823.98,8,0,0.0966,0.3495,0.0468,0.027,0.0477,0.2862,0.1117,0.0345,Digital Shoppers (New)
C02497,31-40,South,Classic,14,150,293475.6,1956.5,8,0,0.0918,0.1619,0.0395,0.0484,0.0883,0.4105,0.109,0.0506,Digital Shoppers (New)
C02498,31-40,South,Gold,22,166,186522.29,1123.63,8,1,0.0922,0.041,0.237,0.2709,0.0159,0.0763,0.0663,0.2004,Everyday Essentials Loyalists
C02499,21-30,East,Platinum,44,26,44862.66,1725.49,8,0,0.0569,0.1141,0.3135,0.1593,0.0729,0.0539,0.1191,0.1104,Low-Engagement Occasional
C02500,21-30,North,Classic,35,154,302057.64,1961.41,8,6,0.0677,0.2672,0.016,0.1098,0.0312,0.3426,0.1013,0.0643,Digital Shoppers (New)
C02501,41-50,South,Gold,61,108,814942.97,7545.77,7,8,0.1707,0.0927,0.0,0.0918,0.0562,0.1117,0.4538,0.023,Premium Travel & Dining Elite
C02502,21-30,West,Platinum,36,38,44642.21,1174.8,8,3,0.0837,0.1126,0.1516,0.0988,0.0626,0.1855,0.0743,0.231,Low-Engagement Occasional
C02503,21-30,North,Gold,58,43,57643.9,1340.56,8,209,0.1051,0.0637,0.1118,0.1304,0.0973,0.1835,0.2001,0.1081,Lapsed / Dormant
C02504,51+,South,Platinum,16,20,30943.89,1547.19,8,7,0.0818,0.0261,0.0629,0.1515,0.0971,0.0575,0.3213,0.2018,Low-Engagement Occasional
C02505,31-40,South,Gold,51,192,225265.46,1173.26,8,3,0.0998,0.0472,0.2088,0.2664,0.0303,0.0945,0.0644,0.1887,Everyday Essentials Loyalists
C02506,21-30,West,Platinum,55,112,882842.97,7882.53,8,1,0.2488,0.057,0.0095,0.0399,0.0254,0.1267,0.4753,0.0174,Premium Travel & Dining Elite
C02507,41-50,West,Gold,70,35,38323.51,1094.96,7,197,0.2688,0.0359,0.0539,0.3556,0.0415,0.1507,0.0,0.0936,Lapsed / Dormant
C02508,31-40,West,Classic,46,17,21330.59,1254.74,7,250,0.0969,0.1443,0.1482,0.276,0.0922,0.092,0.0,0.1503,Lapsed / Dormant
C02509,51+,East,Gold,23,128,233509.33,1824.29,8,0,0.1213,0.2554,0.0457,0.0434,0.0618,0.3338,0.0787,0.0599,Digital Shoppers (New)
C02510,41-50,East,Gold,12,135,264273.12,1957.58,8,11,0.1363,0.1886,0.0215,0.0313,0.0243,0.4418,0.1129,0.0434,Digital Shoppers (New)
C02511,21-30,East,Classic,35,155,299789.27,1934.12,8,10,0.0954,0.1877,0.0543,0.0343,0.058,0.4274,0.1045,0.0383,Digital Shoppers (New)
C02512,21-30,South,Classic,36,168,192570.33,1146.25,8,1,0.0988,0.0143,0.1838,0.3006,0.0239,0.1353,0.1378,0.1055,Everyday Essentials Loyalists
C02513,31-40,North,Platinum,71,117,1017723.68,8698.49,8,1,0.156,0.0596,0.0259,0.0737,0.0283,0.1789,0.4637,0.0139,Premium Travel & Dining Elite
C02514,41-50,East,Platinum,66,107,815719.04,7623.54,8,0,0.1724,0.0554,0.0331,0.0792,0.0379,0.185,0.4301,0.0069,Premium Travel & Dining Elite
C02515,31-40,West,Classic,46,185,205638.45,1111.56,8,3,0.0864,0.0579,0.2192,0.3301,0.0379,0.0733,0.1193,0.0759,Everyday Essentials Loyalists
C02516,41-50,South,Gold,32,34,52492.26,1543.89,8,12,0.0324,0.1547,0.0614,0.1499,0.1208,0.0328,0.3535,0.0946,Low-Engagement Occasional
C02517,31-40,West,Gold,35,190,206641.1,1087.58,8,1,0.0829,0.0391,0.2093,0.2697,0.0503,0.1522,0.094,0.1024,Everyday Essentials Loyalists
C02518,31-40,East,Classic,16,161,169937.71,1055.51,8,0,0.1051,0.0497,0.1964,0.2816,0.0547,0.0733,0.0874,0.1518,Everyday Essentials Loyalists
C02519,21-30,South,Gold,24,139,246360.54,1772.38,8,2,0.139,0.2195,0.0522,0.0443,0.0204,0.3709,0.1035,0.0502,Digital Shoppers (New)
C02520,21-30,North,Classic,37,170,186597.99,1097.64,8,5,0.1031,0.0746,0.2348,0.2744,0.0465,0.0652,0.0437,0.1578,Everyday Essentials Loyalists
C02521,31-40,North,Classic,53,159,187382.46,1178.51,8,8,0.0737,0.0381,0.1609,0.318,0.0275,0.0892,0.1049,0.1876,Everyday Essentials Loyalists
C02522,31-40,South,Gold,17,146,320320.59,2193.98,8,1,0.0949,0.2515,0.0419,0.038,0.0388,0.3149,0.1439,0.0761,Digital Shoppers (New)
C02523,51+,South,Gold,54,174,201794.99,1159.74,8,4,0.0663,0.067,0.1867,0.338,0.0285,0.1068,0.0846,0.1219,Everyday Essentials Loyalists
C02524,21-30,North,Classic,22,130,276085.25,2123.73,8,3,0.0846,0.1959,0.0115,0.045,0.0286,0.3268,0.2395,0.0681,Digital Shoppers (New)
C02525,41-50,North,Classic,23,43,47782.4,1111.22,7,138,0.1358,0.0691,0.1261,0.2004,0.0,0.2361,0.0656,0.1668,Lapsed / Dormant
C02526,21-30,North,Classic,48,158,171385.98,1084.72,8,0,0.0778,0.0641,0.2124,0.3398,0.0293,0.0931,0.0369,0.1466,Everyday Essentials Loyalists
C02527,41-50,West,Classic,44,33,35793.98,1084.67,8,188,0.0187,0.0455,0.0944,0.3716,0.0631,0.2431,0.0314,0.1323,Lapsed / Dormant
C02528,21-30,West,Gold,59,43,65849.11,1531.37,8,141,0.1506,0.0628,0.0492,0.1581,0.0227,0.0856,0.3521,0.1188,Lapsed / Dormant
C02529,41-50,South,Gold,35,34,45753.33,1345.69,8,6,0.0605,0.1148,0.1356,0.1524,0.1192,0.1469,0.1318,0.1387,Low-Engagement Occasional
C02530,21-30,North,Gold,20,143,275706.88,1928.02,8,3,0.1524,0.2841,0.0162,0.0321,0.0994,0.3182,0.0576,0.04,Digital Shoppers (New)
C02531,21-30,North,Classic,11,130,238170.05,1832.08,8,2,0.1151,0.2654,0.0345,0.0573,0.058,0.2906,0.1051,0.0741,Digital Shoppers (New)
C02532,31-40,North,Gold,4,132,255747.6,1937.48,8,3,0.1025,0.313,0.0061,0.0512,0.043,0.2809,0.1619,0.0414,Digital Shoppers (New)
C02533,31-40,South,Classic,25,21,26101.79,1242.94,7,34,0.1535,0.1205,0.0655,0.1626,0.0,0.2093,0.148,0.1406,Low-Engagement Occasional
C02534,31-40,North,Platinum,42,120,933238.39,7776.99,8,4,0.1948,0.088,0.0264,0.0519,0.0162,0.1543,0.4361,0.0323,Premium Travel & Dining Elite
C02535,31-40,South,Classic,42,14,25589.29,1827.81,6,299,0.2375,0.0,0.0265,0.1848,0.0866,0.1266,0.3381,0.0,Lapsed / Dormant
C02536,51+,West,Classic,3,137,267295.82,1951.06,8,0,0.1519,0.275,0.0135,0.0569,0.0163,0.3059,0.1467,0.0337,Digital Shoppers (New)
C02537,31-40,South,Platinum,15,36,50476.66,1402.13,8,2,0.0428,0.1771,0.2745,0.18,0.016,0.1013,0.0868,0.1214,Low-Engagement Occasional
C02538,31-40,West,Gold,43,170,185278.45,1089.87,8,0,0.0589,0.1046,0.1775,0.3233,0.0334,0.1192,0.0545,0.1287,Everyday Essentials Loyalists
C02539,51+,North,Platinum,65,117,1027973.86,8786.1,8,14,0.1572,0.0672,0.0178,0.0271,0.0582,0.1225,0.535,0.015,Premium Travel & Dining Elite
C02540,41-50,North,Classic,13,139,237161.77,1706.2,8,1,0.1008,0.2357,0.0199,0.0725,0.0504,0.3175,0.1401,0.0632,Digital Shoppers (New)
C02541,31-40,West,Classic,9,149,309939.15,2080.13,8,0,0.0916,0.2252,0.0445,0.0379,0.0529,0.3837,0.117,0.0473,Digital Shoppers (New)
C02542,31-40,South,Classic,32,144,165039.39,1146.11,8,0,0.0663,0.0621,0.1951,0.3295,0.0368,0.1128,0.0451,0.1523,Everyday Essentials Loyalists
C02543,21-30,East,Classic,38,164,193445.96,1179.55,8,4,0.081,0.0445,0.1804,0.2581,0.0121,0.1098,0.1521,0.162,Everyday Essentials Loyalists
C02544,31-40,West,Gold,33,188,213641.14,1136.39,8,3,0.0993,0.0796,0.1906,0.3647,0.0258,0.0823,0.0679,0.0898,Everyday Essentials Loyalists
C02545,31-40,East,Platinum,13,127,232208.05,1828.41,8,0,0.1331,0.2565,0.0541,0.0482,0.023,0.376,0.0917,0.0175,Digital Shoppers (New)
C02546,41-50,South,Classic,26,156,179711.1,1151.99,8,2,0.0919,0.0766,0.2216,0.2641,0.0229,0.0684,0.175,0.0794,Everyday Essentials Loyalists
C02547,41-50,South,Classic,55,33,42042.6,1274.02,8,185,0.1218,0.0224,0.0315,0.2754,0.0271,0.1904,0.1323,0.1991,Lapsed / Dormant
C02548,21-30,North,Classic,36,188,226467.7,1204.62,8,0,0.0894,0.0701,0.2031,0.247,0.0166,0.1143,0.1045,0.1549,Everyday Essentials Loyalists
C02549,21-30,North,Gold,45,166,178314.4,1074.18,8,5,0.0956,0.0649,0.2297,0.2467,0.0234,0.1402,0.0452,0.1544,Everyday Essentials Loyalists
C02550,31-40,North,Classic,50,167,202841.41,1214.62,8,0,0.1372,0.0358,0.1777,0.308,0.0821,0.0729,0.024,0.1623,Everyday Essentials Loyalists
C02551,31-40,West,Gold,17,161,297784.94,1849.6,8,5,0.098,0.2438,0.0388,0.043,0.0778,0.3026,0.107,0.089,Digital Shoppers (New)
C02552,31-40,East,Gold,21,120,205187.11,1709.89,8,0,0.1491,0.2054,0.0416,0.091,0.0364,0.2817,0.1376,0.0572,Digital Shoppers (New)
C02553,41-50,North,Gold,3,139,288167.45,2073.15,8,5,0.1101,0.2006,0.0374,0.0268,0.0464,0.3837,0.1348,0.0602,Digital Shoppers (New)
C02554,31-40,North,Classic,43,52,74391.44,1430.6,8,156,0.1136,0.018,0.1526,0.1228,0.0733,0.2615,0.0986,0.1595,Lapsed / Dormant
C02555,51+,East,Gold,53,190,230020.08,1210.63,8,0,0.0755,0.0585,0.2076,0.2692,0.0422,0.0881,0.1479,0.111,Everyday Essentials Loyalists
C02556,31-40,West,Gold,35,28,34820.57,1243.59,8,0,0.1593,0.0947,0.1257,0.0945,0.1061,0.2135,0.0464,0.1597,Low-Engagement Occasional
C02557,21-30,North,Platinum,78,95,707479.7,7447.15,8,0,0.2053,0.0431,0.0141,0.0675,0.0166,0.1328,0.4889,0.0316,Premium Travel & Dining Elite
C02558,31-40,South,Gold,59,167,200870.47,1202.82,8,0,0.0845,0.0655,0.1873,0.2328,0.0477,0.1396,0.1086,0.1339,Everyday Essentials Loyalists
C02559,41-50,West,Classic,16,128,244528.37,1910.38,8,0,0.0776,0.2795,0.027,0.0729,0.0672,0.3471,0.1097,0.0191,Digital Shoppers (New)
C02560,31-40,West,Gold,57,120,1000353.03,8336.28,8,7,0.0806,0.0432,0.0183,0.0805,0.032,0.1341,0.5537,0.0577,Premium Travel & Dining Elite
C02561,31-40,West,Classic,4,131,247400.31,1888.55,8,2,0.0996,0.1805,0.064,0.0539,0.053,0.3305,0.1355,0.083,Digital Shoppers (New)
C02562,31-40,North,Gold,25,27,35193.15,1303.45,8,41,0.0323,0.3135,0.0096,0.1025,0.1181,0.0985,0.1556,0.1699,Low-Engagement Occasional
C02563,41-50,North,Classic,25,29,38771.53,1336.95,7,5,0.1907,0.0248,0.1457,0.1227,0.0,0.1436,0.1975,0.175,Low-Engagement Occasional
C02564,51+,South,Gold,8,160,296021.13,1850.13,8,2,0.1524,0.2253,0.0147,0.0166,0.0633,0.3939,0.0835,0.0503,Digital Shoppers (New)
C02565,31-40,North,Classic,4,146,292037.78,2000.26,8,4,0.1588,0.168,0.0269,0.0494,0.1098,0.3323,0.123,0.0318,Digital Shoppers (New)
C02566,21-30,West,Classic,46,167,176588.48,1057.42,8,0,0.0753,0.064,0.1668,0.3303,0.0317,0.1377,0.0641,0.1301,Everyday Essentials Loyalists
C02567,31-40,North,Platinum,76,113,969942.26,8583.56,8,1,0.1704,0.0893,0.0249,0.0226,0.1128,0.1502,0.3934,0.0364,Premium Travel & Dining Elite
C02568,31-40,East,Classic,69,112,1054662.57,9416.63,8,0,0.1101,0.0301,0.009,0.0162,0.0483,0.137,0.6338,0.0154,Premium Travel & Dining Elite
C02569,51+,West,Gold,10,157,302896.32,1929.28,8,8,0.1427,0.1974,0.044,0.0407,0.0135,0.3525,0.1464,0.0627,Digital Shoppers (New)
C02570,31-40,West,Classic,58,41,50963.24,1243.01,8,127,0.1785,0.0134,0.1067,0.1572,0.0741,0.1398,0.1529,0.1774,Lapsed / Dormant
C02571,41-50,East,Gold,63,106,966195.07,9115.05,8,3,0.1153,0.0635,0.0383,0.0464,0.0216,0.1985,0.4952,0.0213,Premium Travel & Dining Elite
C02572,51+,West,Classic,13,152,280360.99,1844.48,8,1,0.1604,0.2014,0.0322,0.0351,0.0339,0.3878,0.1138,0.0355,Digital Shoppers (New)
C02573,41-50,North,Classic,28,39,52678.42,1350.73,8,4,0.1745,0.1038,0.1042,0.2678,0.0207,0.077,0.0247,0.2273,Low-Engagement Occasional
C02574,21-30,South,Platinum,28,30,40791.19,1359.71,8,13,0.0532,0.0271,0.1385,0.1276,0.1758,0.093,0.1835,0.2012,Low-Engagement Occasional
C02575,41-50,North,Classic,20,129,267670.9,2074.97,8,0,0.1029,0.1924,0.0363,0.0418,0.078,0.3459,0.1346,0.0679,Digital Shoppers (New)
C02576,31-40,West,Classic,15,101,192798.37,1908.89,8,4,0.0464,0.2233,0.0633,0.0588,0.0177,0.4092,0.0944,0.087,Digital Shoppers (New)
C02577,31-40,West,Classic,22,36,49077.84,1363.27,8,2,0.0226,0.1257,0.0092,0.2242,0.1233,0.2012,0.065,0.2288,Low-Engagement Occasional
C02578,51+,North,Platinum,22,33,37802.93,1145.54,8,14,0.0672,0.0662,0.0682,0.1073,0.1289,0.2964,0.0256,0.2403,Low-Engagement Occasional
C02579,31-40,North,Platinum,63,108,859109.92,7954.72,8,4,0.1491,0.0608,0.0314,0.0649,0.065,0.1253,0.4934,0.0101,Premium Travel & Dining Elite
C02580,31-40,South,Classic,52,16,18026.53,1126.66,6,279,0.1164,0.1161,0.0,0.3341,0.1387,0.0,0.1658,0.129,Lapsed / Dormant
C02581,21-30,North,Platinum,56,113,941742.96,8334.01,8,1,0.1438,0.0541,0.0093,0.0592,0.0628,0.1455,0.5137,0.0115,Premium Travel & Dining Elite
C02582,21-30,West,Gold,18,31,46709.09,1506.74,8,1,0.0868,0.2052,0.0799,0.1542,0.0326,0.0494,0.2686,0.1232,Low-Engagement Occasional
C02583,41-50,North,Platinum,72,123,1085068.34,8821.69,8,0,0.2013,0.0456,0.0054,0.0504,0.0863,0.1203,0.4621,0.0286,Premium Travel & Dining Elite
C02584,41-50,West,Classic,52,160,175132.72,1094.58,8,1,0.0712,0.0756,0.1886,0.3446,0.0493,0.0822,0.0625,0.1261,Everyday Essentials Loyalists
C02585,41-50,East,Gold,40,123,1007341.66,8189.77,8,0,0.1805,0.0379,0.0375,0.0553,0.0283,0.152,0.4454,0.063,Premium Travel & Dining Elite
C02586,31-40,South,Classic,27,126,216751.0,1720.25,8,8,0.0731,0.1937,0.0349,0.0931,0.0504,0.3758,0.0823,0.0966,Digital Shoppers (New)
C02587,21-30,North,Classic,39,192,206659.88,1076.35,8,0,0.1029,0.045,0.1982,0.3383,0.0504,0.0861,0.0314,0.1477,Everyday Essentials Loyalists
C02588,31-40,West,Gold,43,174,197953.27,1137.66,8,2,0.0841,0.0314,0.2124,0.3304,0.0432,0.0603,0.0928,0.1454,Everyday Essentials Loyalists
C02589,31-40,East,Platinum,25,132,265619.58,2012.27,8,0,0.0715,0.2004,0.0216,0.0677,0.05,0.3605,0.1585,0.0698,Digital Shoppers (New)
C02590,41-50,South,Gold,58,171,179674.23,1050.73,8,1,0.0951,0.0395,0.1778,0.3255,0.0395,0.0816,0.1124,0.1287,Everyday Essentials Loyalists
C02591,41-50,South,Classic,40,31,47245.0,1524.03,7,5,0.0707,0.0939,0.1126,0.1962,0.0486,0.2059,0.0,0.272,Low-Engagement Occasional
C02592,51+,West,Classic,50,47,60348.87,1284.02,8,149,0.1212,0.0988,0.0536,0.1891,0.0189,0.1045,0.2522,0.1618,Lapsed / Dormant
C02593,41-50,West,Platinum,3,125,244321.06,1954.57,8,0,0.088,0.1706,0.0382,0.0804,0.0253,0.3677,0.1503,0.0795,Digital Shoppers (New)
C02594,31-40,West,Platinum,39,117,820728.16,7014.77,8,4,0.2013,0.098,0.0114,0.0886,0.0242,0.1721,0.3877,0.0167,Premium Travel & Dining Elite
C02595,41-50,East,Classic,50,187,209277.26,1119.13,8,0,0.0827,0.0428,0.2058,0.3526,0.0428,0.0493,0.0577,0.1661,Everyday Essentials Loyalists
C02596,41-50,West,Classic,61,23,24411.33,1061.36,8,235,0.0435,0.2143,0.09,0.1431,0.0239,0.154,0.2715,0.0598,Lapsed / Dormant
C02597,51+,North,Gold,51,125,1032565.73,8260.53,8,0,0.1472,0.0425,0.0203,0.0969,0.0241,0.1208,0.5268,0.0213,Premium Travel & Dining Elite
C02598,31-40,West,Classic,39,173,183161.46,1058.74,8,0,0.068,0.0702,0.2147,0.347,0.0699,0.0453,0.053,0.132,Everyday Essentials Loyalists
C02599,41-50,South,Gold,42,45,62484.72,1388.55,8,183,0.0983,0.123,0.0535,0.2967,0.0038,0.1465,0.1893,0.0889,Lapsed / Dormant
C02600,31-40,East,Classic,42,26,33177.7,1276.07,8,275,0.2098,0.0265,0.2229,0.1215,0.0196,0.1231,0.121,0.1556,Lapsed / Dormant
C02601,41-50,West,Gold,52,164,186979.53,1140.12,8,0,0.0821,0.1447,0.1807,0.2613,0.0355,0.058,0.0916,0.1461,Everyday Essentials Loyalists
C02602,51+,West,Classic,32,20,26092.32,1304.62,7,22,0.0218,0.0243,0.1671,0.2672,0.0833,0.0942,0.0,0.3422,Low-Engagement Occasional
C02603,51+,South,Gold,11,142,291724.68,2054.4,8,0,0.117,0.2734,0.0093,0.0544,0.0511,0.29,0.1453,0.0595,Digital Shoppers (New)
C02604,21-30,East,Classic,56,31,42782.23,1380.07,8,3,0.0884,0.1114,0.0938,0.1583,0.166,0.1403,0.1249,0.1169,Low-Engagement Occasional
C02605,21-30,West,Classic,45,124,1169789.64,9433.79,8,5,0.1264,0.0517,0.0331,0.0351,0.0437,0.1674,0.5128,0.0297,Premium Travel & Dining Elite
C02606,41-50,West,Classic,47,213,243504.4,1143.21,8,4,0.0691,0.0566,0.1516,0.2921,0.0514,0.1288,0.0987,0.1517,Everyday Essentials Loyalists
C02607,41-50,West,Gold,3,132,234688.81,1777.95,8,1,0.0802,0.2851,0.0121,0.0681,0.0553,0.3289,0.1057,0.0646,Digital Shoppers (New)
C02608,51+,North,Classic,40,173,193960.74,1121.16,8,0,0.0956,0.0595,0.1342,0.2886,0.0239,0.1108,0.1228,0.1645,Everyday Essentials Loyalists
C02609,31-40,South,Gold,31,33,48712.59,1476.14,8,3,0.1033,0.0909,0.0315,0.1677,0.0428,0.2617,0.1408,0.1612,Low-Engagement Occasional
C02610,41-50,West,Classic,50,178,211980.94,1190.9,8,2,0.0506,0.0648,0.1466,0.348,0.0436,0.0934,0.1039,0.1492,Everyday Essentials Loyalists
C02611,41-50,West,Gold,45,27,32564.66,1206.1,8,246,0.0354,0.1504,0.2405,0.1906,0.1084,0.0746,0.0448,0.1553,Lapsed / Dormant
C02612,21-30,West,Classic,26,33,45206.01,1369.88,8,11,0.1224,0.1246,0.0489,0.1922,0.1039,0.0921,0.0676,0.2482,Low-Engagement Occasional
C02613,21-30,East,Gold,11,131,268791.45,2051.84,8,1,0.1528,0.3349,0.0286,0.0607,0.0607,0.2751,0.0416,0.0455,Digital Shoppers (New)
C02614,41-50,South,Gold,19,32,38051.46,1189.11,8,0,0.0889,0.1373,0.1001,0.1574,0.084,0.1521,0.0649,0.2153,Low-Engagement Occasional
C02615,21-30,South,Classic,48,157,180256.16,1148.13,8,4,0.0917,0.0673,0.1984,0.2305,0.036,0.1181,0.1345,0.1236,Everyday Essentials Loyalists
C02616,41-50,West,Classic,16,123,242242.99,1969.46,8,0,0.1104,0.1636,0.0386,0.1074,0.0854,0.3605,0.1044,0.0297,Digital Shoppers (New)
C02617,31-40,North,Gold,46,158,169944.28,1075.6,8,0,0.0725,0.088,0.1927,0.334,0.008,0.0652,0.0359,0.2038,Everyday Essentials Loyalists
C02618,31-40,East,Platinum,47,23,26441.92,1149.65,8,245,0.0527,0.1607,0.0869,0.1641,0.1341,0.0511,0.2292,0.1211,Lapsed / Dormant
C02619,31-40,West,Platinum,28,38,42290.34,1112.9,6,4,0.0521,0.1928,0.1143,0.1127,0.0,0.1845,0.0,0.3436,Low-Engagement Occasional
C02620,51+,West,Gold,59,39,52801.01,1353.87,8,137,0.1877,0.0125,0.1119,0.0684,0.0792,0.0531,0.3141,0.1731,Lapsed / Dormant
C02621,41-50,South,Classic,58,44,56096.83,1274.93,8,151,0.0931,0.0263,0.0877,0.1527,0.0174,0.2517,0.1633,0.2078,Lapsed / Dormant
C02622,41-50,West,Classic,62,35,48600.45,1388.58,8,188,0.1005,0.0418,0.0385,0.3164,0.0554,0.1771,0.2108,0.0597,Lapsed / Dormant
C02623,41-50,North,Classic,45,156,178840.86,1146.42,8,3,0.1026,0.0637,0.1456,0.2982,0.0339,0.0795,0.1527,0.1239,Everyday Essentials Loyalists
C02624,31-40,North,Classic,61,15,20136.7,1342.45,7,295,0.086,0.0308,0.1089,0.1414,0.0272,0.4415,0.0,0.1642,Lapsed / Dormant
C02625,51+,South,Classic,9,148,280674.59,1896.45,8,1,0.0967,0.2652,0.0219,0.062,0.027,0.3774,0.0967,0.0531,Digital Shoppers (New)
C02626,31-40,North,Classic,39,187,216869.42,1159.73,8,0,0.1109,0.0808,0.1813,0.2447,0.0161,0.1234,0.0854,0.1574,Everyday Essentials Loyalists
C02627,31-40,West,Gold,25,144,265277.68,1842.21,8,1,0.1128,0.247,0.0155,0.0762,0.048,0.3925,0.0741,0.0338,Digital Shoppers (New)
C02628,31-40,West,Classic,50,161,161685.47,1004.26,8,0,0.1108,0.0312,0.2137,0.3562,0.0435,0.1261,0.0135,0.1051,Everyday Essentials Loyalists
C02629,31-40,North,Gold,39,191,199876.03,1046.47,8,1,0.0941,0.0716,0.1684,0.3525,0.0287,0.0823,0.0539,0.1485,Everyday Essentials Loyalists
C02630,41-50,West,Gold,31,164,178163.37,1086.36,8,5,0.0964,0.0361,0.2261,0.3319,0.0725,0.0415,0.0748,0.1209,Everyday Essentials Loyalists
C02631,31-40,South,Gold,57,104,887144.62,8530.24,8,3,0.1913,0.0537,0.0289,0.0729,0.0627,0.1092,0.4557,0.0257,Premium Travel & Dining Elite
C02632,41-50,West,Classic,7,128,241468.65,1886.47,8,0,0.1227,0.2614,0.0538,0.0232,0.0283,0.3317,0.1293,0.0496,Digital Shoppers (New)
C02633,51+,West,Gold,65,24,26501.26,1104.22,7,252,0.0,0.1493,0.0762,0.1892,0.0926,0.2006,0.0791,0.2129,Lapsed / Dormant
C02634,31-40,East,Gold,21,142,287835.31,2027.01,8,0,0.0881,0.1885,0.0375,0.0716,0.0622,0.3942,0.1288,0.0291,Digital Shoppers (New)
C02635,21-30,North,Gold,6,131,231446.35,1766.77,8,1,0.1665,0.2613,0.0216,0.0722,0.0567,0.3302,0.0805,0.0109,Digital Shoppers (New)
C02636,41-50,North,Classic,31,160,166486.22,1040.54,8,0,0.1391,0.0637,0.1695,0.3154,0.0251,0.1046,0.0737,0.1089,Everyday Essentials Loyalists
C02637,21-30,South,Gold,6,136,261705.78,1924.31,8,0,0.0873,0.2896,0.0555,0.0531,0.0305,0.252,0.1674,0.0646,Digital Shoppers (New)
C02638,41-50,West,Classic,36,190,245540.53,1292.32,8,5,0.0646,0.0551,0.2396,0.2859,0.0349,0.1207,0.1197,0.0796,Everyday Essentials Loyalists
C02639,31-40,East,Classic,28,18,26145.52,1452.53,8,27,0.1367,0.0796,0.0487,0.2259,0.1075,0.1258,0.1699,0.1059,Low-Engagement Occasional
C02640,31-40,South,Gold,53,189,218209.61,1154.55,8,0,0.0969,0.0546,0.2153,0.3127,0.069,0.0872,0.0486,0.1156,Everyday Essentials Loyalists
C02641,31-40,North,Classic,20,28,35530.75,1268.96,7,23,0.0184,0.1042,0.0,0.1258,0.1478,0.0416,0.2532,0.309,Low-Engagement Occasional
C02642,31-40,West,Classic,52,22,24091.85,1095.08,7,54,0.0988,0.0278,0.0569,0.2147,0.2113,0.242,0.0,0.1485,Low-Engagement Occasional
C02643,31-40,South,Classic,4,130,277951.05,2138.09,8,10,0.1253,0.1754,0.0218,0.0678,0.0665,0.3247,0.1162,0.1022,Digital Shoppers (New)
C02644,31-40,West,Classic,33,32,48406.29,1512.7,8,151,0.055,0.2567,0.0449,0.1643,0.0263,0.1292,0.2614,0.0621,Low-Engagement Occasional
C02645,31-40,East,Gold,58,137,152713.09,1114.69,8,1,0.0775,0.03,0.2301,0.2771,0.0473,0.1009,0.09,0.1471,Everyday Essentials Loyalists
C02646,51+,North,Classic,61,43,47767.65,1110.88,8,160,0.2473,0.0488,0.0504,0.2605,0.0404,0.1771,0.0571,0.1185,Lapsed / Dormant
C02647,21-30,North,Classic,28,25,40040.4,1601.62,7,27,0.0255,0.1001,0.0663,0.1806,0.0638,0.0,0.2381,0.3256,Low-Engagement Occasional
C02648,31-40,South,Classic,33,20,33055.24,1652.76,6,6,0.2109,0.0,0.0689,0.1155,0.1602,0.0996,0.0,0.3448,Low-Engagement Occasional
C02649,21-30,South,Classic,34,24,26261.74,1094.24,8,4,0.1486,0.1009,0.1321,0.3394,0.0496,0.1508,0.0471,0.0315,Low-Engagement Occasional
C02650,31-40,West,Classic,31,32,43809.9,1369.06,8,3,0.1594,0.1397,0.1343,0.1036,0.0333,0.1047,0.0996,0.2254,Low-Engagement Occasional
C02651,21-30,West,Gold,35,22,27920.88,1269.13,7,240,0.2822,0.1142,0.0948,0.156,0.1434,0.1768,0.0,0.0326,Lapsed / Dormant
C02652,41-50,North,Platinum,17,170,181016.43,1064.8,8,0,0.1159,0.0759,0.1693,0.2782,0.0375,0.1114,0.0947,0.1171,Everyday Essentials Loyalists
C02653,21-30,South,Gold,21,30,41629.42,1387.65,8,7,0.0679,0.3062,0.0269,0.0757,0.0546,0.1634,0.1108,0.1946,Low-Engagement Occasional
C02654,41-50,North,Platinum,48,22,28623.59,1301.07,8,14,0.0835,0.1427,0.0531,0.139,0.12,0.1523,0.1788,0.1305,Low-Engagement Occasional
C02655,31-40,North,Classic,32,146,285780.55,1957.4,8,0,0.0938,0.1805,0.0249,0.0394,0.0985,0.327,0.1842,0.0518,Digital Shoppers (New)
C02656,31-40,West,Gold,45,34,62810.78,1847.38,8,208,0.1633,0.0199,0.2044,0.2597,0.0542,0.0198,0.1955,0.0831,Lapsed / Dormant
C02657,21-30,West,Classic,32,158,175735.05,1112.25,8,2,0.0807,0.0403,0.2116,0.2717,0.0462,0.1532,0.0737,0.1227,Everyday Essentials Loyalists
C02658,41-50,West,Classic,16,129,264384.28,2049.49,8,7,0.1307,0.2961,0.0639,0.0483,0.0337,0.2264,0.1274,0.0736,Digital Shoppers (New)
C02659,51+,North,Platinum,64,117,1022206.88,8736.81,8,6,0.186,0.0322,0.0179,0.0649,0.007,0.1235,0.5379,0.0305,Premium Travel & Dining Elite
C02660,21-30,East,Classic,48,153,185300.43,1211.11,8,1,0.0914,0.0375,0.1203,0.3513,0.0361,0.1206,0.0914,0.1513,Everyday Essentials Loyalists
C02661,51+,South,Gold,4,31,43051.55,1388.76,8,11,0.0372,0.054,0.0605,0.2636,0.0441,0.129,0.2112,0.2006,Low-Engagement Occasional
C02662,31-40,West,Platinum,73,170,199891.23,1175.83,8,1,0.0534,0.0735,0.14,0.3218,0.0336,0.1336,0.1184,0.1256,Everyday Essentials Loyalists
C02663,31-40,East,Classic,53,157,173000.86,1101.92,8,0,0.0472,0.0789,0.1289,0.3747,0.0137,0.1093,0.1042,0.1432,Everyday Essentials Loyalists
C02664,41-50,West,Platinum,40,143,165625.25,1158.22,8,1,0.0801,0.036,0.2445,0.2553,0.0452,0.0565,0.0906,0.1918,Everyday Essentials Loyalists
C02665,21-30,North,Gold,6,140,301340.19,2152.43,8,2,0.1193,0.1845,0.0172,0.0595,0.0553,0.3179,0.1653,0.0811,Digital Shoppers (New)
C02666,31-40,South,Classic,39,32,43493.88,1359.18,8,2,0.0753,0.0862,0.0194,0.2379,0.0261,0.2965,0.0436,0.2152,Low-Engagement Occasional
C02667,21-30,West,Gold,52,39,41451.04,1062.85,7,161,0.0805,0.1445,0.0914,0.2103,0.1489,0.2579,0.0,0.0665,Lapsed / Dormant
C02668,41-50,South,Platinum,60,102,878457.45,8612.33,8,5,0.1914,0.0525,0.0078,0.0667,0.0339,0.169,0.4693,0.0094,Premium Travel & Dining Elite
C02669,31-40,East,Classic,18,163,310475.04,1904.75,8,0,0.1178,0.2147,0.0239,0.1057,0.0253,0.3409,0.1072,0.0646,Digital Shoppers (New)
C02670,51+,South,Classic,12,128,266566.68,2082.55,8,0,0.127,0.3091,0.032,0.0717,0.0339,0.204,0.1581,0.064,Digital Shoppers (New)
C02671,31-40,West,Classic,18,139,270500.22,1946.04,8,0,0.0821,0.293,0.0182,0.0454,0.0658,0.3294,0.1149,0.0512,Digital Shoppers (New)
C02672,51+,North,Classic,21,132,228052.88,1727.67,8,1,0.1528,0.2329,0.0794,0.0574,0.0444,0.3308,0.0559,0.0465,Digital Shoppers (New)
C02673,21-30,West,Gold,45,171,195642.1,1144.11,8,1,0.1252,0.03,0.1364,0.325,0.0319,0.1318,0.0438,0.1759,Everyday Essentials Loyalists
C02674,41-50,South,Classic,16,126,276129.83,2191.51,8,0,0.1156,0.2262,0.0641,0.0295,0.0127,0.2928,0.1724,0.0867,Digital Shoppers (New)
C02675,31-40,South,Gold,27,131,235981.05,1801.38,8,4,0.1249,0.2522,0.0109,0.0497,0.0531,0.3645,0.1191,0.0257,Digital Shoppers (New)
C02676,21-30,South,Platinum,3,124,254502.0,2052.44,8,2,0.1075,0.1751,0.0018,0.0843,0.0648,0.3708,0.1442,0.0515,Digital Shoppers (New)
C02677,21-30,North,Classic,6,133,243015.08,1827.18,8,2,0.1516,0.274,0.0432,0.0335,0.0737,0.3026,0.0901,0.0311,Digital Shoppers (New)
C02678,41-50,West,Classic,30,28,46332.23,1654.72,7,2,0.2427,0.0544,0.1124,0.1172,0.0,0.041,0.2,0.2325,Low-Engagement Occasional
C02679,21-30,West,Gold,22,44,64609.69,1468.4,8,0,0.1032,0.2188,0.0356,0.1204,0.1388,0.1872,0.1209,0.0751,Low-Engagement Occasional
C02680,31-40,West,Gold,38,177,198717.56,1122.7,8,8,0.1069,0.0526,0.1865,0.2333,0.0733,0.086,0.1345,0.1268,Everyday Essentials Loyalists
C02681,51+,West,Gold,42,30,30769.82,1025.66,6,2,0.0,0.1554,0.218,0.1558,0.1196,0.1599,0.0,0.1913,Low-Engagement Occasional
C02682,31-40,East,Classic,28,33,43397.35,1315.07,8,4,0.0794,0.051,0.0831,0.1366,0.17,0.2277,0.1198,0.1323,Low-Engagement Occasional
C02683,21-30,South,Gold,23,179,193976.87,1083.67,8,4,0.0605,0.0756,0.1874,0.3333,0.0287,0.0938,0.0624,0.1583,Everyday Essentials Loyalists
C02684,21-30,West,Classic,9,118,225364.41,1909.87,8,2,0.0646,0.2517,0.0037,0.0654,0.0415,0.3106,0.2025,0.06,Digital Shoppers (New)
C02685,21-30,North,Gold,42,175,188827.93,1079.02,8,0,0.1218,0.0431,0.1998,0.3123,0.0638,0.0822,0.0646,0.1124,Everyday Essentials Loyalists
C02686,31-40,West,Gold,30,23,26957.41,1172.06,8,44,0.0916,0.097,0.0224,0.254,0.1108,0.0736,0.0736,0.277,Low-Engagement Occasional
C02687,41-50,South,Classic,47,167,200877.33,1202.86,8,4,0.1004,0.068,0.207,0.2447,0.0167,0.0976,0.1329,0.1328,Everyday Essentials Loyalists
C02688,31-40,East,Classic,34,27,34633.32,1282.72,8,23,0.1014,0.1745,0.0327,0.0379,0.1869,0.2438,0.031,0.1916,Low-Engagement Occasional
C02689,21-30,South,Gold,40,193,228497.82,1183.93,8,3,0.1077,0.0541,0.1481,0.3035,0.0354,0.0945,0.0996,0.1572,Everyday Essentials Loyalists
C02690,41-50,South,Classic,3,148,264922.37,1790.02,8,1,0.1789,0.2482,0.0149,0.0854,0.0352,0.3061,0.0852,0.046,Digital Shoppers (New)
C02691,31-40,North,Classic,43,18,30884.05,1715.78,7,275,0.0862,0.0908,0.1726,0.2634,0.0859,0.1477,0.1534,0.0,Lapsed / Dormant
C02692,31-40,South,Classic,35,169,200449.87,1186.09,8,1,0.0554,0.0354,0.2097,0.3663,0.0239,0.1141,0.091,0.1041,Everyday Essentials Loyalists
C02693,51+,South,Classic,45,25,34265.39,1370.62,8,199,0.132,0.1345,0.0873,0.1396,0.0363,0.1988,0.1892,0.0823,Lapsed / Dormant
C02694,31-40,North,Classic,54,28,45671.27,1631.12,7,229,0.0495,0.0646,0.1634,0.3559,0.0109,0.2184,0.1373,0.0,Lapsed / Dormant
C02695,31-40,North,Classic,52,16,21685.05,1355.32,7,276,0.0662,0.1195,0.0,0.1562,0.1854,0.2725,0.0865,0.1136,Lapsed / Dormant
C02696,41-50,East,Classic,50,150,167330.24,1115.53,8,0,0.1009,0.0462,0.2116,0.34,0.0236,0.0959,0.0389,0.1428,Everyday Essentials Loyalists
C02697,41-50,South,Gold,26,30,46787.35,1559.58,8,13,0.1075,0.0871,0.1012,0.1994,0.0146,0.0993,0.1621,0.2289,Low-Engagement Occasional
C02698,41-50,West,Platinum,75,118,986540.08,8360.51,8,1,0.1692,0.0793,0.0086,0.0496,0.0387,0.1514,0.4717,0.0316,Premium Travel & Dining Elite
C02699,41-50,North,Classic,48,149,160122.25,1074.65,8,0,0.1057,0.0508,0.2066,0.3001,0.0799,0.1164,0.0499,0.0906,Everyday Essentials Loyalists
C02700,31-40,East,Classic,49,14,14925.72,1066.12,5,288,0.0743,0.0,0.2156,0.1833,0.0,0.4923,0.0,0.0345,Lapsed / Dormant
C02701,31-40,North,Gold,36,32,41008.01,1281.5,7,17,0.1212,0.1479,0.0465,0.1433,0.1136,0.1502,0.0,0.2774,Low-Engagement Occasional
C02702,41-50,South,Classic,7,127,219487.87,1728.25,8,0,0.1361,0.2185,0.0102,0.0531,0.0574,0.3427,0.1196,0.0623,Digital Shoppers (New)
C02703,41-50,East,Classic,20,182,203044.85,1115.63,8,0,0.1237,0.0535,0.2244,0.3009,0.0204,0.1298,0.0299,0.1174,Everyday Essentials Loyalists
C02704,41-50,East,Classic,23,30,33235.41,1107.85,8,22,0.073,0.0242,0.1428,0.2099,0.1205,0.1999,0.0587,0.1709,Low-Engagement Occasional
C02705,31-40,South,Gold,37,29,35987.86,1240.96,7,29,0.1698,0.1298,0.1842,0.0695,0.1878,0.1387,0.0,0.1202,Low-Engagement Occasional
C02706,41-50,South,Classic,14,145,275663.25,1901.13,8,0,0.0907,0.1882,0.0435,0.1023,0.0673,0.2967,0.1531,0.0582,Digital Shoppers (New)
C02707,21-30,North,Classic,46,50,62369.28,1247.39,8,133,0.1609,0.0434,0.054,0.2573,0.1266,0.0937,0.1392,0.1249,Lapsed / Dormant
C02708,21-30,South,Platinum,33,157,184342.85,1174.16,8,2,0.1379,0.0397,0.2259,0.3089,0.0422,0.1182,0.0452,0.082,Everyday Essentials Loyalists
C02709,31-40,South,Classic,22,159,178358.88,1121.75,8,0,0.0742,0.0742,0.3038,0.2466,0.0214,0.134,0.0431,0.1027,Everyday Essentials Loyalists
C02710,31-40,East,Platinum,28,122,283238.43,2321.63,8,0,0.1467,0.1553,0.019,0.0644,0.0586,0.3303,0.2004,0.0253,Digital Shoppers (New)
C02711,41-50,South,Classic,45,12,16374.4,1364.53,7,283,0.0438,0.1082,0.2349,0.1485,0.0385,0.1147,0.3114,0.0,Lapsed / Dormant
C02712,21-30,West,Classic,37,174,206435.24,1186.41,8,1,0.0693,0.0654,0.2013,0.3031,0.024,0.0545,0.1331,0.1491,Everyday Essentials Loyalists
C02713,41-50,South,Platinum,35,179,199728.0,1115.8,8,0,0.0572,0.0318,0.2058,0.3258,0.0231,0.1034,0.1001,0.1527,Everyday Essentials Loyalists
C02714,31-40,North,Platinum,72,103,791610.97,7685.54,8,4,0.2183,0.1075,0.0138,0.0276,0.0486,0.1055,0.4667,0.012,Premium Travel & Dining Elite
C02715,21-30,North,Classic,56,34,42864.07,1260.71,8,174,0.0789,0.0763,0.0948,0.1418,0.0475,0.2431,0.1822,0.1354,Lapsed / Dormant
C02716,31-40,North,Gold,32,169,200265.32,1185.0,8,0,0.1022,0.0659,0.1844,0.2597,0.0157,0.0597,0.1508,0.1616,Everyday Essentials Loyalists
C02717,31-40,South,Classic,25,149,299141.02,2007.66,8,2,0.1167,0.2409,0.0496,0.0226,0.0738,0.3743,0.0543,0.0678,Digital Shoppers (New)
C02718,41-50,West,Gold,46,39,46321.51,1187.73,8,158,0.0489,0.0462,0.2023,0.1519,0.0527,0.2127,0.1352,0.1502,Lapsed / Dormant
C02719,31-40,West,Platinum,53,115,970685.7,8440.75,8,7,0.1528,0.068,0.0081,0.0417,0.0556,0.1633,0.4894,0.021,Premium Travel & Dining Elite
C02720,21-30,South,Classic,11,138,267615.96,1939.25,8,5,0.1356,0.2051,0.0308,0.0495,0.0523,0.3167,0.1445,0.0656,Digital Shoppers (New)
C02721,31-40,North,Gold,6,136,284714.1,2093.49,8,0,0.1087,0.1943,0.051,0.0307,0.0236,0.3456,0.1811,0.065,Digital Shoppers (New)
C02722,21-30,West,Classic,16,31,39304.37,1267.88,8,56,0.0638,0.1607,0.1379,0.1423,0.1015,0.0896,0.0602,0.2439,Low-Engagement Occasional
C02723,21-30,North,Classic,49,180,199392.67,1107.74,8,1,0.089,0.0537,0.1792,0.2742,0.0891,0.1075,0.0546,0.1526,Everyday Essentials Loyalists
C02724,51+,South,Classic,39,179,198038.74,1106.36,8,0,0.0809,0.048,0.21,0.3077,0.0614,0.0999,0.1056,0.0865,Everyday Essentials Loyalists
C02725,21-30,West,Classic,48,140,155117.39,1107.98,8,3,0.0769,0.0533,0.2172,0.2494,0.0353,0.1448,0.0386,0.1845,Everyday Essentials Loyalists
C02726,21-30,South,Classic,32,43,52700.95,1225.6,8,1,0.1396,0.1236,0.0946,0.18,0.1076,0.128,0.1127,0.1139,Low-Engagement Occasional
C02727,51+,North,Classic,35,40,58736.17,1468.4,8,15,0.1357,0.1574,0.1777,0.1169,0.1039,0.0694,0.1227,0.1164,Low-Engagement Occasional
C02728,41-50,North,Gold,39,106,900367.07,8494.03,8,3,0.1876,0.0465,0.0066,0.0281,0.0199,0.2038,0.4696,0.0378,Premium Travel & Dining Elite
C02729,31-40,East,Classic,33,159,191261.59,1202.9,8,4,0.0791,0.0464,0.2015,0.2976,0.0219,0.0914,0.0603,0.2017,Everyday Essentials Loyalists
C02730,41-50,North,Classic,53,13,19278.49,1482.96,5,293,0.5077,0.0,0.1036,0.1552,0.0,0.0814,0.0,0.1522,Lapsed / Dormant
C02731,51+,East,Platinum,47,126,943145.61,7485.28,8,1,0.2297,0.0934,0.0333,0.0505,0.0596,0.1059,0.3914,0.0362,Premium Travel & Dining Elite
C02732,21-30,South,Classic,45,156,171624.64,1100.16,8,1,0.1189,0.0266,0.2361,0.3024,0.0285,0.104,0.0639,0.1196,Everyday Essentials Loyalists
C02733,21-30,South,Gold,3,133,258750.65,1945.49,8,1,0.0846,0.2239,0.0354,0.066,0.1238,0.3009,0.1214,0.044,Digital Shoppers (New)
C02734,51+,North,Gold,42,175,203066.17,1160.38,8,1,0.1326,0.0643,0.169,0.3375,0.034,0.0691,0.084,0.1095,Everyday Essentials Loyalists
C02735,41-50,West,Gold,58,190,203495.33,1071.03,8,0,0.1243,0.0661,0.1524,0.3024,0.0343,0.1093,0.0947,0.1165,Everyday Essentials Loyalists
C02736,51+,South,Gold,21,138,261014.05,1891.41,8,4,0.0981,0.2347,0.0358,0.0186,0.0821,0.3951,0.1044,0.0312,Digital Shoppers (New)
C02737,31-40,West,Gold,23,165,201818.93,1223.15,8,0,0.0832,0.0518,0.265,0.297,0.023,0.075,0.0842,0.1208,Everyday Essentials Loyalists
C02738,51+,South,Classic,22,136,250801.15,1844.13,8,0,0.1105,0.2538,0.0358,0.0537,0.0777,0.367,0.0528,0.0488,Digital Shoppers (New)
C02739,31-40,North,Classic,48,27,34988.26,1295.86,8,5,0.0528,0.0466,0.0327,0.1187,0.0921,0.2245,0.2366,0.196,Low-Engagement Occasional
C02740,41-50,South,Gold,41,130,256989.39,1976.84,8,1,0.062,0.2885,0.0206,0.0456,0.0351,0.3442,0.137,0.0671,Digital Shoppers (New)
C02741,51+,South,Classic,64,94,812409.92,8642.66,8,0,0.1202,0.0545,0.0208,0.032,0.0327,0.1388,0.5855,0.0154,Premium Travel & Dining Elite
C02742,21-30,South,Classic,16,25,51582.8,2063.31,8,12,0.0309,0.1926,0.036,0.076,0.0737,0.1627,0.1555,0.2727,Low-Engagement Occasional
C02743,21-30,West,Classic,46,193,219964.74,1139.71,8,5,0.0898,0.1041,0.1907,0.3416,0.0264,0.1096,0.0768,0.061,Everyday Essentials Loyalists
C02744,31-40,West,Platinum,45,35,49700.27,1420.01,8,20,0.0838,0.1495,0.0376,0.361,0.0548,0.1399,0.1077,0.0658,Low-Engagement Occasional
C02745,41-50,West,Gold,40,198,196907.44,994.48,8,4,0.0823,0.0588,0.2222,0.2807,0.0292,0.0811,0.0629,0.1827,Everyday Essentials Loyalists
C02746,21-30,East,Classic,40,24,38329.71,1597.07,7,10,0.1457,0.0752,0.1087,0.2021,0.0482,0.2411,0.0,0.179,Low-Engagement Occasional
C02747,51+,South,Classic,33,163,187244.87,1148.74,8,0,0.0826,0.0573,0.2084,0.3287,0.0253,0.0608,0.073,0.1638,Everyday Essentials Loyalists
C02748,31-40,East,Classic,45,174,216957.48,1246.88,8,0,0.0997,0.027,0.1104,0.4041,0.0217,0.084,0.1157,0.1372,Everyday Essentials Loyalists
C02749,31-40,North,Classic,3,124,212625.59,1714.72,8,0,0.1204,0.2792,0.0513,0.0552,0.0334,0.2494,0.1526,0.0585,Digital Shoppers (New)
C02750,31-40,West,Gold,50,96,803215.33,8366.83,8,7,0.179,0.0539,0.0096,0.0166,0.0212,0.1577,0.5553,0.0067,Premium Travel & Dining Elite
C02751,51+,West,Classic,41,178,199992.43,1123.55,8,3,0.1483,0.0257,0.1696,0.3107,0.0293,0.1218,0.0954,0.0992,Everyday Essentials Loyalists
C02752,21-30,North,Classic,26,30,37627.2,1254.24,7,1,0.0271,0.0,0.0702,0.2479,0.1306,0.156,0.0931,0.2751,Low-Engagement Occasional
C02753,31-40,West,Classic,16,38,48725.97,1282.26,7,12,0.0288,0.1583,0.0,0.1284,0.1049,0.1385,0.0334,0.4078,Low-Engagement Occasional
C02754,21-30,West,Gold,55,100,739723.61,7397.24,8,0,0.1696,0.1235,0.043,0.073,0.0596,0.1361,0.3721,0.0231,Premium Travel & Dining Elite
C02755,51+,South,Gold,51,37,45020.77,1216.78,8,221,0.0258,0.03,0.0687,0.3896,0.0613,0.0699,0.2149,0.1397,Lapsed / Dormant
C02756,41-50,West,Classic,29,28,38416.14,1372.0,8,13,0.1224,0.1499,0.1362,0.168,0.1196,0.0365,0.0768,0.1906,Low-Engagement Occasional
C02757,21-30,North,Gold,48,49,59069.04,1205.49,8,136,0.0662,0.103,0.0819,0.1758,0.062,0.2237,0.1118,0.1755,Lapsed / Dormant
C02758,31-40,North,Gold,37,34,45616.95,1341.67,8,17,0.2516,0.0864,0.0469,0.2282,0.0359,0.1129,0.0764,0.1617,Low-Engagement Occasional
C02759,31-40,South,Classic,26,34,54146.85,1592.55,8,2,0.2138,0.0994,0.0575,0.1576,0.0812,0.0404,0.2795,0.0705,Low-Engagement Occasional
C02760,31-40,East,Gold,27,138,302462.28,2191.76,8,2,0.0773,0.2501,0.033,0.0821,0.0378,0.3807,0.1064,0.0324,Digital Shoppers (New)
C02761,41-50,South,Classic,4,120,251704.51,2097.54,8,5,0.0788,0.2447,0.0165,0.0945,0.0312,0.395,0.0797,0.0595,Digital Shoppers (New)
C02762,31-40,West,Classic,67,44,58018.85,1318.61,8,208,0.0796,0.1979,0.0759,0.1723,0.1137,0.1828,0.1096,0.0682,Lapsed / Dormant
C02763,31-40,North,Platinum,71,125,1051909.11,8415.27,8,0,0.147,0.0756,0.0069,0.061,0.0555,0.2096,0.4239,0.0206,Premium Travel & Dining Elite
C02764,41-50,North,Gold,38,170,211137.17,1241.98,8,0,0.1031,0.0954,0.1725,0.353,0.0073,0.0705,0.0633,0.135,Everyday Essentials Loyalists
C02765,31-40,East,Platinum,57,111,918246.67,8272.49,8,2,0.1755,0.0834,0.0379,0.0852,0.0629,0.105,0.4192,0.031,Premium Travel & Dining Elite
C02766,21-30,North,Classic,50,15,18800.72,1253.38,6,300,0.0334,0.0,0.2439,0.2661,0.0,0.1341,0.1659,0.1568,Lapsed / Dormant
C02767,21-30,West,Gold,19,127,239840.18,1888.51,8,1,0.1511,0.2603,0.061,0.0593,0.0825,0.2918,0.0295,0.0647,Digital Shoppers (New)
C02768,31-40,South,Platinum,40,36,55897.94,1552.72,8,5,0.0371,0.0447,0.1072,0.3029,0.1,0.1745,0.0908,0.1429,Low-Engagement Occasional
C02769,41-50,West,Classic,16,30,43494.25,1449.81,7,14,0.0435,0.1348,0.095,0.1458,0.1639,0.0753,0.0,0.3417,Low-Engagement Occasional
C02770,21-30,East,Gold,52,20,22879.1,1143.95,6,210,0.1182,0.0,0.2294,0.3075,0.0,0.1438,0.0764,0.1248,Lapsed / Dormant
C02771,31-40,North,Classic,20,157,174473.24,1111.29,8,1,0.1309,0.0374,0.1633,0.3163,0.0406,0.135,0.074,0.1026,Everyday Essentials Loyalists
C02772,31-40,North,Gold,28,28,38147.56,1362.41,7,21,0.0758,0.1049,0.1345,0.2974,0.0663,0.1297,0.0,0.1915,Low-Engagement Occasional
C02773,41-50,North,Classic,62,57,86707.48,1521.18,8,135,0.2447,0.0663,0.06,0.166,0.0593,0.1209,0.1114,0.1714,Lapsed / Dormant
C02774,21-30,West,Gold,45,111,1043246.17,9398.61,8,5,0.132,0.0493,0.014,0.0589,0.0102,0.1908,0.5123,0.0326,Premium Travel & Dining Elite
C02775,31-40,East,Gold,14,26,39589.46,1522.67,7,4,0.0287,0.0866,0.0663,0.0183,0.0949,0.3466,0.0,0.3585,Low-Engagement Occasional
C02776,21-30,South,Gold,44,187,203520.97,1088.35,8,3,0.1047,0.0505,0.1776,0.327,0.0402,0.0839,0.0765,0.1396,Everyday Essentials Loyalists
C02777,31-40,North,Gold,27,152,284034.0,1868.64,8,9,0.1613,0.1726,0.0268,0.063,0.0931,0.3586,0.0852,0.0395,Digital Shoppers (New)
C02778,21-30,West,Gold,17,140,258255.71,1844.68,8,2,0.1412,0.2349,0.0271,0.0369,0.0279,0.399,0.0958,0.0371,Digital Shoppers (New)
C02779,31-40,North,Gold,22,168,195764.66,1165.27,8,0,0.1164,0.0827,0.1858,0.2657,0.0529,0.0811,0.0853,0.1301,Everyday Essentials Loyalists
C02780,41-50,West,Platinum,43,127,979346.1,7711.39,8,0,0.1526,0.0643,0.0173,0.0658,0.0451,0.216,0.3983,0.0407,Premium Travel & Dining Elite
C02781,21-30,West,Platinum,60,99,812766.51,8209.76,8,0,0.2014,0.0919,0.0465,0.0592,0.0204,0.1284,0.4424,0.0098,Premium Travel & Dining Elite
C02782,41-50,North,Platinum,48,96,700566.72,7297.57,8,0,0.1667,0.1148,0.0395,0.0646,0.0208,0.1887,0.3613,0.0435,Premium Travel & Dining Elite
C02783,31-40,South,Gold,15,126,247628.23,1965.3,8,0,0.1008,0.2168,0.0287,0.0961,0.0605,0.3453,0.1216,0.0303,Digital Shoppers (New)
C02784,31-40,North,Classic,43,177,201943.24,1140.92,8,0,0.0943,0.0391,0.1628,0.3144,0.0334,0.0951,0.1187,0.1422,Everyday Essentials Loyalists
C02785,31-40,South,Gold,37,175,218972.41,1251.27,8,0,0.1289,0.0522,0.1575,0.2426,0.0317,0.0946,0.1295,0.1628,Everyday Essentials Loyalists
C02786,31-40,West,Classic,48,32,39833.39,1244.79,8,13,0.0775,0.1854,0.1013,0.0444,0.0843,0.1645,0.0131,0.3294,Low-Engagement Occasional
C02787,41-50,East,Classic,35,35,42322.98,1209.23,8,0,0.123,0.1597,0.0552,0.1992,0.0622,0.0796,0.048,0.2731,Low-Engagement Occasional
C02788,41-50,West,Gold,26,129,228463.22,1771.03,8,3,0.1557,0.1563,0.0268,0.0508,0.0734,0.4314,0.0899,0.0157,Digital Shoppers (New)
C02789,41-50,South,Gold,57,43,59066.7,1373.64,8,177,0.106,0.1063,0.1264,0.1849,0.0611,0.0736,0.169,0.1726,Lapsed / Dormant
C02790,31-40,North,Gold,40,149,175738.86,1179.46,8,1,0.0611,0.0255,0.2164,0.3232,0.0289,0.0827,0.1256,0.1366,Everyday Essentials Loyalists
C02791,41-50,West,Classic,28,23,32152.62,1397.94,6,15,0.109,0.1888,0.1382,0.2232,0.0611,0.0,0.0,0.2797,Low-Engagement Occasional
C02792,21-30,South,Platinum,57,120,866921.18,7224.34,7,4,0.1247,0.1219,0.0,0.1012,0.0491,0.249,0.3255,0.0287,Premium Travel & Dining Elite
C02793,31-40,North,Gold,36,36,45378.55,1260.52,8,0,0.1216,0.0769,0.1257,0.1056,0.1489,0.1366,0.1004,0.1843,Low-Engagement Occasional
C02794,21-30,South,Classic,41,21,31855.47,1516.93,7,265,0.2097,0.0,0.149,0.1863,0.0557,0.244,0.0929,0.0625,Lapsed / Dormant
C02795,21-30,East,Classic,47,31,50079.51,1615.47,7,26,0.164,0.0306,0.0247,0.2401,0.0352,0.0,0.2555,0.25,Low-Engagement Occasional
C02796,41-50,West,Platinum,6,125,242957.25,1943.66,8,0,0.1232,0.2179,0.0661,0.0341,0.0709,0.3549,0.1141,0.0188,Digital Shoppers (New)
C02797,51+,North,Classic,16,149,281624.47,1890.1,8,0,0.1211,0.3022,0.0309,0.0371,0.0234,0.3336,0.0684,0.0833,Digital Shoppers (New)
C02798,21-30,West,Gold,39,158,182643.74,1155.97,8,0,0.071,0.0528,0.1592,0.3686,0.0347,0.1269,0.0841,0.1027,Everyday Essentials Loyalists
C02799,31-40,South,Platinum,25,27,35375.42,1310.2,7,3,0.0451,0.0412,0.013,0.1759,0.3458,0.1767,0.0,0.2023,Low-Engagement Occasional
C02800,41-50,North,Gold,51,25,31773.48,1270.94,8,3,0.0287,0.0965,0.2118,0.2201,0.0875,0.2052,0.0258,0.1242,Low-Engagement Occasional
C02801,51+,North,Classic,43,12,11575.59,964.63,7,262,0.0589,0.0,0.1921,0.3292,0.1693,0.0441,0.169,0.0374,Lapsed / Dormant
C02802,41-50,West,Gold,10,147,288826.7,1964.81,8,6,0.1334,0.147,0.0344,0.0602,0.0812,0.3388,0.1242,0.0809,Digital Shoppers (New)
C02803,21-30,South,Gold,53,113,941249.33,8329.64,8,0,0.1985,0.0484,0.0093,0.0668,0.0216,0.212,0.4066,0.0368,Premium Travel & Dining Elite
C02804,21-30,South,Classic,14,152,296036.92,1947.61,8,2,0.0742,0.1818,0.0296,0.0957,0.0872,0.3144,0.1128,0.1043,Digital Shoppers (New)
C02805,41-50,North,Platinum,58,108,1007894.65,9332.36,8,5,0.1511,0.0446,0.03,0.1036,0.0317,0.1322,0.4566,0.0501,Premium Travel & Dining Elite
C02806,21-30,East,Gold,30,170,172669.53,1015.7,8,1,0.1171,0.0546,0.1248,0.3003,0.0637,0.0934,0.07,0.1761,Everyday Essentials Loyalists
C02807,51+,West,Platinum,37,177,189459.75,1070.39,8,1,0.0942,0.0608,0.1685,0.3122,0.0224,0.1024,0.0934,0.1461,Everyday Essentials Loyalists
C02808,51+,South,Classic,36,32,62225.6,1944.55,8,2,0.0327,0.1463,0.0624,0.2355,0.1615,0.0956,0.2036,0.0624,Low-Engagement Occasional
C02809,51+,West,Gold,52,145,185985.02,1282.66,8,1,0.1196,0.0381,0.1588,0.2563,0.0722,0.1308,0.0862,0.138,Everyday Essentials Loyalists
C02810,31-40,North,Classic,42,192,204789.89,1066.61,8,3,0.1077,0.0428,0.199,0.2823,0.0221,0.084,0.1069,0.1552,Everyday Essentials Loyalists
C02811,41-50,North,Platinum,60,104,866077.21,8327.67,8,4,0.113,0.1017,0.0064,0.0404,0.0392,0.1154,0.5211,0.0628,Premium Travel & Dining Elite
C02812,41-50,East,Classic,44,58,72111.38,1243.3,8,151,0.1429,0.1295,0.048,0.1144,0.0539,0.1793,0.2448,0.0871,Lapsed / Dormant
C02813,21-30,West,Classic,24,41,69065.99,1684.54,8,14,0.1043,0.0544,0.0937,0.1416,0.0681,0.1683,0.203,0.1666,Low-Engagement Occasional
C02814,31-40,North,Platinum,50,105,945926.24,9008.82,8,1,0.2152,0.099,0.0188,0.0467,0.0349,0.0971,0.4728,0.0155,Premium Travel & Dining Elite
C02815,21-30,East,Platinum,44,107,928319.75,8675.89,8,1,0.1264,0.0936,0.052,0.072,0.0402,0.1491,0.4452,0.0215,Premium Travel & Dining Elite
C02816,31-40,South,Gold,6,147,282502.9,1921.79,8,0,0.1118,0.2079,0.0272,0.0345,0.0505,0.3651,0.1386,0.0643,Digital Shoppers (New)
C02817,51+,East,Gold,51,175,186829.7,1067.6,8,2,0.0891,0.0458,0.1728,0.2828,0.0835,0.0802,0.0556,0.1901,Everyday Essentials Loyalists
C02818,41-50,East,Platinum,9,130,237034.73,1823.34,8,0,0.0755,0.2095,0.0438,0.0625,0.0353,0.3774,0.1246,0.0716,Digital Shoppers (New)
C02819,31-40,West,Classic,38,168,216179.35,1286.78,8,4,0.0952,0.0567,0.1572,0.1951,0.0345,0.115,0.1935,0.1529,Everyday Essentials Loyalists
C02820,31-40,South,Platinum,44,16,20259.83,1266.24,6,263,0.0961,0.0771,0.0467,0.3812,0.0,0.2156,0.0,0.1834,Lapsed / Dormant
C02821,21-30,East,Platinum,54,191,226298.59,1184.81,8,0,0.0891,0.0347,0.1674,0.3213,0.0541,0.1055,0.1189,0.109,Everyday Essentials Loyalists
C02822,31-40,East,Platinum,20,36,51452.13,1429.23,8,2,0.0306,0.0452,0.1324,0.2198,0.0223,0.0894,0.3358,0.1247,Low-Engagement Occasional
C02823,21-30,South,Platinum,62,110,861708.3,7833.71,8,2,0.1523,0.0772,0.0424,0.0914,0.0353,0.1333,0.4321,0.0361,Premium Travel & Dining Elite
C02824,41-50,North,Classic,47,11,12378.6,1125.33,7,302,0.0392,0.1993,0.0709,0.1059,0.0,0.0372,0.3196,0.2278,Lapsed / Dormant
C02825,41-50,West,Classic,48,23,29277.14,1272.92,7,253,0.3257,0.03,0.1091,0.2057,0.1402,0.162,0.0,0.0274,Lapsed / Dormant
C02826,41-50,North,Gold,32,22,39073.94,1776.09,7,10,0.1357,0.0,0.0643,0.2333,0.0847,0.1054,0.2396,0.1371,Low-Engagement Occasional
C02827,51+,West,Gold,14,153,306173.71,2001.14,8,1,0.078,0.2227,0.0339,0.069,0.0653,0.3348,0.102,0.0943,Digital Shoppers (New)
C02828,21-30,North,Classic,49,161,182259.09,1132.04,8,4,0.0936,0.0512,0.1706,0.3162,0.0462,0.1332,0.053,0.1361,Everyday Essentials Loyalists
C02829,41-50,West,Classic,29,31,40931.03,1320.36,7,37,0.277,0.0145,0.1356,0.0524,0.0,0.0878,0.1918,0.2408,Low-Engagement Occasional
C02830,21-30,North,Classic,47,23,34565.66,1502.85,8,12,0.1339,0.0553,0.1045,0.0663,0.0313,0.0954,0.3343,0.1791,Low-Engagement Occasional
C02831,31-40,West,Classic,42,140,151493.25,1082.09,8,3,0.0825,0.0751,0.2204,0.3211,0.0277,0.1257,0.0971,0.0505,Everyday Essentials Loyalists
C02832,31-40,East,Classic,3,120,209810.45,1748.42,8,0,0.0641,0.2199,0.093,0.0706,0.0697,0.3489,0.0658,0.068,Digital Shoppers (New)
C02833,21-30,North,Classic,20,122,249516.55,2045.22,8,4,0.1302,0.221,0.0143,0.0902,0.0388,0.3301,0.1336,0.0417,Digital Shoppers (New)
C02834,21-30,East,Classic,33,27,42654.82,1579.81,8,5,0.0553,0.0895,0.0181,0.1305,0.2087,0.1707,0.1545,0.1726,Low-Engagement Occasional
C02835,31-40,East,Classic,30,33,43717.87,1324.78,7,0,0.1182,0.1214,0.1609,0.1478,0.117,0.0879,0.0,0.2469,Low-Engagement Occasional
C02836,21-30,South,Classic,11,134,262043.19,1955.55,8,1,0.0881,0.2244,0.0221,0.0667,0.0545,0.3565,0.1343,0.0534,Digital Shoppers (New)
C02837,51+,North,Classic,3,124,213073.31,1718.33,8,10,0.1003,0.2531,0.0162,0.0625,0.0889,0.3824,0.0747,0.0218,Digital Shoppers (New)
C02838,31-40,West,Gold,22,175,193698.1,1106.85,8,7,0.0853,0.0437,0.1968,0.3088,0.0235,0.1021,0.1111,0.1288,Everyday Essentials Loyalists
C02839,31-40,West,Gold,58,177,196473.21,1110.02,8,3,0.0683,0.0628,0.1832,0.2934,0.0473,0.1017,0.0773,0.166,Everyday Essentials Loyalists
C02840,51+,South,Classic,54,118,1081433.61,9164.69,8,0,0.1378,0.07,0.0128,0.049,0.0405,0.1235,0.5459,0.0205,Premium Travel & Dining Elite
C02841,31-40,West,Classic,39,24,28501.71,1187.57,7,8,0.177,0.0898,0.1195,0.168,0.0882,0.1722,0.0,0.1853,Low-Engagement Occasional
C02842,31-40,North,Platinum,25,176,201440.83,1144.55,8,0,0.0915,0.0536,0.2087,0.3395,0.0204,0.0477,0.1007,0.1379,Everyday Essentials Loyalists
C02843,51+,North,Gold,31,165,187598.02,1136.96,8,1,0.0634,0.0443,0.1303,0.3848,0.0289,0.148,0.0644,0.1359,Everyday Essentials Loyalists
C02844,21-30,East,Gold,48,160,194647.71,1216.55,8,3,0.1226,0.0888,0.1666,0.2595,0.0371,0.0941,0.0912,0.1401,Everyday Essentials Loyalists
C02845,21-30,North,Gold,40,150,180570.13,1203.8,8,4,0.1057,0.0851,0.2497,0.2915,0.0422,0.0503,0.0662,0.1093,Everyday Essentials Loyalists
C02846,31-40,North,Classic,19,114,202141.49,1773.17,8,3,0.0791,0.1816,0.0555,0.1043,0.0596,0.3337,0.0893,0.097,Digital Shoppers (New)
C02847,31-40,South,Classic,41,188,212416.37,1129.87,8,0,0.1373,0.0609,0.2244,0.2553,0.0426,0.0603,0.0608,0.1585,Everyday Essentials Loyalists
C02848,41-50,North,Platinum,57,113,948244.82,8391.55,8,4,0.1754,0.0546,0.0328,0.0162,0.0738,0.1519,0.4585,0.0368,Premium Travel & Dining Elite
C02849,21-30,North,Platinum,23,33,43086.5,1305.65,8,16,0.2482,0.0685,0.0907,0.1325,0.1481,0.2027,0.0254,0.0837,Low-Engagement Occasional
C02850,41-50,West,Gold,30,160,169081.87,1056.76,8,0,0.0897,0.0188,0.1521,0.378,0.0285,0.1018,0.0767,0.1543,Everyday Essentials Loyalists
C02851,41-50,South,Platinum,56,175,184040.01,1051.66,8,1,0.1241,0.0514,0.1552,0.2648,0.058,0.0747,0.1632,0.1085,Everyday Essentials Loyalists
C02852,51+,West,Gold,57,154,155954.83,1012.69,8,4,0.1255,0.0701,0.1754,0.2279,0.0409,0.1284,0.0356,0.1962,Everyday Essentials Loyalists
C02853,21-30,East,Classic,19,57,71991.83,1263.01,8,2,0.0564,0.0866,0.137,0.0946,0.1503,0.0795,0.1796,0.2159,Low-Engagement Occasional
C02854,21-30,South,Gold,30,194,208318.17,1073.81,8,1,0.106,0.0596,0.1449,0.3479,0.0377,0.0753,0.1246,0.104,Everyday Essentials Loyalists
C02855,51+,North,Classic,26,29,45055.0,1553.62,8,13,0.022,0.037,0.0642,0.2644,0.0281,0.1429,0.2631,0.1783,Low-Engagement Occasional
C02856,41-50,West,Classic,51,19,28459.2,1497.85,7,271,0.1654,0.0556,0.0,0.1813,0.0732,0.1023,0.2872,0.135,Lapsed / Dormant
C02857,21-30,North,Gold,28,38,59238.46,1558.91,8,5,0.1115,0.0328,0.0961,0.1773,0.079,0.0667,0.1916,0.2451,Low-Engagement Occasional
C02858,21-30,North,Gold,46,172,183663.16,1067.81,8,0,0.0832,0.0506,0.2047,0.2873,0.0579,0.0907,0.0719,0.1538,Everyday Essentials Loyalists
C02859,41-50,West,Platinum,29,41,53153.11,1296.42,7,10,0.1747,0.1115,0.0619,0.1039,0.1474,0.1958,0.0,0.2049,Low-Engagement Occasional
C02860,31-40,West,Platinum,12,126,214028.32,1698.64,8,5,0.1497,0.2471,0.0359,0.0413,0.0302,0.3988,0.0443,0.0528,Digital Shoppers (New)
C02861,31-40,East,Classic,66,163,183787.39,1127.53,8,2,0.0972,0.1134,0.2513,0.2376,0.0493,0.1161,0.0369,0.0983,Everyday Essentials Loyalists
C02862,51+,North,Classic,8,146,269956.36,1849.02,8,3,0.1563,0.2686,0.0169,0.0336,0.0395,0.3284,0.1135,0.0432,Digital Shoppers (New)
C02863,21-30,North,Classic,58,141,155296.49,1101.39,8,1,0.0394,0.0292,0.2479,0.2677,0.0167,0.0988,0.0487,0.2515,Everyday Essentials Loyalists
C02864,21-30,South,Gold,74,109,888552.41,8151.86,8,12,0.223,0.0979,0.0402,0.0616,0.0648,0.1631,0.2939,0.0555,Premium Travel & Dining Elite
C02865,41-50,West,Classic,47,187,202593.06,1083.39,8,1,0.0897,0.0313,0.1977,0.3732,0.0268,0.0614,0.12,0.1,Everyday Essentials Loyalists
C02866,51+,South,Gold,40,122,1056530.11,8660.08,8,1,0.1281,0.029,0.0204,0.0585,0.062,0.1853,0.4962,0.0206,Premium Travel & Dining Elite
C02867,31-40,North,Platinum,42,168,182070.26,1083.75,8,0,0.0983,0.0629,0.1569,0.3524,0.0694,0.0942,0.0687,0.0972,Everyday Essentials Loyalists
C02868,41-50,North,Gold,8,149,267372.08,1794.44,8,0,0.0879,0.2178,0.0303,0.0796,0.0796,0.3098,0.1515,0.0435,Digital Shoppers (New)
C02869,21-30,East,Gold,48,39,40802.33,1046.21,8,165,0.0736,0.0424,0.1753,0.2808,0.0509,0.1339,0.1344,0.1087,Lapsed / Dormant
C02870,21-30,East,Platinum,49,98,818476.18,8351.8,8,3,0.2072,0.0702,0.011,0.0429,0.0114,0.1227,0.5014,0.0332,Premium Travel & Dining Elite
C02871,51+,North,Classic,21,134,232558.49,1735.51,8,0,0.143,0.2426,0.0659,0.0272,0.0358,0.332,0.1206,0.0329,Digital Shoppers (New)
C02872,21-30,North,Gold,23,119,234516.54,1970.73,8,0,0.0884,0.2419,0.0457,0.0791,0.0449,0.3057,0.1337,0.0605,Digital Shoppers (New)
C02873,21-30,North,Gold,71,102,791169.05,7756.56,8,5,0.2175,0.0612,0.0118,0.0492,0.0242,0.2025,0.407,0.0265,Premium Travel & Dining Elite
C02874,41-50,North,Platinum,38,165,207156.88,1255.5,8,15,0.1129,0.0371,0.2334,0.2277,0.0199,0.1109,0.1227,0.1354,Everyday Essentials Loyalists
C02875,31-40,South,Gold,49,105,917809.11,8741.04,8,11,0.1358,0.0668,0.0245,0.0596,0.0036,0.1946,0.49,0.0251,Premium Travel & Dining Elite
C02876,31-40,North,Gold,45,161,163124.86,1013.2,8,0,0.071,0.034,0.2385,0.3235,0.052,0.1022,0.0679,0.1109,Everyday Essentials Loyalists
C02877,41-50,East,Platinum,59,180,200844.57,1115.8,8,1,0.106,0.0455,0.1721,0.2649,0.0357,0.1188,0.0966,0.1603,Everyday Essentials Loyalists
C02878,21-30,West,Classic,42,150,163757.8,1091.72,8,3,0.0876,0.0886,0.1313,0.2886,0.054,0.1054,0.0714,0.1732,Everyday Essentials Loyalists
C02879,41-50,West,Gold,18,150,271110.55,1807.4,8,3,0.1005,0.2418,0.0584,0.0542,0.0509,0.3226,0.1247,0.0469,Digital Shoppers (New)
C02880,31-40,West,Gold,57,105,926563.88,8824.42,8,0,0.1257,0.0883,0.0085,0.0699,0.0459,0.1918,0.4534,0.0164,Premium Travel & Dining Elite
C02881,21-30,North,Classic,36,186,216486.59,1163.91,8,0,0.1514,0.043,0.153,0.251,0.0506,0.1055,0.1084,0.1372,Everyday Essentials Loyalists
C02882,41-50,North,Platinum,66,106,971848.86,9168.39,8,0,0.1228,0.065,0.0511,0.0584,0.0218,0.1471,0.5236,0.0102,Premium Travel & Dining Elite
C02883,31-40,South,Gold,12,122,240091.81,1967.97,8,0,0.1135,0.3078,0.0021,0.0592,0.057,0.3089,0.0988,0.0526,Digital Shoppers (New)
C02884,51+,West,Gold,46,151,188140.07,1245.96,8,3,0.1007,0.0699,0.1675,0.281,0.0381,0.08,0.1187,0.1441,Everyday Essentials Loyalists
C02885,51+,North,Platinum,19,135,271632.78,2012.09,8,0,0.1109,0.2704,0.0322,0.0524,0.0484,0.3969,0.0439,0.0448,Digital Shoppers (New)
C02886,41-50,South,Classic,45,165,199257.9,1207.62,8,15,0.1235,0.0158,0.1949,0.3223,0.0204,0.0969,0.0784,0.1477,Everyday Essentials Loyalists
C02887,31-40,North,Gold,65,100,830002.64,8300.03,8,1,0.1163,0.1176,0.024,0.0683,0.0036,0.1356,0.494,0.0405,Premium Travel & Dining Elite
C02888,21-30,North,Gold,39,25,30091.05,1203.64,7,176,0.3572,0.0432,0.0895,0.1985,0.0469,0.1426,0.0,0.122,Lapsed / Dormant
C02889,51+,West,Gold,50,105,976631.04,9301.25,8,4,0.1717,0.0585,0.0325,0.0633,0.0193,0.0852,0.5682,0.0013,Premium Travel & Dining Elite
C02890,31-40,East,Classic,59,120,958772.93,7989.77,8,0,0.171,0.0513,0.0122,0.085,0.0128,0.1611,0.4977,0.0089,Premium Travel & Dining Elite
C02891,41-50,South,Gold,41,167,192652.19,1153.61,8,0,0.1173,0.0521,0.1764,0.2375,0.0439,0.1287,0.0774,0.1667,Everyday Essentials Loyalists
C02892,41-50,West,Platinum,42,42,51068.61,1215.92,8,193,0.1309,0.0444,0.113,0.1682,0.0474,0.2195,0.1019,0.1746,Lapsed / Dormant
C02893,31-40,North,Classic,16,117,252466.58,2157.83,8,5,0.1151,0.2471,0.0607,0.0771,0.091,0.2814,0.0554,0.0721,Digital Shoppers (New)
C02894,21-30,North,Classic,23,132,251152.77,1902.67,8,1,0.2355,0.1787,0.0712,0.0663,0.0352,0.2971,0.0816,0.0344,Digital Shoppers (New)
C02895,41-50,South,Gold,59,28,36610.58,1307.52,8,233,0.0588,0.0352,0.1048,0.2229,0.069,0.2147,0.1121,0.1824,Lapsed / Dormant
C02896,31-40,East,Platinum,74,108,823198.08,7622.2,8,1,0.1856,0.0389,0.0194,0.109,0.064,0.1212,0.4557,0.0063,Premium Travel & Dining Elite
C02897,31-40,East,Gold,34,16,18360.68,1147.54,6,287,0.0368,0.1037,0.0712,0.3165,0.0,0.3874,0.0,0.0845,Lapsed / Dormant
C02898,31-40,North,Classic,30,179,202095.6,1129.03,8,4,0.0753,0.1019,0.1873,0.2068,0.0658,0.1295,0.0765,0.1568,Everyday Essentials Loyalists
C02899,41-50,West,Classic,11,134,251047.09,1873.49,8,11,0.1364,0.2431,0.0414,0.0572,0.0448,0.3635,0.0652,0.0484,Digital Shoppers (New)
C02900,31-40,South,Gold,42,178,204211.02,1147.25,8,1,0.0655,0.0526,0.2061,0.3002,0.0401,0.1165,0.0611,0.1579,Everyday Essentials Loyalists
C02901,21-30,South,Classic,39,145,162258.11,1119.02,8,0,0.1063,0.0908,0.209,0.2767,0.0508,0.0896,0.0268,0.15,Everyday Essentials Loyalists
C02902,41-50,East,Classic,42,23,39886.46,1734.19,7,271,0.1624,0.0658,0.1494,0.236,0.0,0.0286,0.2932,0.0646,Lapsed / Dormant
C02903,41-50,West,Classic,38,158,178075.83,1127.06,8,0,0.0913,0.0834,0.1654,0.3784,0.0334,0.0798,0.0332,0.1351,Everyday Essentials Loyalists
C02904,51+,East,Classic,52,17,19159.58,1127.03,6,299,0.2026,0.0616,0.0,0.3308,0.0789,0.1081,0.218,0.0,Lapsed / Dormant
C02905,21-30,West,Classic,28,166,189698.87,1142.76,8,0,0.0782,0.0531,0.2014,0.3614,0.0643,0.0625,0.0538,0.1254,Everyday Essentials Loyalists
C02906,51+,North,Gold,37,127,247317.92,1947.39,8,1,0.0556,0.2339,0.0502,0.0676,0.0313,0.3712,0.1334,0.0567,Digital Shoppers (New)
C02907,41-50,East,Gold,48,36,46458.83,1290.52,8,191,0.0946,0.0836,0.1599,0.2908,0.0305,0.1027,0.1737,0.0642,Lapsed / Dormant
C02908,41-50,West,Gold,70,114,850499.52,7460.52,8,1,0.1564,0.0516,0.0223,0.0505,0.0378,0.1544,0.481,0.046,Premium Travel & Dining Elite
C02909,31-40,South,Classic,42,35,37108.5,1060.24,7,200,0.1657,0.0,0.1192,0.1543,0.0172,0.1933,0.0756,0.2748,Lapsed / Dormant
C02910,21-30,South,Gold,19,122,236556.28,1938.99,8,1,0.1007,0.2708,0.0299,0.0497,0.0297,0.3797,0.0656,0.0739,Digital Shoppers (New)
C02911,31-40,West,Classic,31,32,43206.51,1350.2,8,29,0.0117,0.1088,0.0182,0.1335,0.1599,0.2125,0.084,0.2713,Low-Engagement Occasional
C02912,31-40,North,Classic,50,151,155234.97,1028.05,8,1,0.0696,0.065,0.1912,0.3698,0.0735,0.0722,0.0665,0.0923,Everyday Essentials Loyalists
C02913,31-40,South,Gold,12,165,308342.17,1868.74,8,2,0.1155,0.2329,0.0389,0.0515,0.0353,0.3194,0.1174,0.0891,Digital Shoppers (New)
C02914,51+,West,Gold,45,33,46286.6,1402.62,8,13,0.2837,0.1375,0.0564,0.0229,0.1782,0.0159,0.1005,0.2048,Low-Engagement Occasional
C02915,21-30,West,Classic,3,139,255934.89,1841.26,8,2,0.1357,0.2099,0.0763,0.0412,0.0304,0.3631,0.0913,0.052,Digital Shoppers (New)
C02916,51+,West,Gold,51,160,163931.73,1024.57,8,0,0.0802,0.0654,0.1742,0.3349,0.0271,0.0743,0.0876,0.1563,Everyday Essentials Loyalists
C02917,31-40,West,Classic,43,174,190961.17,1097.48,8,2,0.165,0.0474,0.1538,0.2741,0.0801,0.1144,0.0885,0.0768,Everyday Essentials Loyalists
C02918,41-50,North,Classic,19,37,59047.3,1595.87,8,1,0.1139,0.1503,0.021,0.2353,0.1578,0.0638,0.142,0.1159,Low-Engagement Occasional
C02919,31-40,West,Platinum,79,92,745481.32,8103.06,8,2,0.1391,0.0082,0.0502,0.1145,0.0516,0.1341,0.4659,0.0363,Premium Travel & Dining Elite
C02920,41-50,South,Gold,48,29,36117.53,1245.43,7,5,0.0545,0.1646,0.1468,0.311,0.1041,0.1341,0.0,0.0848,Low-Engagement Occasional
C02921,31-40,East,Gold,27,36,57848.45,1606.9,8,166,0.1305,0.0438,0.0515,0.1308,0.039,0.2043,0.1441,0.2559,Lapsed / Dormant
C02922,51+,South,Platinum,61,94,795274.44,8460.37,8,1,0.1903,0.0732,0.0094,0.048,0.0304,0.1471,0.4295,0.0721,Premium Travel & Dining Elite
C02923,21-30,West,Gold,49,168,178222.97,1060.85,8,1,0.0673,0.0361,0.2042,0.3007,0.0483,0.1025,0.1169,0.1239,Everyday Essentials Loyalists
C02924,21-30,East,Classic,34,30,37085.77,1236.19,7,0,0.1433,0.0105,0.2005,0.3656,0.0,0.1128,0.0468,0.1205,Low-Engagement Occasional
C02925,51+,West,Gold,75,93,755259.43,8121.07,8,2,0.1869,0.1012,0.0364,0.0705,0.0386,0.1025,0.4531,0.0108,Premium Travel & Dining Elite
C02926,21-30,North,Classic,27,143,281114.57,1965.84,8,1,0.1032,0.2689,0.0295,0.06,0.0501,0.3637,0.077,0.0476,Digital Shoppers (New)
C02927,41-50,North,Gold,32,22,29976.11,1362.55,7,6,0.113,0.2723,0.1143,0.1342,0.1103,0.168,0.0,0.0879,Low-Engagement Occasional
C02928,21-30,South,Gold,36,147,252569.99,1718.16,8,5,0.1261,0.2752,0.013,0.0492,0.0981,0.3062,0.0795,0.0527,Digital Shoppers (New)
C02929,21-30,North,Classic,51,177,202999.71,1146.89,8,0,0.0621,0.0521,0.1671,0.2768,0.0496,0.1666,0.041,0.1848,Everyday Essentials Loyalists
C02930,31-40,East,Gold,26,29,33383.64,1151.16,7,6,0.1084,0.2004,0.0,0.0704,0.2813,0.0866,0.0916,0.1612,Low-Engagement Occasional
C02931,31-40,North,Gold,8,128,216477.64,1691.23,8,2,0.1508,0.1509,0.0043,0.0772,0.0709,0.3515,0.1314,0.063,Digital Shoppers (New)
C02932,31-40,East,Classic,54,184,222166.12,1207.42,8,0,0.0759,0.0488,0.2428,0.3129,0.0251,0.0939,0.0957,0.1049,Everyday Essentials Loyalists
C02933,31-40,North,Classic,6,154,301984.33,1960.94,8,6,0.1517,0.2173,0.0287,0.0382,0.0848,0.3372,0.1018,0.0401,Digital Shoppers (New)
C02934,41-50,North,Classic,43,29,30804.39,1062.22,8,202,0.1922,0.0736,0.0512,0.1416,0.0735,0.0949,0.1045,0.2683,Lapsed / Dormant
C02935,51+,East,Gold,27,18,19770.94,1098.39,6,5,0.0099,0.0469,0.0,0.4843,0.0915,0.1231,0.0,0.2443,Low-Engagement Occasional
C02936,31-40,South,Classic,17,119,230737.98,1938.97,8,9,0.1526,0.243,0.0221,0.0257,0.0664,0.2542,0.1462,0.0897,Digital Shoppers (New)
C02937,31-40,North,Classic,40,133,166442.61,1251.45,8,2,0.107,0.0691,0.2068,0.2859,0.0361,0.0998,0.0755,0.1197,Everyday Essentials Loyalists
C02938,31-40,North,Platinum,46,107,910167.02,8506.23,8,0,0.1861,0.0568,0.0224,0.0498,0.0726,0.1544,0.4304,0.0275,Premium Travel & Dining Elite
C02939,41-50,North,Gold,53,185,212107.78,1146.53,8,0,0.1164,0.0732,0.2027,0.2813,0.0651,0.073,0.078,0.1103,Everyday Essentials Loyalists
C02940,31-40,East,Gold,55,113,958093.78,8478.71,8,1,0.2375,0.0607,0.0293,0.0473,0.0583,0.0801,0.4419,0.0449,Premium Travel & Dining Elite
C02941,41-50,North,Gold,68,9,11411.17,1267.91,5,302,0.0,0.0,0.0,0.4472,0.1053,0.1167,0.1753,0.1554,Lapsed / Dormant
C02942,31-40,South,Classic,45,176,207066.14,1176.51,8,0,0.0545,0.0476,0.1599,0.2934,0.062,0.106,0.1305,0.1461,Everyday Essentials Loyalists
C02943,41-50,East,Classic,42,22,28203.2,1281.96,7,32,0.1311,0.0591,0.1104,0.2549,0.0,0.1758,0.1943,0.0744,Low-Engagement Occasional
C02944,41-50,South,Classic,48,161,193653.65,1202.82,8,0,0.0895,0.0208,0.1675,0.4269,0.0269,0.0782,0.076,0.1142,Everyday Essentials Loyalists
C02945,31-40,East,Gold,55,176,191253.74,1086.67,8,1,0.1072,0.0328,0.1941,0.2738,0.0246,0.1184,0.1011,0.1481,Everyday Essentials Loyalists
C02946,31-40,North,Classic,47,159,194289.65,1221.95,8,0,0.0829,0.0789,0.1901,0.3681,0.0224,0.0846,0.063,0.1101,Everyday Essentials Loyalists
C02947,31-40,West,Classic,44,148,162008.58,1094.65,8,1,0.1255,0.0616,0.1508,0.2822,0.0353,0.1311,0.0506,0.1628,Everyday Essentials Loyalists
C02948,31-40,South,Gold,40,34,46028.65,1353.78,7,15,0.1147,0.0634,0.0462,0.1671,0.2726,0.1189,0.0,0.217,Low-Engagement Occasional
C02949,31-40,North,Platinum,72,28,29806.78,1064.53,8,218,0.1344,0.1001,0.1515,0.2464,0.0602,0.1242,0.1171,0.0661,Lapsed / Dormant
C02950,41-50,West,Classic,45,24,27624.56,1151.02,5,243,0.1383,0.0,0.1572,0.3875,0.0,0.0699,0.0,0.247,Lapsed / Dormant
C02951,31-40,East,Classic,49,162,196208.99,1211.17,8,5,0.0544,0.0516,0.2263,0.2501,0.0635,0.0849,0.1473,0.122,Everyday Essentials Loyalists
C02952,21-30,East,Classic,29,37,44743.33,1209.28,8,5,0.1181,0.0162,0.0792,0.331,0.0744,0.0633,0.1042,0.2135,Low-Engagement Occasional
C02953,21-30,West,Gold,47,216,257188.08,1190.69,8,1,0.1064,0.0546,0.1445,0.2567,0.0304,0.129,0.1594,0.119,Everyday Essentials Loyalists
C02954,31-40,North,Gold,48,21,24509.54,1167.12,8,268,0.062,0.0998,0.0065,0.1714,0.0234,0.2388,0.2134,0.1846,Lapsed / Dormant
C02955,51+,West,Gold,3,113,213328.66,1887.86,8,0,0.055,0.2806,0.0377,0.0478,0.0724,0.2775,0.1541,0.0747,Digital Shoppers (New)
C02956,31-40,East,Classic,39,152,174619.77,1148.81,8,2,0.0713,0.0889,0.1873,0.3215,0.0358,0.0466,0.0546,0.1938,Everyday Essentials Loyalists
C02957,31-40,South,Classic,51,157,176968.55,1127.19,8,3,0.1071,0.0405,0.2208,0.3256,0.0316,0.1297,0.0603,0.0843,Everyday Essentials Loyalists
C02958,31-40,North,Classic,52,117,954219.25,8155.72,8,0,0.2296,0.0435,0.0404,0.0558,0.0138,0.163,0.4356,0.0183,Premium Travel & Dining Elite
C02959,51+,North,Classic,51,170,181468.16,1067.46,8,2,0.0958,0.0786,0.1255,0.322,0.0314,0.0935,0.1052,0.1481,Everyday Essentials Loyalists
C02960,41-50,West,Gold,49,33,50291.89,1524.0,8,225,0.1226,0.1707,0.0597,0.1784,0.0418,0.0835,0.1446,0.1987,Lapsed / Dormant
C02961,21-30,North,Classic,28,28,37219.63,1329.27,7,11,0.0,0.103,0.1766,0.3001,0.0522,0.0581,0.153,0.157,Low-Engagement Occasional
C02962,41-50,North,Gold,57,31,41405.26,1335.65,8,179,0.2496,0.0358,0.0946,0.1369,0.0784,0.1395,0.1439,0.1214,Lapsed / Dormant
C02963,41-50,East,Platinum,66,101,802972.7,7950.22,8,4,0.2119,0.0446,0.0251,0.0384,0.0352,0.1807,0.4367,0.0274,Premium Travel & Dining Elite
C02964,41-50,West,Platinum,18,141,250311.14,1775.26,8,1,0.0993,0.1429,0.0778,0.1261,0.0506,0.2981,0.1193,0.0859,Digital Shoppers (New)
C02965,31-40,North,Platinum,52,171,194341.28,1136.5,8,1,0.1114,0.082,0.1799,0.3352,0.0496,0.0706,0.086,0.0852,Everyday Essentials Loyalists
C02966,41-50,West,Gold,16,115,213346.57,1855.19,8,8,0.0388,0.2015,0.0616,0.106,0.0832,0.3523,0.0853,0.0714,Digital Shoppers (New)
C02967,31-40,South,Classic,25,160,166143.63,1038.4,8,6,0.1417,0.045,0.1395,0.3074,0.0395,0.0775,0.1004,0.1491,Everyday Essentials Loyalists
C02968,21-30,West,Classic,38,185,204260.97,1104.11,8,0,0.0714,0.064,0.1975,0.3262,0.0575,0.075,0.1164,0.0921,Everyday Essentials Loyalists
C02969,21-30,North,Classic,3,135,245057.87,1815.24,8,2,0.075,0.3346,0.0413,0.0625,0.0372,0.3332,0.0587,0.0575,Digital Shoppers (New)
C02970,31-40,North,Gold,48,181,209223.46,1155.93,8,2,0.0416,0.0948,0.221,0.2966,0.0443,0.1338,0.0359,0.132,Everyday Essentials Loyalists
C02971,21-30,East,Classic,22,152,287892.49,1894.03,8,0,0.0567,0.2252,0.0344,0.0584,0.0487,0.3343,0.1736,0.0686,Digital Shoppers (New)
C02972,31-40,North,Gold,23,146,257322.6,1762.48,8,0,0.1422,0.2012,0.0403,0.0599,0.0393,0.4029,0.0106,0.1035,Digital Shoppers (New)
C02973,41-50,South,Platinum,64,123,1030222.19,8375.79,8,1,0.1875,0.0715,0.0083,0.0717,0.03,0.2117,0.3815,0.0378,Premium Travel & Dining Elite
C02974,41-50,North,Gold,57,19,24904.84,1310.78,8,242,0.2477,0.0649,0.0488,0.0883,0.0398,0.2357,0.2232,0.0515,Lapsed / Dormant
C02975,21-30,West,Gold,3,146,296787.26,2032.79,8,1,0.1156,0.1929,0.0133,0.0558,0.079,0.3402,0.1495,0.0537,Digital Shoppers (New)
C02976,21-30,West,Classic,28,24,29642.37,1235.1,6,17,0.1518,0.08,0.0,0.1721,0.321,0.0835,0.0,0.1916,Low-Engagement Occasional
C02977,41-50,West,Classic,3,137,270584.26,1975.07,8,0,0.0626,0.1665,0.0332,0.0482,0.0525,0.3896,0.165,0.0824,Digital Shoppers (New)
C02978,31-40,West,Gold,26,26,30691.6,1180.45,8,23,0.1668,0.0629,0.0735,0.1041,0.1362,0.2747,0.1643,0.0175,Low-Engagement Occasional
C02979,21-30,West,Classic,46,33,38014.12,1151.94,8,33,0.1288,0.0803,0.0791,0.1382,0.0846,0.1154,0.2047,0.169,Low-Engagement Occasional
C02980,41-50,South,Gold,58,34,38273.21,1125.68,7,130,0.1934,0.0,0.1147,0.1614,0.0938,0.0969,0.104,0.2358,Lapsed / Dormant
C02981,21-30,South,Gold,20,138,273184.05,1979.59,8,3,0.105,0.2135,0.0763,0.0286,0.0221,0.2828,0.2319,0.0398,Digital Shoppers (New)
C02982,21-30,West,Classic,40,149,158593.06,1064.38,8,7,0.1125,0.0769,0.1878,0.2637,0.0378,0.1203,0.0933,0.1077,Everyday Essentials Loyalists
C02983,41-50,West,Gold,50,99,798387.89,8064.52,8,2,0.1101,0.0934,0.0064,0.0382,0.1015,0.1147,0.4994,0.0364,Premium Travel & Dining Elite
C02984,41-50,West,Classic,15,136,257061.58,1890.16,8,0,0.114,0.2691,0.0358,0.046,0.0266,0.3247,0.1361,0.0478,Digital Shoppers (New)
C02985,31-40,West,Platinum,71,115,953331.2,8289.84,8,4,0.16,0.0739,0.0308,0.0226,0.0571,0.1425,0.4706,0.0426,Premium Travel & Dining Elite
C02986,41-50,North,Classic,46,173,193155.19,1116.5,8,7,0.1052,0.0498,0.1566,0.366,0.0201,0.134,0.0524,0.1159,Everyday Essentials Loyalists
C02987,51+,West,Platinum,44,107,982381.4,9181.13,7,2,0.202,0.0147,0.0,0.0625,0.0489,0.1224,0.5046,0.045,Premium Travel & Dining Elite
C02988,21-30,West,Platinum,15,152,321991.82,2118.37,8,1,0.1076,0.1889,0.0163,0.0914,0.0492,0.3869,0.1259,0.0339,Digital Shoppers (New)
C02989,41-50,East,Platinum,22,166,203739.27,1227.35,8,1,0.1363,0.0562,0.1699,0.3236,0.0335,0.0782,0.0383,0.164,Everyday Essentials Loyalists
C02990,21-30,West,Platinum,22,135,305254.5,2261.14,8,1,0.08,0.2259,0.0508,0.0804,0.0392,0.3176,0.1546,0.0514,Digital Shoppers (New)
C02991,31-40,East,Gold,23,28,46098.66,1646.38,6,2,0.0432,0.2096,0.0,0.1283,0.1042,0.1205,0.0,0.3943,Low-Engagement Occasional
C02992,31-40,West,Gold,17,39,61486.89,1576.59,8,2,0.089,0.0888,0.0545,0.2274,0.1768,0.2501,0.0194,0.094,Low-Engagement Occasional
C02993,31-40,North,Classic,50,171,188020.92,1099.54,8,0,0.08,0.0615,0.1698,0.2773,0.0172,0.0986,0.0917,0.2038,Everyday Essentials Loyalists
C02994,21-30,West,Gold,19,133,234426.73,1762.61,8,3,0.1175,0.2281,0.0436,0.0278,0.0699,0.412,0.0389,0.0622,Digital Shoppers (New)
C02995,41-50,North,Gold,16,110,210053.96,1909.58,7,2,0.0963,0.2657,0.0,0.0506,0.0781,0.3574,0.0846,0.0673,Digital Shoppers (New)
C02996,31-40,South,Classic,35,131,245671.92,1875.36,8,7,0.1399,0.2174,0.0226,0.114,0.0471,0.3348,0.0964,0.0277,Digital Shoppers (New)
C02997,51+,North,Classic,20,116,232995.24,2008.58,8,3,0.0711,0.1501,0.0213,0.0491,0.1139,0.3789,0.1083,0.1072,Digital Shoppers (New)
C02998,31-40,South,Gold,35,153,169871.68,1110.27,8,8,0.1086,0.0245,0.2029,0.3397,0.0423,0.0979,0.0347,0.1494,Everyday Essentials Loyalists
C02999,41-50,North,Gold,53,47,61789.02,1314.66,8,175,0.0385,0.0738,0.0988,0.2874,0.0385,0.1625,0.2228,0.0777,Lapsed / Dormant
C03000,31-40,West,Platinum,57,105,732831.39,6979.35,8,1,0.1903,0.1023,0.0187,0.0693,0.0744,0.1073,0.4142,0.0236,Premium Travel & Dining Elite
C03001,31-40,East,Classic,42,29,42662.21,1471.11,8,4,0.1783,0.1235,0.1428,0.0851,0.0887,0.1869,0.0941,0.1006,Low-Engagement Occasional
C03002,41-50,West,Gold,16,134,248570.55,1855.0,8,10,0.1171,0.2482,0.0643,0.0472,0.034,0.3942,0.0413,0.0537,Digital Shoppers (New)
C03003,41-50,North,Platinum,45,168,200728.22,1194.81,8,5,0.1075,0.0528,0.1455,0.2923,0.0302,0.1129,0.1244,0.1344,Everyday Essentials Loyalists
C03004,31-40,North,Classic,15,32,41177.58,1286.8,7,22,0.0,0.1477,0.0632,0.1442,0.0889,0.2075,0.0663,0.2822,Low-Engagement Occasional
C03005,31-40,West,Gold,60,117,984051.32,8410.7,8,7,0.1768,0.0339,0.0328,0.0254,0.0597,0.1772,0.4527,0.0415,Premium Travel & Dining Elite
C03006,31-40,West,Gold,29,34,49051.35,1442.69,8,5,0.0616,0.0451,0.073,0.2877,0.0208,0.092,0.3311,0.0888,Low-Engagement Occasional
C03007,31-40,South,Gold,3,131,228081.61,1741.08,8,0,0.079,0.2314,0.0169,0.0588,0.0599,0.3848,0.1166,0.0526,Digital Shoppers (New)
C03008,31-40,West,Platinum,57,92,686424.26,7461.13,8,0,0.2169,0.0761,0.0481,0.073,0.0258,0.1645,0.3728,0.0228,Premium Travel & Dining Elite
C03009,41-50,West,Platinum,64,104,882697.31,8487.47,8,9,0.1646,0.0599,0.0462,0.0514,0.0825,0.1738,0.4106,0.0111,Premium Travel & Dining Elite
C03010,31-40,East,Gold,29,36,58210.87,1616.97,8,23,0.0895,0.0616,0.1133,0.1877,0.0328,0.064,0.3015,0.1496,Low-Engagement Occasional
C03011,31-40,West,Classic,27,158,193828.96,1226.77,8,0,0.1032,0.0523,0.1651,0.2789,0.0654,0.1015,0.0995,0.1341,Everyday Essentials Loyalists
C03012,41-50,West,Classic,45,19,24065.16,1266.59,7,232,0.2593,0.0421,0.0134,0.1234,0.0732,0.3673,0.1212,0.0,Lapsed / Dormant
C03013,51+,East,Classic,25,41,65164.69,1589.38,8,42,0.1042,0.0476,0.0348,0.1761,0.0907,0.1296,0.1744,0.2426,Low-Engagement Occasional
C03014,31-40,South,Classic,31,33,47379.16,1435.73,8,23,0.12,0.0652,0.0438,0.139,0.0569,0.3016,0.09,0.1834,Low-Engagement Occasional
C03015,21-30,North,Classic,42,171,173237.73,1013.09,8,0,0.089,0.0835,0.2398,0.3513,0.0365,0.0597,0.0367,0.1034,Everyday Essentials Loyalists
C03016,21-30,North,Gold,25,34,47181.15,1387.68,8,1,0.036,0.0441,0.2077,0.1871,0.053,0.154,0.0864,0.2316,Low-Engagement Occasional
C03017,41-50,West,Classic,43,53,68883.05,1299.68,8,132,0.0125,0.0579,0.0478,0.195,0.0428,0.1909,0.2312,0.2219,Low-Engagement Occasional
C03018,31-40,West,Platinum,60,126,1104652.59,8767.08,8,0,0.1844,0.0807,0.0141,0.0345,0.026,0.1468,0.5005,0.0131,Premium Travel & Dining Elite
C03019,31-40,South,Gold,51,185,201470.65,1089.03,8,0,0.0962,0.0593,0.1426,0.3193,0.0659,0.1223,0.0625,0.1319,Everyday Essentials Loyalists
C03020,21-30,East,Gold,44,155,184489.24,1190.25,8,0,0.1184,0.0696,0.1784,0.3369,0.0341,0.0992,0.0656,0.0976,Everyday Essentials Loyalists
C03021,51+,North,Classic,56,177,182617.18,1031.74,8,4,0.101,0.0813,0.1786,0.283,0.0344,0.096,0.1086,0.1171,Everyday Essentials Loyalists
C03022,31-40,North,Classic,41,31,44243.33,1427.2,7,0,0.0565,0.0786,0.0435,0.2686,0.109,0.2233,0.0,0.2205,Low-Engagement Occasional
C03023,41-50,West,Classic,28,125,222561.95,1780.5,8,4,0.0803,0.2049,0.0202,0.0583,0.0679,0.4075,0.1252,0.0357,Digital Shoppers (New)
C03024,21-30,South,Classic,27,147,279519.35,1901.49,8,0,0.1046,0.2248,0.024,0.0431,0.0429,0.3543,0.1189,0.0874,Digital Shoppers (New)
C03025,21-30,North,Classic,57,156,173546.12,1112.48,8,3,0.1692,0.0663,0.166,0.2611,0.0143,0.0947,0.084,0.1444,Everyday Essentials Loyalists
C03026,21-30,South,Gold,30,166,192368.22,1158.84,8,1,0.0654,0.0546,0.1858,0.3044,0.0415,0.1137,0.1116,0.123,Everyday Essentials Loyalists
C03027,31-40,South,Gold,48,171,191315.31,1118.8,8,3,0.0763,0.0633,0.2115,0.3061,0.0402,0.098,0.0378,0.1667,Everyday Essentials Loyalists
C03028,31-40,West,Classic,42,27,36463.42,1350.5,7,18,0.1407,0.1595,0.1853,0.2097,0.0098,0.1831,0.0,0.1117,Low-Engagement Occasional
C03029,21-30,West,Classic,27,129,256176.71,1985.87,8,0,0.0926,0.2359,0.0332,0.0851,0.0199,0.3105,0.1632,0.0597,Digital Shoppers (New)
C03030,31-40,East,Gold,34,181,189465.65,1046.77,8,0,0.0714,0.0812,0.1778,0.239,0.0609,0.117,0.0183,0.2345,Everyday Essentials Loyalists
C03031,21-30,East,Gold,36,37,52371.13,1415.44,8,3,0.0716,0.1119,0.1418,0.2316,0.019,0.0814,0.1873,0.1553,Low-Engagement Occasional
C03032,31-40,South,Classic,60,103,852189.35,8273.68,8,1,0.1944,0.0631,0.0183,0.0269,0.0455,0.1142,0.4866,0.051,Premium Travel & Dining Elite
C03033,21-30,East,Gold,60,170,204274.47,1201.61,8,0,0.1114,0.053,0.2378,0.2502,0.0294,0.1309,0.0912,0.096,Everyday Essentials Loyalists
C03034,21-30,South,Classic,28,155,176571.77,1139.17,8,0,0.1261,0.0643,0.1331,0.2558,0.055,0.1167,0.1306,0.1183,Everyday Essentials Loyalists
C03035,21-30,North,Classic,40,13,20198.51,1553.73,7,245,0.1077,0.2378,0.0609,0.1222,0.0,0.217,0.1549,0.0995,Lapsed / Dormant
C03036,41-50,West,Classic,11,30,43096.52,1436.55,8,6,0.0223,0.2299,0.1479,0.1292,0.1402,0.0544,0.1762,0.0998,Low-Engagement Occasional
C03037,51+,South,Platinum,15,142,272014.01,1915.59,8,3,0.1677,0.2008,0.0401,0.1344,0.0443,0.195,0.1479,0.0697,Digital Shoppers (New)
C03038,41-50,South,Platinum,82,95,782385.59,8235.64,8,0,0.2139,0.0706,0.0372,0.059,0.0298,0.1118,0.3752,0.1025,Premium Travel & Dining Elite
C03039,21-30,North,Gold,41,161,177664.69,1103.51,8,0,0.1053,0.0674,0.2002,0.3362,0.008,0.0755,0.0489,0.1586,Everyday Essentials Loyalists
C03040,51+,West,Gold,15,146,279240.18,1912.6,8,3,0.0812,0.2812,0.0335,0.0554,0.0262,0.4113,0.0837,0.0276,Digital Shoppers (New)
C03041,51+,North,Gold,47,158,164087.52,1038.53,8,3,0.1367,0.037,0.2039,0.2736,0.0484,0.0885,0.0714,0.1405,Everyday Essentials Loyalists
C03042,31-40,South,Gold,46,13,13897.54,1069.04,7,291,0.06,0.0,0.1083,0.3428,0.0547,0.2382,0.0578,0.1381,Lapsed / Dormant
C03043,21-30,West,Gold,33,27,35281.87,1306.74,7,21,0.0587,0.1073,0.0549,0.1024,0.0757,0.1724,0.0,0.4286,Low-Engagement Occasional
C03044,41-50,South,Classic,17,141,257520.15,1826.38,8,0,0.0765,0.2136,0.0099,0.0517,0.0355,0.48,0.0866,0.0462,Digital Shoppers (New)
C03045,51+,West,Gold,21,31,48876.38,1576.66,7,24,0.0605,0.0,0.0527,0.3269,0.0391,0.2437,0.0943,0.1828,Low-Engagement Occasional
C03046,41-50,North,Gold,47,22,26944.63,1224.76,7,257,0.2196,0.0,0.02,0.3143,0.0813,0.1323,0.0374,0.1949,Lapsed / Dormant
C03047,41-50,West,Gold,21,122,226117.15,1853.42,8,2,0.1103,0.3301,0.0672,0.0638,0.0914,0.2435,0.0913,0.0025,Digital Shoppers (New)
C03048,41-50,West,Classic,23,127,250483.79,1972.31,8,0,0.0621,0.2702,0.0231,0.0846,0.0299,0.434,0.04,0.056,Digital Shoppers (New)
C03049,51+,South,Platinum,60,20,24410.17,1220.51,7,261,0.2158,0.0,0.0402,0.2737,0.037,0.1412,0.1131,0.179,Lapsed / Dormant
C03050,21-30,East,Classic,45,171,189852.03,1110.25,8,1,0.0574,0.0711,0.2251,0.2805,0.0521,0.0929,0.0963,0.1246,Everyday Essentials Loyalists
C03051,21-30,South,Gold,51,27,32437.14,1201.38,8,276,0.0746,0.0907,0.1813,0.1985,0.0242,0.1331,0.1226,0.175,Lapsed / Dormant
C03052,41-50,West,Gold,67,106,861219.61,8124.71,8,3,0.1332,0.0507,0.0258,0.0677,0.0447,0.2174,0.3972,0.0633,Premium Travel & Dining Elite
C03053,21-30,West,Classic,8,139,283015.36,2036.08,8,1,0.0915,0.2222,0.0354,0.0518,0.0663,0.3194,0.1712,0.0422,Digital Shoppers (New)
C03054,31-40,West,Classic,23,36,61970.82,1721.41,8,21,0.0428,0.1201,0.031,0.1967,0.029,0.2465,0.1239,0.2099,Low-Engagement Occasional
C03055,31-40,West,Classic,12,131,265010.82,2022.98,8,6,0.1649,0.1491,0.0672,0.0461,0.0564,0.2991,0.1471,0.07,Digital Shoppers (New)
C03056,21-30,East,Classic,3,127,239092.4,1882.62,8,4,0.1712,0.2315,0.0663,0.0269,0.0735,0.261,0.1056,0.064,Digital Shoppers (New)
C03057,21-30,East,Platinum,18,123,254894.89,2072.32,8,7,0.0844,0.1851,0.0114,0.116,0.0291,0.378,0.1573,0.0387,Digital Shoppers (New)
C03058,31-40,South,Gold,52,172,192564.53,1119.56,8,3,0.0942,0.0533,0.1549,0.2953,0.0653,0.0746,0.1352,0.1272,Everyday Essentials Loyalists
C03059,31-40,West,Classic,34,175,198079.71,1131.88,8,0,0.0788,0.0275,0.2207,0.3324,0.0486,0.0853,0.0961,0.1107,Everyday Essentials Loyalists
C03060,31-40,West,Classic,46,180,196999.98,1094.44,8,1,0.1438,0.0601,0.1616,0.2936,0.0271,0.0879,0.0633,0.1626,Everyday Essentials Loyalists
C03061,31-40,East,Classic,7,150,265053.21,1767.02,8,3,0.1448,0.238,0.0435,0.0427,0.0657,0.327,0.0924,0.0459,Digital Shoppers (New)
C03062,51+,North,Gold,3,135,235689.25,1745.85,8,0,0.1044,0.2306,0.0692,0.0726,0.0389,0.3923,0.0349,0.057,Digital Shoppers (New)
C03063,31-40,South,Gold,62,160,170506.14,1065.66,8,1,0.0871,0.0414,0.1665,0.3417,0.058,0.1058,0.0716,0.1279,Everyday Essentials Loyalists
C03064,51+,West,Classic,37,41,48329.7,1178.77,8,157,0.0354,0.0917,0.1257,0.133,0.1282,0.2579,0.1003,0.1277,Lapsed / Dormant
C03065,31-40,West,Classic,29,160,171815.04,1073.84,8,6,0.037,0.0568,0.2028,0.3401,0.0389,0.1388,0.0603,0.1253,Everyday Essentials Loyalists
C03066,21-30,North,Gold,16,113,203128.95,1797.6,8,0,0.1438,0.2461,0.0421,0.1074,0.0205,0.273,0.0981,0.0689,Digital Shoppers (New)
C03067,41-50,North,Gold,44,188,202713.03,1078.26,8,2,0.0951,0.0627,0.1784,0.3625,0.0538,0.1067,0.0285,0.1123,Everyday Essentials Loyalists
C03068,41-50,South,Classic,48,165,182420.92,1105.58,8,5,0.0994,0.027,0.187,0.2919,0.0351,0.1253,0.1091,0.1252,Everyday Essentials Loyalists
C03069,21-30,North,Classic,50,35,45993.88,1314.11,8,7,0.1585,0.114,0.0813,0.2471,0.0446,0.146,0.0244,0.1842,Low-Engagement Occasional
C03070,41-50,West,Classic,6,125,222405.05,1779.24,8,0,0.0871,0.2087,0.0626,0.0542,0.0845,0.342,0.1145,0.0465,Digital Shoppers (New)
C03071,41-50,South,Platinum,54,100,856598.17,8565.98,8,2,0.1915,0.0661,0.0317,0.0578,0.038,0.1153,0.4619,0.0376,Premium Travel & Dining Elite
C03072,21-30,South,Gold,64,21,18882.21,899.15,6,272,0.2129,0.0166,0.189,0.2906,0.0,0.2379,0.0,0.0531,Lapsed / Dormant
C03073,31-40,North,Gold,39,29,34598.2,1193.04,8,0,0.2116,0.1125,0.0889,0.1909,0.1704,0.0545,0.1019,0.0693,Low-Engagement Occasional
C03074,21-30,South,Classic,38,31,42425.62,1368.57,7,15,0.0873,0.198,0.0441,0.2119,0.0754,0.1411,0.0,0.2421,Low-Engagement Occasional
C03075,21-30,West,Gold,42,33,40901.84,1239.45,8,211,0.0462,0.1021,0.0979,0.2564,0.1215,0.1596,0.0764,0.1399,Lapsed / Dormant
C03076,51+,South,Platinum,59,28,33250.06,1187.5,6,191,0.213,0.0,0.1655,0.1019,0.0,0.1283,0.1721,0.2192,Lapsed / Dormant
C03077,31-40,North,Gold,50,167,192494.29,1152.66,8,0,0.0743,0.0486,0.1795,0.2527,0.0218,0.0935,0.1967,0.1329,Everyday Essentials Loyalists
C03078,41-50,North,Gold,15,128,250476.8,1956.85,8,0,0.1277,0.2247,0.0249,0.0562,0.0825,0.3138,0.1394,0.0308,Digital Shoppers (New)
C03079,41-50,West,Classic,8,130,241949.31,1861.15,8,3,0.162,0.1494,0.0101,0.0216,0.061,0.4013,0.1103,0.0842,Digital Shoppers (New)
C03080,51+,West,Gold,43,184,185754.35,1009.53,8,3,0.0402,0.0377,0.1724,0.3334,0.0734,0.104,0.0541,0.1848,Everyday Essentials Loyalists
C03081,31-40,North,Classic,58,163,183085.47,1123.22,8,8,0.0685,0.1165,0.1961,0.3391,0.029,0.0988,0.0488,0.1031,Everyday Essentials Loyalists
C03082,31-40,East,Gold,49,95,833019.14,8768.62,8,1,0.1202,0.0811,0.0136,0.0623,0.0678,0.143,0.4796,0.0323,Premium Travel & Dining Elite
C03083,31-40,North,Gold,6,128,216607.57,1692.25,8,0,0.1736,0.1983,0.0433,0.0638,0.1045,0.2891,0.0246,0.1028,Digital Shoppers (New)
C03084,41-50,East,Classic,23,30,33326.42,1110.88,7,10,0.1592,0.0986,0.0228,0.1802,0.0223,0.1289,0.0,0.3879,Low-Engagement Occasional
C03085,31-40,North,Classic,25,31,45054.82,1453.38,8,28,0.0737,0.0473,0.0527,0.1908,0.0668,0.2538,0.1661,0.1488,Low-Engagement Occasional
C03086,41-50,West,Classic,41,180,201437.87,1119.1,8,1,0.1077,0.0578,0.2451,0.3067,0.0182,0.0927,0.0459,0.1259,Everyday Essentials Loyalists
C03087,31-40,West,Classic,51,151,151359.75,1002.38,8,0,0.081,0.078,0.2042,0.3354,0.0636,0.0965,0.0345,0.1069,Everyday Essentials Loyalists
C03088,21-30,North,Classic,18,132,282433.1,2139.64,8,2,0.1134,0.1435,0.0655,0.0913,0.0406,0.2685,0.1987,0.0785,Digital Shoppers (New)
C03089,51+,South,Classic,14,140,279673.24,1997.67,8,0,0.1427,0.2037,0.0082,0.0756,0.0477,0.3186,0.1266,0.0768,Digital Shoppers (New)
C03090,41-50,North,Classic,50,16,19297.63,1206.1,6,289,0.1845,0.1153,0.1131,0.2991,0.0819,0.2061,0.0,0.0,Lapsed / Dormant
C03091,31-40,South,Gold,54,47,60025.04,1277.13,8,166,0.2235,0.056,0.1729,0.1043,0.0302,0.2344,0.0712,0.1074,Lapsed / Dormant
C03092,41-50,North,Classic,31,19,20233.31,1064.91,8,288,0.0503,0.0803,0.0842,0.2196,0.1984,0.1237,0.16,0.0835,Lapsed / Dormant
C03093,31-40,North,Classic,40,28,37647.12,1344.54,8,7,0.0139,0.0537,0.0548,0.3789,0.0534,0.0221,0.1537,0.2694,Low-Engagement Occasional
C03094,41-50,West,Gold,39,36,52253.62,1451.49,8,218,0.1478,0.0219,0.1682,0.1077,0.01,0.1673,0.2402,0.1369,Lapsed / Dormant
C03095,31-40,North,Gold,9,125,221094.86,1768.76,8,2,0.0915,0.2384,0.016,0.0303,0.075,0.3977,0.092,0.0591,Digital Shoppers (New)
C03096,31-40,West,Gold,63,125,958526.17,7668.21,8,3,0.1024,0.106,0.0088,0.0588,0.0304,0.1663,0.5061,0.0211,Premium Travel & Dining Elite
C03097,21-30,North,Platinum,59,108,831372.86,7697.9,8,1,0.2191,0.1093,0.049,0.0781,0.013,0.1298,0.3506,0.0513,Premium Travel & Dining Elite
C03098,21-30,South,Classic,46,186,229326.14,1232.94,8,1,0.1192,0.0746,0.1543,0.2454,0.0428,0.0672,0.1583,0.1383,Everyday Essentials Loyalists
C03099,41-50,South,Classic,43,169,182299.45,1078.69,8,0,0.0918,0.0394,0.2192,0.3278,0.0466,0.091,0.0515,0.1328,Everyday Essentials Loyalists
C03100,31-40,West,Gold,39,176,214418.99,1218.29,8,5,0.0588,0.0494,0.1949,0.232,0.0745,0.1456,0.1061,0.1388,Everyday Essentials Loyalists
C03101,21-30,North,Gold,63,49,64089.04,1307.94,8,167,0.0881,0.0064,0.091,0.2652,0.07,0.1589,0.1751,0.1453,Lapsed / Dormant
C03102,21-30,North,Classic,49,173,187179.49,1081.96,8,1,0.0969,0.0827,0.187,0.4105,0.0153,0.0379,0.0561,0.1136,Everyday Essentials Loyalists
C03103,31-40,West,Gold,51,49,54630.12,1114.9,8,151,0.1081,0.0501,0.0889,0.1708,0.0079,0.3208,0.0636,0.1897,Lapsed / Dormant
C03104,41-50,West,Classic,36,26,33977.59,1306.83,8,0,0.1905,0.0898,0.1422,0.1868,0.0208,0.1615,0.0617,0.1468,Low-Engagement Occasional
C03105,31-40,East,Platinum,6,140,256099.76,1829.28,8,3,0.1004,0.2154,0.0448,0.1041,0.0967,0.3215,0.0892,0.0279,Digital Shoppers (New)
C03106,41-50,North,Gold,51,32,39663.1,1239.47,8,15,0.0798,0.1375,0.1168,0.2298,0.2296,0.0514,0.0186,0.1365,Low-Engagement Occasional
C03107,51+,North,Gold,31,192,199102.19,1036.99,8,0,0.113,0.0514,0.1783,0.3025,0.0585,0.1119,0.0618,0.1226,Everyday Essentials Loyalists
C03108,31-40,West,Gold,15,112,196526.43,1754.7,8,4,0.1481,0.285,0.0391,0.0749,0.0697,0.2969,0.0399,0.0464,Digital Shoppers (New)
C03109,41-50,East,Classic,39,152,179572.56,1181.4,8,10,0.108,0.0337,0.1629,0.3149,0.018,0.0834,0.2107,0.0683,Everyday Essentials Loyalists
C03110,21-30,East,Gold,44,28,36284.64,1295.88,8,201,0.0794,0.1166,0.0267,0.0933,0.0503,0.2175,0.303,0.1132,Lapsed / Dormant
C03111,31-40,North,Gold,37,183,210853.71,1152.21,8,0,0.0647,0.0496,0.2528,0.3177,0.0364,0.1097,0.0425,0.1267,Everyday Essentials Loyalists
C03112,21-30,North,Classic,34,167,194246.89,1163.16,8,8,0.1371,0.046,0.1452,0.2947,0.0575,0.0812,0.05,0.1884,Everyday Essentials Loyalists
C03113,21-30,West,Classic,41,33,51544.63,1561.96,8,10,0.2135,0.0122,0.0805,0.0423,0.1144,0.2132,0.15,0.1739,Low-Engagement Occasional
C03114,21-30,West,Gold,3,126,268359.65,2129.84,8,5,0.1523,0.2121,0.0355,0.0329,0.0393,0.4088,0.0829,0.0362,Digital Shoppers (New)
C03115,21-30,North,Classic,23,134,238141.62,1777.18,8,4,0.0956,0.2532,0.0668,0.0508,0.0372,0.3716,0.0709,0.054,Digital Shoppers (New)
C03116,41-50,West,Platinum,20,121,275586.5,2277.57,8,2,0.0728,0.1873,0.0436,0.0372,0.0818,0.4349,0.1161,0.0262,Digital Shoppers (New)
C03117,31-40,East,Classic,38,170,170441.36,1002.6,8,5,0.1325,0.0568,0.2073,0.3322,0.0269,0.0652,0.0456,0.1335,Everyday Essentials Loyalists
C03118,51+,South,Classic,35,19,28648.44,1507.81,7,5,0.1396,0.1579,0.0406,0.3027,0.0711,0.1211,0.0,0.167,Low-Engagement Occasional
C03119,31-40,South,Classic,40,177,203531.54,1149.9,8,7,0.1084,0.0794,0.1967,0.3242,0.0264,0.0686,0.049,0.1473,Everyday Essentials Loyalists
C03120,41-50,West,Classic,30,194,240163.17,1237.95,8,0,0.0838,0.0484,0.14,0.3399,0.0237,0.0946,0.2004,0.0692,Everyday Essentials Loyalists
C03121,21-30,South,Classic,31,189,196846.81,1041.52,8,2,0.1082,0.0209,0.2475,0.2331,0.0356,0.082,0.0979,0.1748,Everyday Essentials Loyalists
C03122,31-40,East,Gold,48,178,198623.99,1115.87,8,0,0.0845,0.1053,0.144,0.3347,0.0452,0.0367,0.1206,0.129,Everyday Essentials Loyalists
C03123,31-40,West,Classic,48,189,206969.76,1095.08,8,0,0.0614,0.041,0.2525,0.3224,0.032,0.103,0.0252,0.1625,Everyday Essentials Loyalists
C03124,51+,North,Classic,16,139,246514.53,1773.49,8,1,0.1157,0.2292,0.0315,0.0823,0.0266,0.376,0.059,0.0797,Digital Shoppers (New)
C03125,51+,West,Gold,38,180,206770.57,1148.73,8,2,0.1054,0.061,0.1868,0.2932,0.0365,0.1143,0.1021,0.1006,Everyday Essentials Loyalists
C03126,21-30,South,Classic,40,173,188328.55,1088.6,8,2,0.0884,0.0473,0.1618,0.3472,0.0201,0.0756,0.0742,0.1853,Everyday Essentials Loyalists
C03127,41-50,South,Classic,10,132,250791.01,1899.93,8,1,0.0848,0.2312,0.024,0.0785,0.0558,0.3278,0.1525,0.0455,Digital Shoppers (New)
C03128,41-50,East,Gold,42,110,988980.93,8990.74,8,2,0.1316,0.0586,0.0014,0.0641,0.0926,0.1896,0.4477,0.0145,Premium Travel & Dining Elite
C03129,31-40,East,Gold,30,31,43804.99,1413.06,8,28,0.053,0.2318,0.1016,0.16,0.0931,0.1071,0.1061,0.1474,Low-Engagement Occasional
C03130,21-30,South,Classic,53,35,51774.49,1479.27,8,145,0.1031,0.1922,0.1267,0.1768,0.0304,0.0491,0.1481,0.1736,Lapsed / Dormant
C03131,41-50,East,Gold,42,178,196338.48,1103.03,8,0,0.0699,0.0591,0.2036,0.3481,0.0297,0.0371,0.1281,0.1242,Everyday Essentials Loyalists
C03132,41-50,West,Classic,65,32,38574.23,1205.44,8,236,0.0964,0.1636,0.0907,0.1045,0.0503,0.2738,0.0707,0.1498,Lapsed / Dormant
C03133,31-40,West,Platinum,49,103,859729.47,8346.89,8,0,0.1909,0.0519,0.0132,0.0635,0.0153,0.1853,0.4531,0.0268,Premium Travel & Dining Elite
C03134,31-40,West,Gold,53,116,1051290.59,9062.85,8,2,0.1746,0.0447,0.0309,0.0718,0.0341,0.1532,0.4324,0.0584,Premium Travel & Dining Elite
C03135,21-30,North,Gold,31,28,37394.38,1335.51,7,13,0.0965,0.0413,0.1048,0.1803,0.1623,0.0518,0.0,0.363,Low-Engagement Occasional
C03136,51+,South,Classic,32,37,50156.19,1355.57,8,27,0.0198,0.0786,0.1564,0.2188,0.0798,0.1401,0.0942,0.2123,Low-Engagement Occasional
C03137,21-30,East,Gold,10,30,44484.74,1482.82,8,7,0.0993,0.0487,0.2495,0.1919,0.1753,0.097,0.0481,0.0902,Low-Engagement Occasional
C03138,21-30,North,Gold,66,110,895246.44,8138.6,8,0,0.2598,0.0852,0.0042,0.0573,0.0339,0.1006,0.4208,0.0381,Premium Travel & Dining Elite
C03139,31-40,West,Classic,32,37,61472.55,1661.42,8,4,0.07,0.0807,0.03,0.1104,0.1762,0.1541,0.1494,0.2292,Low-Engagement Occasional
C03140,41-50,South,Gold,20,156,183483.89,1176.18,8,1,0.0896,0.0182,0.1978,0.3121,0.0461,0.0679,0.0818,0.1864,Everyday Essentials Loyalists
C03141,41-50,North,Classic,40,159,172245.25,1083.3,8,1,0.0971,0.0477,0.2477,0.3087,0.0296,0.0888,0.0711,0.1092,Everyday Essentials Loyalists
C03142,21-30,North,Classic,33,184,206051.46,1119.84,8,3,0.1202,0.1095,0.2048,0.2752,0.0568,0.0619,0.0613,0.1103,Everyday Essentials Loyalists
C03143,21-30,North,Gold,43,25,35620.62,1424.82,7,234,0.0869,0.0,0.0288,0.1496,0.047,0.2967,0.2867,0.1043,Lapsed / Dormant
C03144,41-50,South,Platinum,46,115,1097026.9,9539.36,8,8,0.1558,0.0691,0.015,0.0294,0.0399,0.1711,0.4711,0.0486,Premium Travel & Dining Elite
C03145,31-40,East,Gold,34,39,51423.28,1318.55,8,1,0.1508,0.1915,0.074,0.1281,0.0956,0.2443,0.0557,0.0599,Low-Engagement Occasional
C03146,21-30,East,Platinum,31,121,238092.06,1967.7,8,1,0.0679,0.1981,0.0174,0.0816,0.0624,0.3453,0.2051,0.0222,Digital Shoppers (New)
C03147,51+,North,Classic,32,34,51303.02,1508.91,7,3,0.0,0.0542,0.0969,0.2809,0.0801,0.1123,0.1375,0.2381,Low-Engagement Occasional
C03148,21-30,North,Classic,8,32,47274.06,1477.31,7,10,0.0146,0.0907,0.1762,0.1472,0.0,0.2229,0.2069,0.1415,Low-Engagement Occasional
C03149,31-40,West,Gold,32,38,52299.59,1376.3,8,33,0.1006,0.0913,0.0809,0.0448,0.117,0.1151,0.1064,0.3439,Low-Engagement Occasional
C03150,21-30,North,Classic,40,175,191811.91,1096.07,8,11,0.0985,0.0429,0.2166,0.3146,0.0387,0.1044,0.0682,0.116,Everyday Essentials Loyalists
C03151,41-50,South,Platinum,48,108,936663.49,8672.81,8,9,0.1767,0.016,0.0395,0.0336,0.0523,0.1644,0.5078,0.0097,Premium Travel & Dining Elite
C03152,41-50,South,Classic,17,141,274805.2,1948.97,8,0,0.1773,0.1567,0.0424,0.0422,0.067,0.4507,0.038,0.0258,Digital Shoppers (New)
C03153,31-40,East,Classic,50,164,181166.93,1104.68,8,1,0.0875,0.0653,0.1921,0.3594,0.0896,0.1066,0.0186,0.0808,Everyday Essentials Loyalists
C03154,41-50,West,Gold,53,99,832092.43,8404.97,8,7,0.1741,0.0998,0.03,0.1143,0.0289,0.1908,0.3562,0.0059,Premium Travel & Dining Elite
C03155,51+,East,Classic,25,170,201344.74,1184.38,8,1,0.1501,0.0604,0.1565,0.3278,0.0657,0.0706,0.0779,0.0909,Everyday Essentials Loyalists
C03156,41-50,West,Gold,21,186,203565.19,1094.44,8,0,0.0667,0.0345,0.1805,0.3096,0.032,0.0845,0.1016,0.1906,Everyday Essentials Loyalists
C03157,31-40,West,Gold,53,117,955048.41,8162.81,7,3,0.2022,0.0609,0.0,0.0414,0.0287,0.1899,0.4526,0.0242,Premium Travel & Dining Elite
C03158,31-40,North,Gold,58,110,858619.53,7805.63,8,0,0.1881,0.0325,0.0316,0.1004,0.0568,0.103,0.45,0.0376,Premium Travel & Dining Elite
C03159,51+,North,Classic,42,32,33439.18,1044.97,8,223,0.0592,0.0778,0.0818,0.2442,0.0193,0.2276,0.0866,0.2035,Lapsed / Dormant
C03160,21-30,South,Gold,35,150,167326.16,1115.51,8,5,0.1186,0.0399,0.281,0.2804,0.0269,0.0629,0.1286,0.0616,Everyday Essentials Loyalists
C03161,21-30,South,Classic,53,50,61948.93,1238.98,8,141,0.0955,0.053,0.0871,0.1333,0.0776,0.166,0.2159,0.1716,Lapsed / Dormant
C03162,21-30,East,Gold,52,44,52302.24,1188.69,8,153,0.1207,0.1133,0.1982,0.1546,0.0143,0.1479,0.1304,0.1205,Lapsed / Dormant
C03163,41-50,North,Classic,43,156,187629.53,1202.75,8,0,0.0961,0.0582,0.1917,0.2824,0.055,0.0378,0.1686,0.1101,Everyday Essentials Loyalists
C03164,21-30,North,Classic,38,29,41000.99,1413.83,8,2,0.0931,0.067,0.2549,0.0948,0.0983,0.1676,0.019,0.2054,Low-Engagement Occasional
C03165,31-40,South,Gold,7,112,210070.85,1875.63,8,2,0.1392,0.2309,0.0204,0.0387,0.073,0.3265,0.1269,0.0444,Digital Shoppers (New)
C03166,41-50,East,Gold,19,33,53987.36,1635.98,8,1,0.0666,0.1468,0.1134,0.2557,0.0911,0.0418,0.1711,0.1134,Low-Engagement Occasional
C03167,21-30,East,Platinum,54,107,975620.6,9117.95,8,0,0.1579,0.0717,0.0131,0.0508,0.0143,0.1059,0.5754,0.0109,Premium Travel & Dining Elite
C03168,31-40,West,Gold,36,171,205313.76,1200.67,8,0,0.1237,0.0522,0.1991,0.3323,0.0294,0.0925,0.0205,0.1504,Everyday Essentials Loyalists
C03169,31-40,North,Platinum,39,121,1013716.07,8377.82,8,0,0.1449,0.0828,0.0031,0.0589,0.0502,0.114,0.5317,0.0144,Premium Travel & Dining Elite
C03170,21-30,South,Platinum,8,129,242679.81,1881.24,8,13,0.1254,0.2374,0.0139,0.0333,0.0412,0.3711,0.1267,0.0509,Digital Shoppers (New)
C03171,51+,West,Gold,59,18,16427.76,912.65,6,245,0.2169,0.0626,0.0248,0.2442,0.0,0.2501,0.2014,0.0,Lapsed / Dormant
C03172,21-30,East,Classic,38,22,30989.28,1408.6,6,5,0.44,0.0,0.0557,0.2346,0.0289,0.105,0.0,0.1357,Low-Engagement Occasional
C03173,41-50,East,Classic,35,33,45225.87,1370.48,8,10,0.2364,0.0349,0.1791,0.122,0.0321,0.1225,0.1232,0.1499,Low-Engagement Occasional
C03174,31-40,South,Gold,49,15,19577.59,1305.17,7,287,0.0808,0.0,0.058,0.1488,0.1711,0.2385,0.2903,0.0125,Lapsed / Dormant
C03175,21-30,North,Platinum,44,28,44061.94,1573.64,7,24,0.0,0.0624,0.0674,0.1112,0.2088,0.1834,0.1666,0.2001,Low-Engagement Occasional
C03176,21-30,West,Gold,49,101,867431.62,8588.43,8,2,0.0839,0.0686,0.0405,0.074,0.0512,0.1855,0.4723,0.0239,Premium Travel & Dining Elite
C03177,31-40,East,Gold,38,18,20902.69,1161.26,8,245,0.2129,0.0666,0.0682,0.0376,0.1509,0.0992,0.0919,0.2728,Lapsed / Dormant
C03178,31-40,East,Gold,53,194,230390.08,1187.58,8,1,0.1078,0.0372,0.1838,0.2597,0.046,0.0994,0.1253,0.1408,Everyday Essentials Loyalists
C03179,21-30,South,Platinum,60,98,720982.45,7356.96,8,6,0.1973,0.0719,0.0293,0.0401,0.0412,0.1356,0.4533,0.0312,Premium Travel & Dining Elite
C03180,51+,South,Classic,7,140,257103.39,1836.45,8,1,0.1402,0.1721,0.0386,0.0749,0.0715,0.3356,0.1014,0.0657,Digital Shoppers (New)
C03181,31-40,North,Gold,53,21,20388.83,970.9,7,261,0.0664,0.0,0.4657,0.0622,0.1019,0.1162,0.045,0.1426,Lapsed / Dormant
C03182,51+,West,Classic,37,182,193867.43,1065.21,8,0,0.1125,0.0127,0.2238,0.3193,0.0616,0.063,0.0832,0.1238,Everyday Essentials Loyalists
C03183,21-30,South,Gold,5,127,244542.35,1925.53,8,6,0.1094,0.1911,0.029,0.028,0.0579,0.4119,0.1028,0.07,Digital Shoppers (New)
C03184,21-30,North,Gold,33,151,173024.56,1145.86,8,4,0.1002,0.0706,0.191,0.3292,0.0647,0.1043,0.0214,0.1186,Everyday Essentials Loyalists
C03185,31-40,South,Platinum,63,106,825368.16,7786.49,8,3,0.153,0.0307,0.0333,0.0892,0.016,0.1142,0.5417,0.022,Premium Travel & Dining Elite
C03186,31-40,West,Gold,62,123,1058422.57,8605.06,8,3,0.1443,0.085,0.0369,0.1064,0.019,0.1245,0.4691,0.0147,Premium Travel & Dining Elite
C03187,21-30,South,Classic,45,18,18179.21,1009.96,7,10,0.0585,0.161,0.0,0.1095,0.2516,0.1606,0.075,0.1837,Low-Engagement Occasional
C03188,21-30,South,Classic,45,24,35264.99,1469.37,6,298,0.0,0.0,0.1829,0.3492,0.0124,0.156,0.1838,0.1158,Lapsed / Dormant
C03189,21-30,East,Classic,38,130,129933.4,999.49,8,1,0.0972,0.0344,0.2234,0.3161,0.0317,0.1043,0.0315,0.1615,Everyday Essentials Loyalists
C03190,41-50,West,Classic,56,152,181778.27,1195.91,8,2,0.0743,0.0539,0.1056,0.2866,0.0471,0.1351,0.0723,0.2251,Everyday Essentials Loyalists
C03191,31-40,East,Gold,51,167,189905.38,1137.16,8,2,0.0726,0.0477,0.152,0.3421,0.0272,0.0797,0.0994,0.1793,Everyday Essentials Loyalists
C03192,51+,West,Gold,61,113,954205.14,8444.29,8,1,0.148,0.0858,0.0111,0.0343,0.0831,0.1525,0.4575,0.0277,Premium Travel & Dining Elite
C03193,21-30,North,Gold,3,149,271591.48,1822.76,8,0,0.0804,0.2094,0.0157,0.0469,0.1032,0.402,0.1221,0.0204,Digital Shoppers (New)
C03194,31-40,West,Classic,21,28,35774.82,1277.67,8,2,0.0251,0.0872,0.2533,0.1045,0.1924,0.1028,0.0715,0.1631,Low-Engagement Occasional
C03195,31-40,West,Classic,3,136,267661.87,1968.1,8,9,0.0623,0.2951,0.0124,0.0634,0.0228,0.3946,0.114,0.0353,Digital Shoppers (New)
C03196,31-40,South,Classic,42,157,181175.8,1153.99,8,10,0.0559,0.0664,0.2727,0.3385,0.019,0.0983,0.0549,0.0942,Everyday Essentials Loyalists
C03197,51+,East,Gold,8,138,249759.64,1809.85,8,0,0.1491,0.185,0.03,0.0809,0.0444,0.2998,0.1412,0.0697,Digital Shoppers (New)
C03198,41-50,North,Gold,76,124,934618.61,7537.25,8,1,0.1693,0.0963,0.0115,0.027,0.045,0.1993,0.3918,0.0599,Premium Travel & Dining Elite
C03199,21-30,South,Gold,26,164,169298.86,1032.31,8,8,0.0998,0.0621,0.1695,0.3259,0.0274,0.0653,0.0784,0.1716,Everyday Essentials Loyalists
C03200,31-40,North,Gold,36,39,51222.28,1313.39,8,180,0.1252,0.0676,0.0794,0.3594,0.0613,0.0121,0.1203,0.1747,Lapsed / Dormant
C03201,41-50,North,Classic,32,30,37539.54,1251.32,8,2,0.1714,0.0372,0.0537,0.2117,0.115,0.0725,0.0786,0.26,Low-Engagement Occasional
C03202,21-30,West,Gold,53,24,33340.66,1389.19,6,237,0.1817,0.0,0.044,0.2566,0.0,0.2407,0.2455,0.0316,Lapsed / Dormant
C03203,31-40,North,Platinum,22,36,45339.0,1259.42,6,170,0.0295,0.141,0.0,0.2322,0.0,0.2021,0.2437,0.1515,Lapsed / Dormant
C03204,31-40,East,Classic,3,158,270778.93,1713.79,8,0,0.1027,0.2048,0.0483,0.0399,0.0767,0.3595,0.1308,0.0372,Digital Shoppers (New)
C03205,31-40,South,Gold,45,22,29225.63,1328.44,8,245,0.2396,0.0311,0.2239,0.3135,0.0806,0.0125,0.0792,0.0195,Lapsed / Dormant
C03206,31-40,South,Gold,55,161,182457.46,1133.28,8,0,0.1321,0.0698,0.1615,0.2824,0.0189,0.1164,0.0747,0.1443,Everyday Essentials Loyalists
C03207,31-40,South,Classic,78,110,938035.16,8527.59,8,0,0.1218,0.0427,0.0219,0.0314,0.0774,0.1741,0.5022,0.0284,Premium Travel & Dining Elite
C03208,51+,South,Platinum,55,95,742149.55,7812.1,7,1,0.1674,0.0719,0.0,0.0323,0.0693,0.1699,0.4679,0.0213,Premium Travel & Dining Elite
C03209,31-40,East,Platinum,58,132,1073274.38,8130.87,8,0,0.1881,0.0856,0.0151,0.0462,0.0228,0.1308,0.4935,0.0179,Premium Travel & Dining Elite
C03210,51+,West,Gold,51,111,855280.23,7705.23,8,2,0.1274,0.0685,0.0424,0.0195,0.0146,0.177,0.514,0.0368,Premium Travel & Dining Elite
C03211,41-50,South,Gold,48,167,195372.71,1169.9,8,0,0.0858,0.0809,0.1842,0.2826,0.0506,0.1179,0.1021,0.0959,Everyday Essentials Loyalists
C03212,31-40,West,Classic,45,28,47765.37,1705.91,8,13,0.2656,0.0386,0.0852,0.2165,0.0287,0.1464,0.0419,0.1771,Low-Engagement Occasional
C03213,31-40,East,Classic,42,40,69202.52,1730.06,8,35,0.0335,0.1323,0.0946,0.2477,0.0312,0.1904,0.1909,0.0794,Low-Engagement Occasional
C03214,31-40,East,Classic,13,141,240952.54,1708.88,8,2,0.1145,0.169,0.056,0.0779,0.0411,0.3356,0.1248,0.0811,Digital Shoppers (New)
C03215,41-50,North,Gold,33,165,173500.28,1051.52,8,1,0.0957,0.0288,0.1329,0.363,0.0428,0.0931,0.0751,0.1686,Everyday Essentials Loyalists
C03216,21-30,North,Gold,30,35,46141.69,1318.33,8,2,0.0416,0.0545,0.0505,0.3185,0.1149,0.2254,0.1559,0.0387,Low-Engagement Occasional
C03217,51+,West,Classic,55,179,206803.96,1155.33,8,5,0.1136,0.0772,0.1677,0.2682,0.0377,0.1314,0.0734,0.1306,Everyday Essentials Loyalists
C03218,31-40,East,Platinum,55,123,1004239.0,8164.54,8,0,0.143,0.1066,0.0203,0.0571,0.0398,0.1778,0.4315,0.0239,Premium Travel & Dining Elite
C03219,41-50,South,Classic,23,190,213122.33,1121.7,8,0,0.0936,0.0713,0.1896,0.3054,0.0213,0.0848,0.0901,0.1439,Everyday Essentials Loyalists
C03220,31-40,West,Classic,38,174,205568.57,1181.43,8,2,0.0578,0.0801,0.1521,0.403,0.0102,0.0946,0.1108,0.0914,Everyday Essentials Loyalists
C03221,31-40,South,Classic,39,165,186483.92,1130.21,8,4,0.0888,0.0425,0.2371,0.3158,0.0316,0.0728,0.0644,0.147,Everyday Essentials Loyalists
C03222,41-50,West,Platinum,11,37,57817.01,1562.62,8,4,0.1548,0.1366,0.136,0.1126,0.0153,0.1662,0.0934,0.1851,Low-Engagement Occasional
C03223,41-50,South,Classic,32,27,35413.18,1311.6,7,10,0.0,0.0463,0.0718,0.2273,0.0927,0.0899,0.0956,0.3764,Low-Engagement Occasional
C03224,21-30,West,Classic,35,20,30387.8,1519.39,8,5,0.0611,0.1315,0.1745,0.1643,0.0416,0.0954,0.0448,0.2867,Low-Engagement Occasional
C03225,31-40,North,Platinum,78,109,919700.45,8437.62,8,1,0.2201,0.0822,0.0216,0.0434,0.0547,0.1562,0.4186,0.0032,Premium Travel & Dining Elite
C03226,31-40,North,Classic,16,28,44892.08,1603.29,8,1,0.0311,0.0481,0.1182,0.2072,0.0213,0.2313,0.0714,0.2714,Low-Engagement Occasional
C03227,41-50,East,Gold,37,33,47951.09,1453.06,8,4,0.0779,0.112,0.1133,0.2052,0.0541,0.1615,0.13,0.146,Low-Engagement Occasional
C03228,31-40,North,Classic,51,164,182806.72,1114.68,8,1,0.0896,0.0206,0.1764,0.3976,0.0286,0.0961,0.0809,0.1102,Everyday Essentials Loyalists
C03229,21-30,West,Platinum,19,117,222623.97,1902.77,8,3,0.0718,0.2323,0.0441,0.1091,0.0364,0.3443,0.1266,0.0355,Digital Shoppers (New)
C03230,41-50,East,Gold,3,133,258775.2,1945.68,8,4,0.0961,0.1855,0.0165,0.0646,0.1052,0.3838,0.0851,0.0633,Digital Shoppers (New)
C03231,31-40,North,Classic,31,172,186350.06,1083.43,8,0,0.0879,0.0286,0.2055,0.36,0.0473,0.0658,0.1012,0.1037,Everyday Essentials Loyalists
C03232,31-40,North,Platinum,60,107,935126.76,8739.5,8,7,0.1674,0.1379,0.024,0.0874,0.0144,0.1494,0.386,0.0335,Premium Travel & Dining Elite
C03233,41-50,West,Gold,14,142,267106.41,1881.03,8,0,0.137,0.2806,0.0633,0.0472,0.0886,0.3095,0.0465,0.0273,Digital Shoppers (New)
C03234,41-50,East,Platinum,54,100,841255.28,8412.55,8,13,0.2141,0.0644,0.0116,0.0605,0.0184,0.134,0.4694,0.0276,Premium Travel & Dining Elite
C03235,41-50,West,Classic,54,168,181760.18,1081.91,8,1,0.1019,0.0617,0.1838,0.3577,0.037,0.0689,0.0606,0.1284,Everyday Essentials Loyalists
C03236,21-30,North,Platinum,55,111,928281.74,8362.9,8,1,0.1611,0.0799,0.0278,0.0697,0.0293,0.1468,0.4747,0.0107,Premium Travel & Dining Elite
C03237,21-30,West,Classic,29,47,61386.87,1306.1,8,163,0.2227,0.0555,0.0856,0.1704,0.0274,0.1921,0.2163,0.03,Lapsed / Dormant
C03238,41-50,South,Classic,39,157,166938.41,1063.3,8,0,0.0703,0.0488,0.2085,0.3474,0.0369,0.1126,0.0307,0.1449,Everyday Essentials Loyalists
C03239,21-30,East,Classic,46,188,251719.98,1338.94,8,2,0.1293,0.0524,0.143,0.2957,0.0398,0.1276,0.1005,0.1116,Everyday Essentials Loyalists
C03240,21-30,South,Gold,45,167,217399.23,1301.79,8,0,0.0703,0.0911,0.1694,0.2693,0.0469,0.0757,0.1153,0.162,Everyday Essentials Loyalists
C03241,21-30,North,Gold,51,33,41849.77,1268.17,8,212,0.1967,0.1449,0.1752,0.0905,0.0357,0.0953,0.0732,0.1885,Lapsed / Dormant
C03242,31-40,West,Classic,28,145,259890.22,1792.35,8,2,0.0982,0.2078,0.02,0.0738,0.07,0.3927,0.0539,0.0836,Digital Shoppers (New)
C03243,51+,West,Classic,36,25,32660.53,1306.42,8,249,0.0933,0.1079,0.2395,0.1257,0.0258,0.1167,0.1833,0.1077,Lapsed / Dormant
C03244,21-30,South,Classic,37,157,159090.86,1013.32,8,0,0.1218,0.0784,0.1406,0.355,0.0204,0.1038,0.104,0.076,Everyday Essentials Loyalists
C03245,31-40,West,Gold,75,120,1014664.37,8455.54,8,1,0.1807,0.0661,0.0167,0.0572,0.0332,0.107,0.5033,0.0358,Premium Travel & Dining Elite
C03246,51+,North,Classic,3,119,232962.5,1957.67,8,0,0.0809,0.142,0.0677,0.0984,0.116,0.3685,0.0734,0.0532,Digital Shoppers (New)
C03247,51+,North,Classic,41,153,164961.11,1078.18,8,4,0.0804,0.0563,0.1945,0.27,0.0539,0.1026,0.1224,0.12,Everyday Essentials Loyalists
C03248,21-30,North,Classic,42,30,34942.7,1164.76,8,2,0.1657,0.088,0.0256,0.2088,0.061,0.1621,0.0549,0.2338,Low-Engagement Occasional
C03249,51+,South,Classic,60,8,7335.73,916.97,5,295,0.1482,0.0,0.31,0.109,0.1009,0.3319,0.0,0.0,Lapsed / Dormant
C03250,21-30,North,Platinum,20,144,280921.72,1950.85,8,4,0.1367,0.2719,0.0168,0.0158,0.0163,0.3187,0.1839,0.0399,Digital Shoppers (New)
C03251,41-50,South,Gold,54,14,17511.17,1250.8,8,276,0.0537,0.063,0.1884,0.1831,0.2321,0.0565,0.0854,0.1379,Lapsed / Dormant
C03252,21-30,North,Classic,3,134,275348.9,2054.84,8,4,0.1007,0.159,0.0432,0.0374,0.0437,0.3488,0.1723,0.0948,Digital Shoppers (New)
C03253,31-40,West,Classic,55,177,199416.77,1126.65,8,6,0.1115,0.057,0.1734,0.3105,0.0243,0.1072,0.0801,0.1361,Everyday Essentials Loyalists
C03254,21-30,West,Gold,3,144,279507.16,1941.02,8,0,0.111,0.2524,0.0307,0.0288,0.0751,0.3643,0.0858,0.0519,Digital Shoppers (New)
C03255,41-50,East,Platinum,48,96,757590.07,7891.56,8,5,0.1518,0.077,0.0705,0.0463,0.0341,0.1162,0.4745,0.0297,Premium Travel & Dining Elite
C03256,21-30,North,Classic,33,35,53662.06,1533.2,8,23,0.1455,0.0293,0.1297,0.1944,0.0514,0.1606,0.2397,0.0494,Low-Engagement Occasional
C03257,31-40,West,Gold,55,103,876654.97,8511.21,8,8,0.218,0.0466,0.0239,0.0205,0.0329,0.1424,0.4949,0.0208,Premium Travel & Dining Elite
C03258,41-50,North,Gold,44,167,193382.01,1157.98,8,0,0.0849,0.0419,0.138,0.2992,0.0678,0.1468,0.0838,0.1376,Everyday Essentials Loyalists
C03259,21-30,West,Gold,18,110,211442.31,1922.2,8,2,0.1123,0.266,0.0437,0.0715,0.0158,0.3269,0.1094,0.0543,Digital Shoppers (New)
C03260,51+,East,Gold,77,96,727263.31,7575.66,8,0,0.2038,0.1113,0.0271,0.0301,0.0326,0.1367,0.4094,0.049,Premium Travel & Dining Elite
C03261,31-40,South,Gold,64,98,733515.27,7484.85,8,0,0.1144,0.0645,0.0204,0.0344,0.0307,0.1743,0.4905,0.0709,Premium Travel & Dining Elite
C03262,21-30,North,Classic,23,28,37336.32,1333.44,8,2,0.1028,0.127,0.0208,0.1038,0.1017,0.0739,0.1582,0.3117,Low-Engagement Occasional
C03263,21-30,West,Platinum,66,91,815518.31,8961.74,8,1,0.2017,0.0579,0.0122,0.051,0.0251,0.2251,0.3869,0.04,Premium Travel & Dining Elite
C03264,31-40,West,Platinum,5,134,241819.41,1804.62,8,0,0.1053,0.2819,0.0454,0.0398,0.0403,0.2923,0.1189,0.0762,Digital Shoppers (New)
C03265,21-30,East,Classic,51,134,143617.4,1071.77,8,0,0.1111,0.109,0.2209,0.2903,0.0158,0.0717,0.098,0.0833,Everyday Essentials Loyalists
C03266,31-40,West,Platinum,42,148,152260.92,1028.79,8,1,0.1229,0.0479,0.2591,0.2735,0.0422,0.0668,0.064,0.1236,Everyday Essentials Loyalists
C03267,41-50,West,Classic,46,162,183249.27,1131.17,8,2,0.1048,0.0242,0.1779,0.3593,0.0074,0.0887,0.162,0.0757,Everyday Essentials Loyalists
C03268,31-40,North,Gold,12,27,29121.54,1078.58,8,19,0.0534,0.1024,0.0221,0.1196,0.1177,0.2739,0.0869,0.224,Low-Engagement Occasional
C03269,31-40,West,Gold,25,39,54140.47,1388.22,8,123,0.1148,0.0488,0.1842,0.1169,0.0657,0.1375,0.1497,0.1824,Low-Engagement Occasional
C03270,41-50,South,Classic,26,169,186292.93,1102.33,8,0,0.0781,0.0562,0.1306,0.3427,0.0263,0.1204,0.0958,0.15,Everyday Essentials Loyalists
C03271,31-40,South,Gold,65,41,49065.99,1196.73,8,176,0.0699,0.0448,0.04,0.4762,0.0984,0.0784,0.0775,0.1149,Lapsed / Dormant
C03272,41-50,North,Gold,3,134,264019.78,1970.3,8,2,0.1558,0.3144,0.0116,0.0443,0.0842,0.3016,0.0413,0.0467,Digital Shoppers (New)
C03273,51+,West,Classic,21,152,312809.3,2057.96,8,0,0.1022,0.1979,0.0392,0.0454,0.0774,0.3441,0.1337,0.0601,Digital Shoppers (New)
C03274,21-30,West,Platinum,23,36,47255.43,1312.65,8,12,0.0471,0.1103,0.0595,0.2755,0.1579,0.038,0.1563,0.1555,Low-Engagement Occasional
C03275,41-50,North,Gold,27,37,52868.94,1428.89,8,7,0.1134,0.0955,0.0597,0.1457,0.0203,0.2049,0.0715,0.289,Low-Engagement Occasional
C03276,51+,South,Classic,29,29,36671.06,1264.52,8,8,0.0867,0.0319,0.0575,0.2584,0.0509,0.0411,0.3731,0.1004,Low-Engagement Occasional
C03277,31-40,South,Gold,30,136,243810.34,1792.72,8,3,0.0774,0.2203,0.0321,0.0473,0.0704,0.3606,0.138,0.054,Digital Shoppers (New)
C03278,51+,West,Classic,19,113,212677.42,1882.1,8,1,0.1513,0.1557,0.0381,0.014,0.0537,0.3821,0.1482,0.0568,Digital Shoppers (New)
C03279,31-40,West,Gold,45,182,200421.04,1101.21,8,2,0.1384,0.0469,0.157,0.2605,0.0324,0.1405,0.0713,0.1529,Everyday Essentials Loyalists
C03280,31-40,South,Platinum,72,114,1017469.85,8925.17,8,0,0.1433,0.0794,0.0383,0.0841,0.0305,0.1453,0.4553,0.0239,Premium Travel & Dining Elite
C03281,31-40,South,Gold,23,36,47281.99,1313.39,8,16,0.1656,0.0612,0.2438,0.1322,0.041,0.129,0.059,0.1682,Low-Engagement Occasional
C03282,21-30,East,Gold,70,106,823783.89,7771.55,8,1,0.1347,0.0932,0.0592,0.0436,0.0635,0.1196,0.4582,0.028,Premium Travel & Dining Elite
C03283,51+,South,Platinum,51,171,195324.58,1142.25,8,0,0.0752,0.0705,0.1838,0.2796,0.0342,0.1268,0.0949,0.1351,Everyday Essentials Loyalists
C03284,21-30,South,Classic,68,104,947506.15,9110.64,8,1,0.1295,0.0631,0.0085,0.0277,0.0193,0.1396,0.6,0.0124,Premium Travel & Dining Elite
C03285,51+,North,Gold,40,167,181426.89,1086.39,8,2,0.0827,0.0855,0.2262,0.2373,0.0346,0.1147,0.0889,0.1301,Everyday Essentials Loyalists
C03286,41-50,North,Gold,9,134,247848.01,1849.61,8,11,0.1031,0.1725,0.0454,0.0532,0.0292,0.3158,0.235,0.0458,Digital Shoppers (New)
C03287,51+,South,Classic,5,142,258537.78,1820.69,8,0,0.1009,0.2362,0.047,0.0624,0.072,0.3392,0.1058,0.0364,Digital Shoppers (New)
C03288,51+,West,Gold,33,186,196375.98,1055.78,8,1,0.1046,0.0507,0.1896,0.2575,0.0495,0.1014,0.076,0.1707,Everyday Essentials Loyalists
C03289,31-40,South,Gold,50,112,909981.03,8124.83,8,0,0.1573,0.0592,0.0457,0.0356,0.0892,0.1532,0.4466,0.0132,Premium Travel & Dining Elite
C03290,51+,North,Classic,45,165,196399.85,1190.3,8,4,0.0867,0.0561,0.2183,0.3128,0.016,0.0682,0.1113,0.1305,Everyday Essentials Loyalists
C03291,41-50,West,Classic,39,183,229579.41,1254.53,8,0,0.058,0.0487,0.2188,0.3412,0.0064,0.0884,0.1082,0.1301,Everyday Essentials Loyalists
C03292,31-40,West,Classic,34,26,36275.88,1395.23,8,18,0.036,0.1414,0.1127,0.339,0.0431,0.1099,0.0495,0.1684,Low-Engagement Occasional
C03293,41-50,South,Classic,18,145,250690.17,1728.9,8,0,0.143,0.1926,0.0397,0.0611,0.0375,0.3453,0.0947,0.0861,Digital Shoppers (New)
C03294,21-30,North,Gold,3,128,246561.92,1926.27,8,3,0.1785,0.2322,0.0158,0.057,0.0294,0.3792,0.0281,0.0798,Digital Shoppers (New)
C03295,21-30,East,Classic,3,149,288261.93,1934.64,8,7,0.13,0.216,0.0766,0.0777,0.0584,0.3025,0.105,0.0338,Digital Shoppers (New)
C03296,31-40,South,Gold,45,20,27020.53,1351.03,8,262,0.089,0.1885,0.1729,0.1019,0.0648,0.2561,0.0412,0.0857,Lapsed / Dormant
C03297,31-40,East,Platinum,22,28,34702.08,1239.36,7,37,0.062,0.0,0.0582,0.2125,0.2378,0.2051,0.0407,0.1838,Low-Engagement Occasional
C03298,21-30,North,Classic,5,134,240957.48,1798.19,8,1,0.0982,0.2625,0.0476,0.0318,0.0451,0.3722,0.0796,0.0631,Digital Shoppers (New)
C03299,31-40,North,Gold,30,130,228053.11,1754.25,8,0,0.1742,0.2113,0.0591,0.0476,0.045,0.3231,0.0902,0.0495,Digital Shoppers (New)
C03300,41-50,South,Gold,44,100,840512.4,8405.12,8,0,0.1734,0.0608,0.0193,0.0478,0.0145,0.1213,0.5425,0.0204,Premium Travel & Dining Elite
C03301,41-50,West,Gold,68,47,82123.79,1747.31,8,163,0.1092,0.0059,0.2589,0.2672,0.0321,0.1459,0.0694,0.1113,Lapsed / Dormant
C03302,51+,South,Platinum,44,154,180567.25,1172.51,8,2,0.1389,0.0679,0.0978,0.3501,0.0355,0.1135,0.0453,0.1511,Everyday Essentials Loyalists
C03303,51+,North,Classic,51,159,202014.17,1270.53,8,0,0.0749,0.0499,0.1944,0.2836,0.0212,0.1116,0.1348,0.1296,Everyday Essentials Loyalists
C03304,51+,South,Classic,56,43,58086.66,1350.85,8,155,0.1595,0.0928,0.169,0.1466,0.0837,0.268,0.0402,0.0403,Lapsed / Dormant
C03305,41-50,West,Classic,36,37,46101.96,1246.0,8,10,0.0924,0.065,0.0464,0.2439,0.0193,0.2522,0.077,0.2038,Low-Engagement Occasional
C03306,21-30,North,Platinum,76,105,963511.99,9176.3,7,1,0.152,0.0598,0.0076,0.0593,0.0457,0.1956,0.4801,0.0,Premium Travel & Dining Elite
C03307,51+,East,Platinum,49,109,834242.52,7653.6,8,1,0.1709,0.1141,0.0212,0.0377,0.0382,0.208,0.3737,0.0362,Premium Travel & Dining Elite
C03308,21-30,East,Platinum,58,96,839039.5,8739.99,8,4,0.1304,0.0548,0.0244,0.0269,0.0428,0.1107,0.5746,0.0353,Premium Travel & Dining Elite
C03309,21-30,South,Gold,5,128,267605.68,2090.67,8,0,0.1139,0.2307,0.0171,0.0492,0.0386,0.3668,0.1373,0.0465,Digital Shoppers (New)
C03310,31-40,West,Platinum,43,126,1024398.45,8130.15,8,7,0.1537,0.0683,0.0327,0.0546,0.0218,0.1366,0.4922,0.0401,Premium Travel & Dining Elite
C03311,31-40,West,Classic,41,38,50853.89,1338.26,7,167,0.0716,0.09,0.1285,0.1701,0.0,0.1809,0.2939,0.065,Lapsed / Dormant
C03312,41-50,South,Platinum,66,32,48350.92,1510.97,8,225,0.1255,0.0388,0.1797,0.2049,0.0554,0.2001,0.0915,0.1042,Lapsed / Dormant
C03313,21-30,North,Classic,12,139,259138.22,1864.3,8,0,0.0632,0.213,0.0541,0.0765,0.0192,0.3579,0.1571,0.0591,Digital Shoppers (New)
C03314,41-50,South,Classic,33,138,279133.7,2022.71,8,2,0.0871,0.216,0.054,0.0484,0.0555,0.2763,0.2115,0.0513,Digital Shoppers (New)
C03315,21-30,North,Classic,62,172,202997.07,1180.22,8,1,0.1517,0.0424,0.1668,0.3116,0.0183,0.0937,0.0658,0.1497,Everyday Essentials Loyalists
C03316,31-40,South,Platinum,89,122,1136305.78,9313.98,8,2,0.1393,0.0605,0.0135,0.0333,0.031,0.1157,0.5865,0.0203,Premium Travel & Dining Elite
C03317,31-40,West,Platinum,49,37,61195.1,1653.92,8,13,0.0421,0.0791,0.0742,0.2012,0.0429,0.2993,0.1272,0.134,Low-Engagement Occasional
C03318,31-40,West,Platinum,83,99,806442.88,8145.89,8,3,0.1793,0.0681,0.0353,0.0671,0.0356,0.1315,0.4679,0.0152,Premium Travel & Dining Elite
C03319,41-50,South,Platinum,63,115,933990.05,8121.65,8,5,0.1933,0.1474,0.0377,0.0557,0.0397,0.1548,0.3407,0.0306,Premium Travel & Dining Elite
C03320,21-30,South,Classic,44,174,189507.98,1089.13,8,9,0.0715,0.0351,0.2308,0.328,0.0372,0.0877,0.0744,0.1354,Everyday Essentials Loyalists
C03321,21-30,North,Platinum,62,104,844686.78,8121.99,8,1,0.1134,0.0804,0.032,0.129,0.0833,0.1061,0.4085,0.0473,Premium Travel & Dining Elite
C03322,21-30,South,Gold,42,199,226825.01,1139.82,8,1,0.0842,0.0727,0.189,0.3109,0.0299,0.0706,0.1103,0.1325,Everyday Essentials Loyalists
C03323,41-50,North,Classic,31,22,30671.54,1394.16,7,19,0.2752,0.2259,0.08,0.0743,0.0488,0.1144,0.0,0.1814,Low-Engagement Occasional
C03324,51+,West,Gold,37,31,34952.13,1127.49,8,27,0.0839,0.0601,0.1062,0.1245,0.2203,0.1121,0.1092,0.1838,Low-Engagement Occasional
C03325,41-50,West,Gold,9,137,246196.85,1797.06,8,0,0.1178,0.1537,0.0261,0.062,0.0608,0.4101,0.0702,0.0993,Digital Shoppers (New)
C03326,31-40,North,Gold,16,30,43443.64,1448.12,8,15,0.0311,0.0481,0.0704,0.3359,0.0792,0.1367,0.0287,0.2699,Low-Engagement Occasional
C03327,51+,East,Gold,45,162,187411.92,1156.86,8,0,0.0917,0.0922,0.2531,0.256,0.0514,0.0857,0.0812,0.0887,Everyday Essentials Loyalists
C03328,31-40,East,Gold,23,38,52183.62,1373.25,8,5,0.0931,0.0852,0.0801,0.1229,0.1008,0.1903,0.1953,0.1323,Low-Engagement Occasional
C03329,21-30,West,Classic,8,150,327116.99,2180.78,8,0,0.1078,0.2181,0.0123,0.0354,0.0563,0.2677,0.2501,0.0523,Digital Shoppers (New)
C03330,31-40,South,Classic,40,156,192803.16,1235.92,8,0,0.0794,0.0379,0.2381,0.2419,0.0635,0.1087,0.0755,0.155,Everyday Essentials Loyalists
C03331,31-40,North,Classic,44,12,8647.95,720.66,6,300,0.1152,0.1052,0.0693,0.2664,0.0,0.0558,0.0,0.3882,Lapsed / Dormant
C03332,31-40,East,Gold,53,161,185308.99,1150.99,8,4,0.1057,0.069,0.1416,0.2965,0.0288,0.1209,0.0681,0.1694,Everyday Essentials Loyalists
C03333,31-40,North,Platinum,58,90,725678.7,8063.1,8,1,0.1427,0.0613,0.0151,0.057,0.0772,0.1461,0.4866,0.014,Premium Travel & Dining Elite
C03334,31-40,East,Classic,53,153,166848.21,1090.51,8,0,0.0853,0.0318,0.1982,0.3053,0.0262,0.0925,0.123,0.1377,Everyday Essentials Loyalists
C03335,31-40,North,Gold,44,184,227583.65,1236.87,8,1,0.0794,0.0494,0.2154,0.3694,0.0318,0.0459,0.0802,0.1286,Everyday Essentials Loyalists
C03336,31-40,East,Gold,41,177,189412.6,1070.13,8,2,0.1329,0.1268,0.1861,0.2283,0.0371,0.1231,0.0571,0.1086,Everyday Essentials Loyalists
C03337,21-30,West,Classic,15,113,199685.79,1767.13,8,0,0.0726,0.1907,0.0329,0.0599,0.0637,0.4312,0.0961,0.0529,Digital Shoppers (New)
C03338,51+,North,Classic,35,23,31762.22,1380.97,8,264,0.0929,0.1585,0.1526,0.1372,0.1346,0.1229,0.0474,0.1539,Lapsed / Dormant
C03339,41-50,South,Gold,45,180,202678.43,1125.99,8,4,0.1064,0.0288,0.1941,0.2798,0.0439,0.0818,0.1222,0.1429,Everyday Essentials Loyalists
C03340,21-30,West,Classic,22,116,232013.75,2000.12,8,2,0.1078,0.2514,0.0265,0.0647,0.0844,0.2918,0.1251,0.0483,Digital Shoppers (New)
C03341,21-30,North,Gold,51,174,188905.27,1085.66,8,0,0.1332,0.0328,0.1844,0.2997,0.0514,0.1044,0.0625,0.1316,Everyday Essentials Loyalists
C03342,21-30,East,Classic,16,21,32777.76,1560.85,7,4,0.0578,0.1457,0.0,0.3528,0.0807,0.2106,0.1215,0.031,Low-Engagement Occasional
C03343,21-30,East,Gold,26,177,201208.32,1136.77,8,1,0.0772,0.0638,0.1541,0.3458,0.0608,0.1212,0.0652,0.1119,Everyday Essentials Loyalists
C03344,21-30,South,Gold,54,89,743657.99,8355.71,7,3,0.2011,0.0893,0.0,0.0906,0.034,0.1386,0.4385,0.0079,Premium Travel & Dining Elite
C03345,21-30,West,Gold,27,154,301091.59,1955.14,8,0,0.0903,0.2854,0.0147,0.0652,0.0552,0.3982,0.0332,0.0577,Digital Shoppers (New)
C03346,41-50,South,Classic,32,22,35300.25,1604.56,8,13,0.0792,0.0978,0.1904,0.1039,0.0193,0.1777,0.1774,0.1542,Low-Engagement Occasional
C03347,41-50,East,Classic,22,24,35289.81,1470.41,7,19,0.0925,0.0431,0.238,0.2519,0.2163,0.0427,0.0,0.1155,Low-Engagement Occasional
C03348,41-50,North,Classic,3,139,265676.44,1911.34,8,1,0.1034,0.1921,0.0394,0.0664,0.0867,0.3758,0.0521,0.0841,Digital Shoppers (New)
C03349,41-50,North,Classic,23,32,40933.54,1279.17,7,34,0.11,0.0592,0.1497,0.3912,0.0119,0.1751,0.0,0.1029,Low-Engagement Occasional
C03350,41-50,North,Classic,34,151,163012.89,1079.56,8,1,0.1247,0.1046,0.1479,0.2981,0.0374,0.0683,0.09,0.129,Everyday Essentials Loyalists
C03351,41-50,West,Platinum,69,111,961588.28,8662.96,8,2,0.1046,0.0723,0.012,0.0536,0.031,0.1423,0.5635,0.0208,Premium Travel & Dining Elite
C03352,51+,West,Platinum,70,103,913003.8,8864.11,8,6,0.1903,0.0587,0.0265,0.0769,0.0279,0.1256,0.4705,0.0237,Premium Travel & Dining Elite
C03353,41-50,West,Classic,49,108,920918.19,8527.02,8,3,0.1447,0.048,0.025,0.0632,0.0333,0.0891,0.5543,0.0424,Premium Travel & Dining Elite
C03354,41-50,North,Classic,49,182,227451.48,1249.73,8,2,0.1109,0.0329,0.1811,0.26,0.0267,0.0929,0.1593,0.1361,Everyday Essentials Loyalists
C03355,41-50,South,Gold,20,136,237727.94,1748.0,8,3,0.1573,0.1836,0.0234,0.0664,0.0362,0.3734,0.101,0.0587,Digital Shoppers (New)
C03356,31-40,West,Gold,30,175,227645.86,1300.83,8,0,0.1056,0.0231,0.161,0.3438,0.0602,0.1139,0.0624,0.1301,Everyday Essentials Loyalists
C03357,21-30,East,Gold,13,125,256890.14,2055.12,8,3,0.0822,0.2121,0.0405,0.116,0.0757,0.3725,0.0485,0.0524,Digital Shoppers (New)
C03358,21-30,North,Gold,17,120,232083.09,1934.03,8,0,0.1432,0.2639,0.0535,0.0257,0.0799,0.3213,0.1045,0.008,Digital Shoppers (New)
C03359,31-40,West,Gold,31,26,39837.72,1532.22,8,5,0.0245,0.1274,0.1573,0.2675,0.0994,0.116,0.0796,0.1282,Low-Engagement Occasional
C03360,21-30,North,Classic,12,16,21932.94,1370.81,6,25,0.2366,0.0,0.1082,0.0284,0.1209,0.324,0.0,0.182,Low-Engagement Occasional
C03361,21-30,North,Platinum,43,187,211426.75,1130.62,8,4,0.053,0.0325,0.2243,0.3049,0.0311,0.119,0.1274,0.1079,Everyday Essentials Loyalists
C03362,21-30,West,Classic,48,164,181994.8,1109.72,8,1,0.1059,0.0428,0.154,0.3141,0.0594,0.091,0.0878,0.145,Everyday Essentials Loyalists
C03363,31-40,South,Classic,29,139,269183.22,1936.57,8,2,0.1197,0.2237,0.0379,0.0636,0.0217,0.3501,0.1336,0.0497,Digital Shoppers (New)
C03364,51+,South,Gold,7,125,275690.23,2205.52,8,0,0.1147,0.2461,0.0226,0.0566,0.0439,0.2679,0.201,0.0471,Digital Shoppers (New)
C03365,31-40,East,Classic,36,153,163922.88,1071.39,8,2,0.068,0.055,0.2169,0.2623,0.0403,0.0932,0.0736,0.1907,Everyday Essentials Loyalists
C03366,21-30,West,Classic,39,151,174933.62,1158.5,8,2,0.089,0.1033,0.2298,0.3189,0.0213,0.0653,0.0543,0.118,Everyday Essentials Loyalists
C03367,31-40,North,Gold,32,31,48115.52,1552.11,8,4,0.0321,0.1198,0.0611,0.1345,0.145,0.1424,0.3034,0.0619,Low-Engagement Occasional
C03368,31-40,West,Classic,14,137,272062.31,1985.86,8,1,0.1202,0.2386,0.0393,0.1108,0.0524,0.2741,0.0965,0.068,Digital Shoppers (New)
C03369,41-50,South,Gold,66,123,1022048.98,8309.34,8,2,0.1937,0.0607,0.0157,0.037,0.0238,0.1601,0.4724,0.0365,Premium Travel & Dining Elite
C03370,41-50,North,Gold,3,151,270499.14,1791.39,8,3,0.1327,0.2052,0.0376,0.0361,0.0373,0.3483,0.1325,0.0703,Digital Shoppers (New)
C03371,21-30,South,Classic,51,21,26719.47,1272.36,7,289,0.1773,0.2288,0.0771,0.1844,0.0,0.0705,0.0701,0.1919,Lapsed / Dormant
C03372,31-40,South,Platinum,52,118,932428.12,7901.93,8,3,0.1529,0.0976,0.0316,0.0513,0.0289,0.2006,0.3973,0.0398,Premium Travel & Dining Elite
C03373,21-30,North,Gold,28,28,42807.92,1528.85,7,14,0.0455,0.0286,0.0606,0.213,0.1205,0.2807,0.0,0.2512,Low-Engagement Occasional
C03374,41-50,South,Classic,59,173,200349.27,1158.09,8,1,0.0852,0.098,0.2304,0.3507,0.0228,0.0704,0.0374,0.1052,Everyday Essentials Loyalists
C03375,51+,East,Gold,3,139,279654.38,2011.9,8,0,0.108,0.1992,0.0512,0.0407,0.0748,0.2979,0.201,0.0271,Digital Shoppers (New)
C03376,51+,East,Platinum,39,177,213199.6,1204.52,8,0,0.1211,0.0362,0.1311,0.3197,0.0365,0.0691,0.1333,0.1531,Everyday Essentials Loyalists
C03377,21-30,West,Platinum,47,121,1051889.54,8693.3,8,1,0.1215,0.0753,0.0269,0.0624,0.0509,0.1575,0.4844,0.021,Premium Travel & Dining Elite
C03378,41-50,West,Gold,49,46,56518.12,1228.65,8,127,0.136,0.2316,0.0865,0.1096,0.0419,0.185,0.1636,0.0458,Lapsed / Dormant
C03379,41-50,South,Gold,24,125,274801.89,2198.42,8,0,0.1163,0.2207,0.0321,0.0724,0.0531,0.2838,0.1902,0.0314,Digital Shoppers (New)
C03380,51+,South,Classic,49,16,21626.86,1351.68,6,255,0.0555,0.0665,0.0956,0.2418,0.0,0.2641,0.2764,0.0,Lapsed / Dormant
C03381,31-40,South,Gold,40,154,182548.36,1185.38,8,4,0.1111,0.0381,0.1841,0.2176,0.0182,0.1235,0.1631,0.1444,Everyday Essentials Loyalists
C03382,31-40,East,Classic,61,36,58610.25,1628.06,8,197,0.0907,0.0647,0.1341,0.0878,0.0654,0.1481,0.282,0.1272,Lapsed / Dormant
C03383,21-30,North,Platinum,51,26,44686.51,1718.71,8,215,0.0989,0.0062,0.1814,0.2814,0.0168,0.0483,0.1904,0.1767,Lapsed / Dormant
C03384,21-30,South,Gold,22,154,285961.66,1856.89,8,9,0.1361,0.1817,0.026,0.0467,0.0505,0.417,0.1004,0.0415,Digital Shoppers (New)
C03385,41-50,North,Classic,49,159,170889.44,1074.78,8,0,0.1809,0.0314,0.1439,0.2101,0.1034,0.0912,0.096,0.1431,Everyday Essentials Loyalists
C03386,31-40,South,Classic,3,32,48389.78,1512.18,7,9,0.0978,0.1791,0.0,0.0802,0.0709,0.2725,0.021,0.2785,Low-Engagement Occasional
C03387,21-30,West,Classic,13,125,235005.81,1880.05,8,2,0.1159,0.2089,0.03,0.0792,0.0222,0.3593,0.1547,0.0296,Digital Shoppers (New)
C03388,41-50,East,Gold,37,49,60937.2,1243.62,8,132,0.0536,0.1037,0.2025,0.2716,0.0486,0.1293,0.0801,0.1105,Low-Engagement Occasional
C03389,31-40,South,Classic,33,178,202630.27,1138.37,8,0,0.0693,0.0478,0.1943,0.3125,0.0242,0.0637,0.0984,0.1899,Everyday Essentials Loyalists
C03390,51+,East,Classic,56,164,167102.3,1018.92,8,3,0.0572,0.0277,0.2351,0.2955,0.0377,0.1239,0.0459,0.177,Everyday Essentials Loyalists
C03391,41-50,East,Gold,56,103,833617.67,8093.38,8,12,0.1458,0.0256,0.0489,0.1324,0.0342,0.0727,0.5264,0.0139,Premium Travel & Dining Elite
C03392,51+,South,Classic,48,29,38856.6,1339.88,8,25,0.0378,0.1135,0.0932,0.0765,0.0758,0.036,0.2955,0.2717,Low-Engagement Occasional
C03393,41-50,South,Classic,33,29,35355.08,1219.14,8,206,0.0942,0.0408,0.1087,0.1558,0.0439,0.1218,0.1808,0.2541,Lapsed / Dormant
C03394,21-30,West,Platinum,49,105,945005.98,9000.06,7,1,0.0741,0.1126,0.0,0.0793,0.0872,0.2058,0.3985,0.0426,Premium Travel & Dining Elite
C03395,21-30,North,Gold,37,21,34668.7,1650.89,6,50,0.1831,0.1966,0.1801,0.1579,0.0,0.1859,0.0,0.0964,Low-Engagement Occasional
C03396,51+,South,Platinum,44,56,75092.8,1340.94,8,147,0.0897,0.007,0.0897,0.2586,0.0289,0.2066,0.2721,0.0473,Lapsed / Dormant
C03397,21-30,South,Platinum,63,111,858807.32,7737.0,8,7,0.1906,0.1196,0.003,0.0542,0.0108,0.176,0.4018,0.044,Premium Travel & Dining Elite
C03398,31-40,West,Platinum,58,99,1098801.84,11099.01,8,0,0.1398,0.025,0.0139,0.0391,0.0292,0.065,0.67,0.0181,Premium Travel & Dining Elite
C03399,41-50,West,Gold,28,31,40984.99,1322.1,7,6,0.1025,0.0,0.1887,0.366,0.1328,0.1411,0.0257,0.0432,Low-Engagement Occasional
C03400,21-30,West,Classic,10,135,245017.52,1814.94,8,0,0.0769,0.2485,0.0486,0.0619,0.1144,0.3363,0.0725,0.0409,Digital Shoppers (New)
C03401,21-30,South,Gold,61,108,900201.24,8335.2,8,7,0.2362,0.121,0.0458,0.0574,0.033,0.0935,0.397,0.0161,Premium Travel & Dining Elite
C03402,31-40,North,Classic,36,42,60757.83,1446.62,7,7,0.077,0.0266,0.0912,0.2616,0.1165,0.1619,0.0,0.2652,Low-Engagement Occasional
C03403,31-40,East,Gold,30,136,251299.89,1847.79,8,1,0.0925,0.3542,0.0557,0.0642,0.0154,0.2678,0.0816,0.0686,Digital Shoppers (New)
C03404,41-50,West,Classic,45,14,17317.59,1236.97,5,295,0.0,0.3025,0.0924,0.1733,0.0,0.3251,0.0,0.1066,Lapsed / Dormant
C03405,21-30,West,Classic,44,19,29885.56,1572.92,6,246,0.1818,0.0,0.0,0.2245,0.0781,0.1979,0.2598,0.0579,Lapsed / Dormant
C03406,31-40,West,Gold,24,40,46394.73,1159.87,8,6,0.1462,0.077,0.0419,0.311,0.0801,0.1875,0.0926,0.0637,Low-Engagement Occasional
C03407,21-30,North,Classic,28,154,275495.0,1788.93,8,1,0.1408,0.1668,0.0453,0.0758,0.0512,0.3013,0.1375,0.0813,Digital Shoppers (New)
C03408,41-50,West,Gold,48,163,189696.3,1163.78,8,0,0.1178,0.0514,0.1498,0.2797,0.0607,0.1532,0.0865,0.1008,Everyday Essentials Loyalists
C03409,21-30,West,Classic,3,131,256807.51,1960.36,8,3,0.108,0.2234,0.0477,0.0046,0.072,0.3318,0.1349,0.0775,Digital Shoppers (New)
C03410,21-30,East,Platinum,40,105,948521.9,9033.54,8,5,0.1759,0.0838,0.0549,0.0269,0.0595,0.1154,0.4613,0.0224,Premium Travel & Dining Elite
C03411,41-50,East,Classic,5,125,232923.45,1863.39,8,22,0.1059,0.2769,0.0303,0.0563,0.1021,0.2967,0.0375,0.0943,Digital Shoppers (New)
C03412,21-30,South,Gold,62,105,727398.1,6927.6,7,2,0.2029,0.0958,0.0,0.085,0.0405,0.2104,0.3379,0.0275,Premium Travel & Dining Elite
C03413,41-50,East,Gold,13,149,301623.24,2024.32,8,0,0.1117,0.187,0.0595,0.072,0.06,0.3153,0.1339,0.0607,Digital Shoppers (New)
C03414,31-40,North,Gold,65,100,877515.28,8775.15,8,2,0.1355,0.1322,0.0128,0.0841,0.0016,0.1743,0.4442,0.0154,Premium Travel & Dining Elite
C03415,21-30,North,Classic,40,180,215609.13,1197.83,8,5,0.1153,0.0455,0.1743,0.286,0.0292,0.1381,0.076,0.1356,Everyday Essentials Loyalists
C03416,31-40,West,Classic,55,149,180620.32,1212.22,8,1,0.0558,0.1041,0.1655,0.2161,0.0535,0.1124,0.1695,0.123,Everyday Essentials Loyalists
C03417,51+,West,Platinum,21,113,236661.87,2094.35,8,7,0.1912,0.2387,0.0269,0.0485,0.0734,0.2199,0.1812,0.0201,Digital Shoppers (New)
C03418,31-40,West,Platinum,30,32,51821.03,1619.41,8,3,0.0674,0.0618,0.0738,0.3371,0.0737,0.0994,0.0956,0.1913,Low-Engagement Occasional
C03419,21-30,South,Gold,71,113,995158.81,8806.72,8,3,0.1242,0.0832,0.0359,0.0767,0.0146,0.1043,0.532,0.029,Premium Travel & Dining Elite
C03420,31-40,North,Classic,13,25,40152.15,1606.09,8,51,0.1737,0.0322,0.0417,0.241,0.1527,0.1559,0.1126,0.0901,Low-Engagement Occasional
C03421,31-40,North,Classic,47,15,22210.07,1480.67,6,285,0.1456,0.0415,0.0562,0.3909,0.0,0.0,0.2572,0.1085,Lapsed / Dormant
C03422,41-50,West,Gold,43,166,194992.11,1174.65,8,1,0.1077,0.0551,0.1617,0.3075,0.022,0.0649,0.1475,0.1336,Everyday Essentials Loyalists
C03423,51+,East,Classic,20,149,271670.63,1823.29,8,2,0.1069,0.1928,0.0255,0.0428,0.0412,0.3593,0.1501,0.0814,Digital Shoppers (New)
C03424,31-40,West,Classic,24,151,167336.64,1108.19,8,1,0.0686,0.0438,0.2888,0.314,0.0211,0.0813,0.0881,0.0942,Everyday Essentials Loyalists
C03425,31-40,South,Classic,39,170,186617.6,1097.75,8,1,0.085,0.0383,0.1824,0.3667,0.028,0.1178,0.0509,0.1308,Everyday Essentials Loyalists
C03426,31-40,East,Classic,18,124,220170.78,1775.57,8,0,0.0715,0.267,0.0443,0.0876,0.0727,0.277,0.1033,0.0765,Digital Shoppers (New)
C03427,51+,West,Platinum,64,112,861652.84,7693.33,8,1,0.1439,0.0616,0.0042,0.047,0.0332,0.2334,0.4591,0.0175,Premium Travel & Dining Elite
C03428,31-40,North,Classic,59,8,11508.64,1438.58,4,290,0.0,0.0,0.0326,0.5441,0.0,0.1033,0.3199,0.0,Lapsed / Dormant
C03429,21-30,West,Classic,55,37,52093.63,1407.94,8,181,0.065,0.0155,0.0552,0.3049,0.1187,0.2118,0.0227,0.2062,Lapsed / Dormant
C03430,51+,East,Gold,29,37,53787.4,1453.71,7,2,0.0,0.1236,0.1181,0.153,0.1919,0.0085,0.0735,0.3313,Low-Engagement Occasional
C03431,51+,North,Gold,20,154,293154.07,1903.6,8,1,0.1322,0.2104,0.0344,0.0829,0.0774,0.3191,0.0902,0.0533,Digital Shoppers (New)
C03432,31-40,North,Classic,11,127,239622.78,1886.79,8,0,0.1305,0.2173,0.0283,0.0269,0.0551,0.3981,0.1151,0.0289,Digital Shoppers (New)
C03433,31-40,West,Gold,49,21,26856.73,1278.89,8,290,0.1889,0.0231,0.1215,0.1671,0.0371,0.2474,0.0634,0.1516,Lapsed / Dormant
C03434,41-50,East,Gold,49,181,204778.66,1131.37,8,0,0.0864,0.0421,0.1598,0.345,0.0259,0.1157,0.0933,0.1317,Everyday Essentials Loyalists
C03435,41-50,West,Gold,59,120,1085388.7,9044.91,8,2,0.1159,0.0413,0.005,0.0583,0.0268,0.0979,0.6338,0.021,Premium Travel & Dining Elite
C03436,31-40,West,Classic,17,136,252428.16,1856.09,8,5,0.0971,0.2541,0.0497,0.084,0.0917,0.2714,0.0984,0.0536,Digital Shoppers (New)
C03437,31-40,South,Classic,51,171,216736.46,1267.46,8,0,0.0806,0.0426,0.2124,0.2697,0.0218,0.134,0.1395,0.0994,Everyday Essentials Loyalists
C03438,31-40,West,Gold,49,168,193983.43,1154.66,8,0,0.0862,0.0325,0.1886,0.3745,0.0209,0.1532,0.0438,0.1002,Everyday Essentials Loyalists
C03439,31-40,West,Platinum,72,107,942197.02,8805.58,8,2,0.1792,0.1313,0.0411,0.08,0.0499,0.1227,0.3691,0.0267,Premium Travel & Dining Elite
C03440,21-30,North,Gold,37,132,244120.33,1849.4,8,4,0.1648,0.1692,0.0627,0.044,0.0765,0.4058,0.0562,0.0208,Digital Shoppers (New)
C03441,41-50,West,Gold,49,186,224815.27,1208.68,8,0,0.0869,0.0449,0.1242,0.3317,0.0528,0.0619,0.1272,0.1703,Everyday Essentials Loyalists
C03442,21-30,South,Classic,37,153,167972.3,1097.86,8,1,0.0705,0.052,0.2063,0.319,0.024,0.0894,0.0924,0.1463,Everyday Essentials Loyalists
C03443,31-40,South,Platinum,65,106,877526.14,8278.55,8,0,0.1418,0.0993,0.0207,0.0666,0.0176,0.1534,0.4829,0.0176,Premium Travel & Dining Elite
C03444,41-50,South,Platinum,46,171,201540.01,1178.6,8,6,0.0639,0.0461,0.1769,0.3225,0.0231,0.0984,0.0996,0.1696,Everyday Essentials Loyalists
C03445,31-40,West,Classic,54,43,50464.51,1173.59,8,187,0.2153,0.0993,0.1058,0.1626,0.015,0.1437,0.0507,0.2076,Lapsed / Dormant
C03446,31-40,North,Platinum,56,164,172750.84,1053.36,8,0,0.1181,0.08,0.1965,0.2623,0.0391,0.129,0.0974,0.0776,Everyday Essentials Loyalists
C03447,51+,South,Platinum,13,42,66889.8,1592.61,8,0,0.0983,0.0418,0.077,0.2024,0.0438,0.1718,0.1907,0.1741,Low-Engagement Occasional
C03448,21-30,East,Classic,45,30,36749.58,1224.99,8,5,0.0787,0.0967,0.0729,0.1962,0.0345,0.178,0.1337,0.2093,Low-Engagement Occasional
C03449,51+,North,Platinum,60,182,226552.15,1244.79,8,0,0.0632,0.0784,0.2063,0.2298,0.0316,0.1338,0.1185,0.1384,Everyday Essentials Loyalists
C03450,21-30,West,Gold,35,41,57533.07,1403.25,8,6,0.0671,0.0946,0.1194,0.1957,0.0649,0.0965,0.1879,0.1739,Low-Engagement Occasional
C03451,31-40,West,Classic,35,30,33889.84,1129.66,7,20,0.0779,0.1659,0.048,0.2227,0.0421,0.2668,0.0,0.1766,Low-Engagement Occasional
C03452,41-50,North,Classic,11,120,228220.3,1901.84,8,1,0.1339,0.1985,0.0126,0.0913,0.0693,0.3383,0.0827,0.0735,Digital Shoppers (New)
C03453,31-40,North,Gold,60,89,682717.85,7670.99,8,6,0.16,0.0791,0.031,0.0667,0.0236,0.174,0.4497,0.0159,Premium Travel & Dining Elite
C03454,31-40,West,Gold,66,107,839080.86,7841.88,8,1,0.1855,0.0536,0.0265,0.0527,0.0608,0.1709,0.4087,0.0412,Premium Travel & Dining Elite
C03455,21-30,North,Platinum,54,49,61709.0,1259.37,8,166,0.0564,0.0222,0.1038,0.2375,0.0378,0.1275,0.2105,0.2043,Lapsed / Dormant
C03456,31-40,North,Classic,37,29,33694.9,1161.89,7,26,0.0501,0.1051,0.1702,0.2764,0.1459,0.2288,0.0,0.0235,Low-Engagement Occasional
C03457,21-30,West,Classic,54,28,30790.57,1099.66,8,260,0.0951,0.0878,0.1229,0.1087,0.0132,0.3002,0.1426,0.1295,Lapsed / Dormant
C03458,41-50,West,Platinum,56,19,24770.98,1303.74,7,262,0.1733,0.0442,0.1391,0.2562,0.0845,0.2575,0.0,0.0453,Lapsed / Dormant
C03459,31-40,East,Platinum,67,120,903758.83,7531.32,8,0,0.1751,0.0809,0.0197,0.0898,0.0167,0.1577,0.3829,0.0772,Premium Travel & Dining Elite
C03460,31-40,East,Classic,19,24,27098.44,1129.1,7,5,0.0383,0.0282,0.0995,0.2442,0.0,0.1494,0.2255,0.2149,Low-Engagement Occasional
C03461,21-30,West,Platinum,22,155,319933.41,2064.09,8,3,0.1467,0.2115,0.0469,0.0231,0.0294,0.3523,0.09,0.1001,Digital Shoppers (New)
C03462,31-40,East,Gold,48,30,43478.11,1449.27,8,20,0.1195,0.0967,0.1035,0.1571,0.0356,0.0316,0.2978,0.1581,Low-Engagement Occasional
C03463,31-40,East,Platinum,59,100,928749.94,9287.5,8,2,0.1215,0.0636,0.0079,0.0173,0.04,0.1251,0.6011,0.0236,Premium Travel & Dining Elite
C03464,31-40,West,Classic,56,173,189502.68,1095.39,8,1,0.0774,0.0659,0.1952,0.3465,0.063,0.1194,0.0239,0.1088,Everyday Essentials Loyalists
C03465,41-50,East,Platinum,20,34,44207.28,1300.21,8,25,0.0479,0.0294,0.2187,0.1025,0.0179,0.2883,0.1312,0.164,Low-Engagement Occasional
C03466,21-30,South,Classic,29,32,48031.39,1500.98,7,6,0.0663,0.1281,0.0,0.3526,0.0495,0.1107,0.1169,0.176,Low-Engagement Occasional
C03467,21-30,South,Gold,7,124,255409.19,2059.75,8,3,0.0725,0.2262,0.0403,0.02,0.0514,0.2874,0.2108,0.0914,Digital Shoppers (New)
C03468,41-50,South,Classic,55,175,195589.81,1117.66,8,0,0.0826,0.0291,0.1866,0.3189,0.079,0.0997,0.0589,0.1452,Everyday Essentials Loyalists
C03469,21-30,South,Gold,58,174,203345.07,1168.65,8,1,0.1203,0.0584,0.1309,0.348,0.0209,0.1253,0.0279,0.1683,Everyday Essentials Loyalists
C03470,21-30,South,Gold,47,39,54919.14,1408.18,7,123,0.0607,0.0,0.1072,0.1297,0.0221,0.3052,0.1932,0.1819,Lapsed / Dormant
C03471,41-50,South,Classic,53,162,186112.44,1148.84,8,0,0.0797,0.037,0.2378,0.3282,0.0245,0.0858,0.0863,0.1207,Everyday Essentials Loyalists
C03472,41-50,West,Classic,30,131,254494.79,1942.71,8,2,0.1429,0.1929,0.0216,0.0373,0.0774,0.305,0.1918,0.031,Digital Shoppers (New)
C03473,21-30,South,Platinum,13,144,285549.66,1982.98,8,3,0.141,0.2225,0.0382,0.0269,0.0588,0.261,0.1669,0.0847,Digital Shoppers (New)
C03474,21-30,North,Classic,43,148,175197.17,1183.76,8,0,0.0689,0.024,0.2789,0.2849,0.0569,0.0785,0.0928,0.1151,Everyday Essentials Loyalists
C03475,31-40,North,Classic,21,118,230111.7,1950.1,8,1,0.1622,0.171,0.0271,0.0508,0.0838,0.2901,0.1444,0.0706,Digital Shoppers (New)
C03476,31-40,North,Gold,33,163,188211.62,1154.67,8,1,0.1066,0.0763,0.2064,0.2505,0.0522,0.0846,0.0563,0.1671,Everyday Essentials Loyalists
C03477,31-40,West,Classic,31,29,35324.77,1218.1,7,28,0.032,0.0909,0.1193,0.2783,0.0162,0.0,0.2003,0.263,Low-Engagement Occasional
C03478,41-50,South,Gold,69,49,61362.39,1252.29,8,189,0.0961,0.0995,0.1386,0.0617,0.0947,0.1789,0.1682,0.1622,Lapsed / Dormant
C03479,41-50,North,Classic,42,15,20797.79,1386.52,5,284,0.1471,0.0,0.0886,0.4219,0.0979,0.2446,0.0,0.0,Lapsed / Dormant
C03480,51+,West,Gold,22,138,277311.65,2009.5,8,3,0.1436,0.2426,0.041,0.0991,0.072,0.3,0.0751,0.0267,Digital Shoppers (New)
C03481,31-40,North,Classic,19,132,263988.68,1999.91,8,1,0.1181,0.2531,0.0677,0.0531,0.041,0.261,0.091,0.1151,Digital Shoppers (New)
C03482,21-30,North,Classic,28,36,47296.46,1313.79,7,4,0.1968,0.058,0.0,0.0944,0.0738,0.0823,0.2171,0.2776,Low-Engagement Occasional
C03483,31-40,West,Classic,32,33,39688.08,1202.67,7,22,0.2263,0.0445,0.1045,0.1979,0.1995,0.082,0.0,0.1453,Low-Engagement Occasional
C03484,21-30,East,Gold,31,117,244157.58,2086.82,8,0,0.0699,0.224,0.0137,0.1186,0.1387,0.2747,0.1327,0.0277,Digital Shoppers (New)
C03485,31-40,West,Classic,35,26,37103.59,1427.06,8,6,0.0703,0.1183,0.0465,0.4263,0.0299,0.1112,0.0666,0.1308,Low-Engagement Occasional
C03486,51+,West,Gold,37,28,43476.37,1552.73,8,0,0.2515,0.1206,0.1068,0.1248,0.0988,0.0761,0.09,0.1313,Low-Engagement Occasional
C03487,31-40,West,Gold,46,27,41257.72,1528.06,6,0,0.0374,0.0,0.1121,0.0853,0.0,0.2049,0.3603,0.2001,Low-Engagement Occasional
C03488,21-30,North,Gold,27,30,46201.76,1540.06,8,14,0.0062,0.0622,0.0567,0.0772,0.279,0.2672,0.0364,0.215,Low-Engagement Occasional
C03489,31-40,West,Classic,31,160,181896.82,1136.86,8,4,0.091,0.0429,0.1938,0.3562,0.0344,0.117,0.076,0.0887,Everyday Essentials Loyalists
C03490,51+,West,Classic,31,125,245114.79,1960.92,8,1,0.1427,0.2059,0.0428,0.0295,0.0285,0.3426,0.1738,0.0343,Digital Shoppers (New)
C03491,21-30,North,Classic,15,128,245784.24,1920.19,8,1,0.1257,0.1304,0.04,0.0759,0.0429,0.3186,0.19,0.0765,Digital Shoppers (New)
C03492,41-50,West,Platinum,68,121,979586.35,8095.75,8,5,0.2209,0.0713,0.0066,0.0771,0.06,0.1483,0.3865,0.0293,Premium Travel & Dining Elite
C03493,41-50,South,Classic,22,28,38311.34,1368.26,7,3,0.0,0.1505,0.1553,0.2804,0.0734,0.0387,0.0344,0.2675,Low-Engagement Occasional
C03494,31-40,West,Classic,17,135,264322.88,1957.95,8,2,0.0815,0.2537,0.0374,0.032,0.0805,0.3617,0.0978,0.0553,Digital Shoppers (New)
C03495,41-50,East,Gold,49,116,985773.6,8498.05,7,3,0.2335,0.1022,0.0,0.0818,0.0294,0.1202,0.3928,0.0401,Premium Travel & Dining Elite
C03496,31-40,South,Classic,30,49,84691.46,1728.4,8,6,0.0496,0.0313,0.0612,0.1561,0.0533,0.1988,0.2632,0.1865,Low-Engagement Occasional
C03497,31-40,North,Gold,23,38,51730.81,1361.34,7,0,0.2037,0.0726,0.0483,0.2048,0.1115,0.125,0.0,0.2343,Low-Engagement Occasional
C03498,31-40,West,Classic,21,31,40776.6,1315.37,8,7,0.0816,0.0799,0.0111,0.1432,0.2043,0.2344,0.1169,0.1287,Low-Engagement Occasional
C03499,21-30,East,Classic,38,172,206499.02,1200.58,8,2,0.0734,0.0613,0.1956,0.3197,0.0577,0.1394,0.0733,0.0796,Everyday Essentials Loyalists
C03500,41-50,North,Classic,7,39,49023.43,1257.01,8,4,0.0973,0.13,0.0577,0.1689,0.0382,0.0611,0.2008,0.2461,Low-Engagement Occasional
C03501,41-50,North,Gold,30,176,185758.08,1055.44,8,0,0.0738,0.0997,0.2117,0.3056,0.0115,0.0761,0.0516,0.1699,Everyday Essentials Loyalists
C03502,31-40,West,Gold,21,132,236901.63,1794.71,8,0,0.1103,0.2958,0.048,0.0679,0.0422,0.2902,0.0733,0.0722,Digital Shoppers (New)
C03503,31-40,North,Platinum,63,125,1075743.63,8605.95,8,3,0.2107,0.1235,0.0076,0.0523,0.0355,0.1168,0.4274,0.0263,Premium Travel & Dining Elite
C03504,21-30,East,Classic,3,127,240340.83,1892.45,8,0,0.0849,0.2965,0.0187,0.1082,0.0364,0.3077,0.1145,0.033,Digital Shoppers (New)
C03505,21-30,East,Gold,35,31,47120.35,1520.01,8,0,0.0906,0.0305,0.0282,0.1642,0.02,0.2229,0.2832,0.1604,Low-Engagement Occasional
C03506,41-50,North,Classic,5,138,312421.18,2263.92,8,1,0.0689,0.2363,0.0251,0.0795,0.1001,0.2369,0.1788,0.0745,Digital Shoppers (New)
C03507,21-30,East,Platinum,21,130,253884.36,1952.96,8,1,0.0733,0.1845,0.044,0.0619,0.0349,0.4067,0.1586,0.0362,Digital Shoppers (New)
C03508,41-50,North,Platinum,28,32,38217.45,1194.3,8,29,0.1895,0.0411,0.0601,0.2217,0.1424,0.0968,0.079,0.1694,Low-Engagement Occasional
C03509,31-40,West,Gold,26,32,54475.93,1702.37,8,15,0.0716,0.1298,0.0156,0.1724,0.0572,0.1951,0.166,0.1922,Low-Engagement Occasional
C03510,41-50,West,Gold,41,186,217990.98,1171.99,8,1,0.0872,0.1034,0.1097,0.3171,0.0355,0.1281,0.0715,0.1475,Everyday Essentials Loyalists
C03511,31-40,North,Gold,73,38,51558.32,1356.8,8,199,0.1394,0.1038,0.0285,0.3501,0.0552,0.1749,0.0761,0.0719,Lapsed / Dormant
C03512,31-40,South,Classic,22,28,39962.7,1427.24,7,22,0.1092,0.1727,0.1601,0.1572,0.0745,0.0635,0.0,0.2628,Low-Engagement Occasional
C03513,41-50,South,Classic,50,25,39598.42,1583.94,8,246,0.0095,0.1209,0.0465,0.0305,0.1958,0.2721,0.2766,0.0481,Lapsed / Dormant
C03514,31-40,West,Gold,55,25,25716.31,1028.65,8,241,0.1558,0.0895,0.1658,0.1518,0.0814,0.1002,0.1135,0.1419,Lapsed / Dormant
C03515,21-30,South,Gold,38,25,46700.9,1868.04,7,258,0.0609,0.0,0.1526,0.1046,0.0263,0.1139,0.4044,0.1373,Lapsed / Dormant
C03516,51+,East,Classic,14,28,44529.17,1590.33,7,14,0.1259,0.1032,0.0,0.1545,0.0183,0.1811,0.1524,0.2647,Low-Engagement Occasional
C03517,31-40,West,Gold,7,135,238534.47,1766.92,8,0,0.1225,0.2189,0.0651,0.0786,0.05,0.2602,0.1404,0.0642,Digital Shoppers (New)
C03518,21-30,North,Classic,49,178,193493.45,1087.04,8,0,0.0725,0.0332,0.1351,0.3742,0.0283,0.1165,0.0712,0.169,Everyday Essentials Loyalists
C03519,31-40,East,Classic,10,128,245474.96,1917.77,8,1,0.1068,0.2348,0.0335,0.0449,0.0774,0.3724,0.082,0.0482,Digital Shoppers (New)
C03520,31-40,North,Classic,27,27,39351.08,1457.45,8,9,0.1704,0.0862,0.1123,0.1658,0.0425,0.0552,0.238,0.1296,Low-Engagement Occasional
C03521,41-50,East,Platinum,23,147,283150.14,1926.19,8,0,0.109,0.1824,0.0303,0.0869,0.0719,0.3618,0.1133,0.0444,Digital Shoppers (New)
C03522,41-50,South,Classic,39,31,36962.53,1192.34,7,174,0.078,0.0847,0.0365,0.2514,0.0,0.1802,0.2313,0.138,Lapsed / Dormant
C03523,31-40,West,Classic,59,96,787750.2,8205.73,8,5,0.1187,0.1084,0.0039,0.0451,0.0045,0.1816,0.5102,0.0278,Premium Travel & Dining Elite
C03524,21-30,South,Platinum,26,186,206509.88,1110.27,8,0,0.088,0.041,0.2033,0.3392,0.0183,0.095,0.0981,0.1172,Everyday Essentials Loyalists
C03525,31-40,North,Classic,17,152,323860.23,2130.66,8,1,0.1056,0.2268,0.0349,0.0489,0.0479,0.2772,0.1554,0.1032,Digital Shoppers (New)
C03526,21-30,West,Gold,44,166,217561.29,1310.61,8,7,0.1517,0.0572,0.1265,0.2362,0.0236,0.1001,0.1521,0.1525,Everyday Essentials Loyalists
C03527,41-50,West,Platinum,67,88,769550.56,8744.89,8,0,0.2293,0.0714,0.0098,0.0406,0.0084,0.1467,0.4642,0.0295,Premium Travel & Dining Elite
C03528,21-30,East,Classic,30,175,188329.97,1076.17,8,0,0.0843,0.0203,0.2479,0.3668,0.0316,0.064,0.0171,0.1681,Everyday Essentials Loyalists
C03529,41-50,West,Gold,28,28,34267.02,1223.82,8,15,0.2397,0.1511,0.0525,0.1283,0.1382,0.0893,0.0626,0.1383,Low-Engagement Occasional
C03530,31-40,North,Gold,3,132,239599.25,1815.15,8,0,0.0811,0.3213,0.0328,0.021,0.064,0.3235,0.13,0.0263,Digital Shoppers (New)
C03531,41-50,East,Platinum,57,113,914801.72,8095.59,8,8,0.1662,0.0759,0.04,0.0536,0.0474,0.1661,0.4083,0.0425,Premium Travel & Dining Elite
C03532,21-30,North,Gold,74,118,904403.36,7664.44,8,4,0.2289,0.0944,0.0091,0.0501,0.0257,0.1583,0.4157,0.0179,Premium Travel & Dining Elite
C03533,21-30,North,Classic,10,135,244033.17,1807.65,8,2,0.1995,0.1923,0.0802,0.0478,0.0427,0.3201,0.0418,0.0756,Digital Shoppers (New)
C03534,51+,West,Classic,28,161,189469.23,1176.83,8,0,0.0426,0.0663,0.1714,0.2532,0.0545,0.0982,0.1337,0.1803,Everyday Essentials Loyalists
C03535,31-40,West,Classic,23,35,46432.79,1326.65,7,1,0.0992,0.0,0.0388,0.2668,0.2105,0.0671,0.0584,0.2591,Low-Engagement Occasional
C03536,31-40,North,Platinum,13,31,43035.88,1388.25,8,1,0.1326,0.0807,0.0734,0.2336,0.0711,0.1035,0.1829,0.1223,Low-Engagement Occasional
C03537,41-50,North,Classic,29,166,183712.16,1106.7,8,4,0.1097,0.0742,0.1741,0.3239,0.0559,0.0744,0.0807,0.107,Everyday Essentials Loyalists
C03538,51+,West,Gold,20,137,273144.04,1993.75,8,4,0.0968,0.2625,0.0557,0.0349,0.0516,0.2922,0.141,0.0654,Digital Shoppers (New)
C03539,31-40,North,Classic,27,168,187048.1,1113.38,8,1,0.1151,0.0438,0.2306,0.3028,0.0399,0.0621,0.0341,0.1717,Everyday Essentials Loyalists
C03540,51+,North,Classic,45,190,214223.72,1127.49,8,2,0.0699,0.0475,0.2202,0.2656,0.0427,0.0826,0.1021,0.1695,Everyday Essentials Loyalists
C03541,21-30,North,Classic,48,35,43477.58,1242.22,8,188,0.086,0.0323,0.04,0.2087,0.0492,0.0939,0.3051,0.1847,Lapsed / Dormant
C03542,51+,North,Classic,8,123,234178.52,1903.89,8,3,0.128,0.2299,0.0414,0.0292,0.0465,0.3501,0.1247,0.0501,Digital Shoppers (New)
C03543,21-30,South,Classic,50,43,57705.31,1341.98,8,131,0.1475,0.1022,0.1929,0.2424,0.0548,0.0893,0.0704,0.1005,Lapsed / Dormant
C03544,31-40,West,Gold,32,181,213959.46,1182.1,8,0,0.0633,0.0531,0.1747,0.2936,0.022,0.1129,0.1243,0.1561,Everyday Essentials Loyalists
C03545,21-30,South,Platinum,50,151,194285.19,1286.66,8,0,0.085,0.0702,0.1457,0.3065,0.0084,0.0814,0.1526,0.1502,Everyday Essentials Loyalists
C03546,41-50,South,Classic,7,124,237808.63,1917.81,8,10,0.0962,0.2545,0.0216,0.0363,0.095,0.3056,0.1507,0.0401,Digital Shoppers (New)
C03547,51+,West,Classic,10,136,249816.08,1836.88,8,0,0.1117,0.212,0.0127,0.0391,0.0665,0.319,0.1439,0.0951,Digital Shoppers (New)
C03548,31-40,East,Classic,42,44,56097.08,1274.93,8,177,0.0817,0.1134,0.0555,0.1758,0.0999,0.2562,0.127,0.0904,Lapsed / Dormant
C03549,31-40,West,Gold,66,117,1033400.23,8832.48,8,5,0.1731,0.1132,0.0119,0.0431,0.0107,0.1347,0.4625,0.0509,Premium Travel & Dining Elite
C03550,31-40,East,Gold,35,25,35355.4,1414.22,8,31,0.1006,0.2017,0.1126,0.0283,0.0241,0.2572,0.0596,0.2158,Low-Engagement Occasional
C03551,21-30,East,Gold,21,8,11894.79,1486.85,5,280,0.2646,0.0,0.0615,0.1131,0.0,0.0,0.2778,0.283,Lapsed / Dormant
C03552,41-50,East,Platinum,16,142,294907.29,2076.81,8,1,0.1191,0.2297,0.0278,0.0829,0.0716,0.273,0.1319,0.064,Digital Shoppers (New)
C03553,21-30,West,Classic,24,150,169313.9,1128.76,8,4,0.0433,0.0638,0.1791,0.3133,0.0223,0.0586,0.0866,0.233,Everyday Essentials Loyalists
C03554,51+,West,Classic,10,136,270669.83,1990.22,8,5,0.1015,0.2526,0.0328,0.0717,0.0777,0.2953,0.1139,0.0546,Digital Shoppers (New)
C03555,51+,West,Classic,40,176,204188.83,1160.16,8,2,0.1156,0.0398,0.1949,0.297,0.0645,0.1178,0.0587,0.1116,Everyday Essentials Loyalists
C03556,21-30,North,Classic,26,36,54657.56,1518.27,8,16,0.168,0.0315,0.0826,0.1504,0.0772,0.0253,0.1444,0.3207,Low-Engagement Occasional
C03557,31-40,East,Classic,19,132,253038.04,1916.95,8,0,0.1208,0.2334,0.0652,0.0891,0.0324,0.3148,0.0924,0.052,Digital Shoppers (New)
C03558,51+,West,Gold,55,37,42964.72,1161.21,8,166,0.1363,0.0402,0.1509,0.1605,0.0555,0.2907,0.0338,0.1321,Lapsed / Dormant
C03559,51+,North,Gold,6,140,268858.36,1920.42,8,4,0.1316,0.1861,0.0506,0.0392,0.0694,0.353,0.1203,0.0497,Digital Shoppers (New)
C03560,41-50,West,Gold,5,155,298209.39,1923.93,8,0,0.0744,0.2323,0.023,0.0747,0.0967,0.3559,0.1053,0.0376,Digital Shoppers (New)
C03561,21-30,South,Classic,29,43,74098.77,1723.23,8,23,0.0469,0.0486,0.0144,0.1694,0.2582,0.0657,0.1347,0.262,Low-Engagement Occasional
C03562,21-30,North,Platinum,3,131,261948.98,1999.61,8,3,0.1092,0.2662,0.0075,0.0268,0.0585,0.3466,0.1201,0.0652,Digital Shoppers (New)
C03563,41-50,West,Classic,43,31,45565.64,1469.86,8,211,0.2281,0.0333,0.1921,0.0923,0.0413,0.0972,0.2201,0.0955,Lapsed / Dormant
C03564,31-40,North,Gold,55,172,182960.66,1063.72,8,0,0.0939,0.0856,0.1855,0.3429,0.0087,0.1163,0.0027,0.1644,Everyday Essentials Loyalists
C03565,41-50,South,Classic,32,38,57995.5,1526.2,8,196,0.0724,0.1796,0.0842,0.098,0.011,0.1188,0.249,0.187,Lapsed / Dormant
C03566,41-50,South,Gold,26,28,41888.82,1496.03,7,14,0.0675,0.0781,0.2584,0.2309,0.0,0.1001,0.1272,0.1379,Low-Engagement Occasional
C03567,31-40,West,Classic,42,31,46115.79,1487.61,8,200,0.1729,0.1699,0.1365,0.2534,0.0342,0.0899,0.0616,0.0816,Lapsed / Dormant
C03568,21-30,South,Gold,34,129,276128.61,2140.53,8,1,0.142,0.2078,0.0153,0.0706,0.0474,0.307,0.1502,0.0596,Digital Shoppers (New)
C03569,31-40,East,Classic,24,41,54716.88,1334.56,8,6,0.0653,0.081,0.0384,0.3039,0.1446,0.1292,0.0807,0.1569,Low-Engagement Occasional
C03570,51+,West,Classic,37,162,187080.63,1154.82,8,1,0.1018,0.045,0.2045,0.3081,0.0553,0.0533,0.0749,0.1572,Everyday Essentials Loyalists
C03571,31-40,East,Gold,19,23,33096.86,1438.99,8,5,0.1106,0.1481,0.0211,0.0323,0.0466,0.127,0.2138,0.3005,Low-Engagement Occasional
C03572,21-30,West,Classic,42,156,172407.19,1105.17,8,2,0.0993,0.0323,0.27,0.2808,0.0107,0.139,0.0224,0.1455,Everyday Essentials Loyalists
C03573,51+,West,Classic,44,182,191952.08,1054.68,8,0,0.1036,0.0773,0.1607,0.2982,0.0302,0.0829,0.1435,0.1035,Everyday Essentials Loyalists
C03574,41-50,South,Gold,5,120,233231.2,1943.59,8,2,0.1169,0.2179,0.0215,0.056,0.106,0.331,0.0898,0.0608,Digital Shoppers (New)
C03575,31-40,West,Classic,51,195,216069.84,1108.05,8,0,0.0482,0.0516,0.2153,0.3591,0.0544,0.0911,0.1037,0.0766,Everyday Essentials Loyalists
C03576,41-50,South,Classic,44,147,174869.24,1189.59,8,9,0.0535,0.0689,0.0945,0.3408,0.0598,0.1084,0.1639,0.1102,Everyday Essentials Loyalists
C03577,31-40,North,Classic,38,32,49127.92,1535.25,7,4,0.0,0.078,0.0549,0.2801,0.145,0.0721,0.2071,0.1627,Low-Engagement Occasional
C03578,51+,North,Classic,38,167,193438.73,1158.32,8,1,0.0818,0.0761,0.1872,0.3083,0.0365,0.0821,0.104,0.1241,Everyday Essentials Loyalists
C03579,51+,East,Classic,32,37,41430.49,1119.74,8,15,0.1089,0.0709,0.0799,0.1314,0.0909,0.2547,0.0939,0.1695,Low-Engagement Occasional
C03580,31-40,North,Platinum,57,111,1076426.48,9697.54,8,1,0.1115,0.0733,0.0199,0.0499,0.0284,0.1479,0.5401,0.0289,Premium Travel & Dining Elite
C03581,31-40,East,Gold,44,36,52490.98,1458.08,8,19,0.0658,0.074,0.0351,0.1622,0.0739,0.2371,0.1069,0.245,Low-Engagement Occasional
C03582,31-40,South,Gold,31,27,35633.54,1319.76,7,45,0.0,0.0586,0.1313,0.1674,0.0737,0.1921,0.0397,0.3373,Low-Engagement Occasional
C03583,41-50,South,Classic,42,178,203818.94,1145.05,8,1,0.0816,0.0501,0.219,0.3161,0.0402,0.0818,0.0796,0.1316,Everyday Essentials Loyalists
C03584,41-50,North,Gold,25,24,32721.63,1363.4,7,8,0.2094,0.0827,0.0,0.1845,0.111,0.0411,0.0562,0.3151,Low-Engagement Occasional
C03585,31-40,West,Gold,42,49,73497.61,1499.95,8,131,0.0834,0.0964,0.1357,0.1068,0.0554,0.1539,0.2485,0.1199,Lapsed / Dormant
C03586,51+,South,Classic,32,29,47625.9,1642.27,8,26,0.1553,0.0502,0.0612,0.3089,0.0332,0.0438,0.1856,0.1618,Low-Engagement Occasional
C03587,31-40,North,Gold,50,182,202699.85,1113.74,8,4,0.0982,0.0518,0.1803,0.3223,0.0207,0.0898,0.0783,0.1586,Everyday Essentials Loyalists
C03588,41-50,South,Gold,7,128,249306.76,1947.71,8,0,0.0953,0.2163,0.0206,0.0419,0.0045,0.4444,0.1353,0.0417,Digital Shoppers (New)
C03589,41-50,South,Classic,31,35,39844.54,1138.42,7,12,0.262,0.063,0.0853,0.1779,0.1475,0.1635,0.0,0.1008,Low-Engagement Occasional
C03590,31-40,East,Classic,43,187,217453.42,1162.85,8,1,0.0674,0.0523,0.2538,0.2984,0.0346,0.0641,0.1015,0.128,Everyday Essentials Loyalists
C03591,21-30,South,Classic,33,34,59345.7,1745.46,8,0,0.2881,0.0074,0.1108,0.1758,0.1121,0.0979,0.125,0.0828,Low-Engagement Occasional
C03592,41-50,North,Gold,24,175,186896.51,1067.98,8,2,0.1323,0.1078,0.2696,0.2173,0.0365,0.088,0.0344,0.1139,Everyday Essentials Loyalists
C03593,41-50,West,Classic,20,39,47403.35,1215.47,8,7,0.1799,0.1006,0.1367,0.1317,0.097,0.1278,0.0392,0.187,Low-Engagement Occasional
C03594,21-30,South,Classic,46,111,973100.75,8766.67,8,2,0.1451,0.053,0.0251,0.0496,0.0287,0.1606,0.514,0.0239,Premium Travel & Dining Elite
C03595,41-50,North,Platinum,60,106,867815.96,8186.94,8,5,0.1521,0.079,0.0289,0.0184,0.0663,0.1408,0.496,0.0186,Premium Travel & Dining Elite
C03596,31-40,West,Platinum,38,45,61759.23,1372.43,8,172,0.1361,0.1578,0.1682,0.0697,0.0931,0.1116,0.1743,0.0893,Lapsed / Dormant
C03597,31-40,East,Gold,43,25,30387.33,1215.49,8,222,0.0704,0.1817,0.0567,0.0601,0.0289,0.261,0.1457,0.1956,Lapsed / Dormant
C03598,41-50,East,Classic,36,30,38816.6,1293.89,8,258,0.1669,0.1343,0.0414,0.1612,0.0093,0.106,0.092,0.2891,Lapsed / Dormant
C03599,31-40,South,Gold,43,38,65303.18,1718.5,8,155,0.2247,0.0579,0.0453,0.1625,0.0484,0.1571,0.1806,0.1235,Lapsed / Dormant
C03600,41-50,South,Classic,30,163,185628.89,1138.83,8,1,0.111,0.0237,0.1578,0.3259,0.0482,0.0823,0.1157,0.1353,Everyday Essentials Loyalists
C03601,41-50,South,Classic,49,150,170027.04,1133.51,8,3,0.0823,0.0429,0.2012,0.2229,0.0269,0.1258,0.1419,0.1561,Everyday Essentials Loyalists
C03602,21-30,North,Classic,64,131,1167819.67,8914.65,8,1,0.1411,0.0518,0.0311,0.0553,0.0299,0.1946,0.4724,0.0238,Premium Travel & Dining Elite
C03603,31-40,North,Gold,15,124,256907.58,2071.84,8,3,0.1347,0.1871,0.0307,0.0568,0.076,0.3253,0.1167,0.0727,Digital Shoppers (New)
C03604,21-30,West,Classic,38,170,194137.82,1141.99,8,0,0.1125,0.0567,0.2504,0.3017,0.0406,0.0742,0.0286,0.1351,Everyday Essentials Loyalists
C03605,21-30,East,Classic,27,24,37651.93,1568.83,7,227,0.0598,0.0396,0.3259,0.1401,0.0,0.1957,0.1089,0.13,Lapsed / Dormant
C03606,41-50,South,Platinum,55,118,980632.45,8310.44,8,2,0.1507,0.0533,0.0294,0.1022,0.0611,0.1823,0.3789,0.0422,Premium Travel & Dining Elite
C03607,21-30,North,Classic,34,156,166764.15,1069.0,8,0,0.1082,0.0546,0.1803,0.3017,0.0336,0.0918,0.0964,0.1334,Everyday Essentials Loyalists
C03608,51+,West,Platinum,44,189,218262.07,1154.83,8,3,0.1007,0.0678,0.132,0.2884,0.0414,0.0945,0.1391,0.1361,Everyday Essentials Loyalists
C03609,31-40,North,Gold,48,172,210729.39,1225.17,8,6,0.0988,0.0512,0.1612,0.2215,0.0467,0.0964,0.1503,0.1737,Everyday Essentials Loyalists
C03610,31-40,North,Platinum,45,161,159226.66,988.99,8,0,0.0757,0.0809,0.2367,0.2251,0.0548,0.0695,0.0877,0.1696,Everyday Essentials Loyalists
C03611,51+,North,Gold,26,126,239300.63,1899.21,8,7,0.0758,0.1974,0.0146,0.0307,0.0374,0.3365,0.2506,0.057,Digital Shoppers (New)
C03612,31-40,West,Gold,36,164,182094.07,1110.33,8,5,0.1384,0.0722,0.2072,0.264,0.0347,0.1078,0.0427,0.1329,Everyday Essentials Loyalists
C03613,41-50,East,Classic,7,141,234925.45,1666.14,8,0,0.115,0.1879,0.0392,0.0273,0.0616,0.3242,0.1619,0.0827,Digital Shoppers (New)
C03614,41-50,North,Classic,58,38,52517.49,1382.04,8,195,0.1074,0.0308,0.0987,0.1783,0.0789,0.1105,0.292,0.1034,Lapsed / Dormant
C03615,51+,North,Gold,15,122,225245.99,1846.28,8,5,0.064,0.2411,0.0363,0.0254,0.0799,0.4205,0.0583,0.0745,Digital Shoppers (New)
C03616,21-30,East,Classic,27,29,43110.84,1486.58,7,11,0.1222,0.2261,0.131,0.0819,0.0,0.1004,0.0805,0.258,Low-Engagement Occasional
C03617,21-30,East,Classic,60,153,175194.08,1145.06,8,1,0.07,0.0776,0.1521,0.2732,0.0628,0.0987,0.086,0.1796,Everyday Essentials Loyalists
C03618,51+,East,Gold,47,177,186221.81,1052.1,8,0,0.1317,0.0292,0.2557,0.2549,0.0296,0.0697,0.069,0.1601,Everyday Essentials Loyalists
C03619,21-30,North,Platinum,40,170,204508.91,1202.99,8,0,0.1019,0.0195,0.1464,0.3289,0.0376,0.1142,0.1302,0.1213,Everyday Essentials Loyalists
C03620,41-50,West,Gold,41,18,31378.09,1743.23,7,256,0.2044,0.0808,0.1767,0.1493,0.0711,0.0911,0.0,0.2266,Lapsed / Dormant
C03621,41-50,West,Classic,27,137,263891.2,1926.21,8,10,0.1089,0.2432,0.0148,0.0195,0.0413,0.3447,0.1439,0.0836,Digital Shoppers (New)
C03622,31-40,East,Classic,44,176,195358.45,1109.99,8,2,0.0718,0.0985,0.2197,0.2802,0.0308,0.0852,0.1028,0.111,Everyday Essentials Loyalists
C03623,41-50,North,Classic,14,140,263689.01,1883.49,8,2,0.1277,0.2825,0.0168,0.007,0.0948,0.2912,0.138,0.0419,Digital Shoppers (New)
C03624,51+,East,Gold,36,35,58677.73,1676.51,8,0,0.1298,0.2219,0.0674,0.2492,0.0405,0.0887,0.0459,0.1565,Low-Engagement Occasional
C03625,21-30,South,Classic,38,41,54448.45,1328.01,8,16,0.1835,0.1025,0.0688,0.1884,0.1235,0.1039,0.0896,0.1399,Low-Engagement Occasional
C03626,41-50,North,Classic,19,126,246180.14,1953.81,8,2,0.0838,0.2252,0.0676,0.0261,0.0545,0.2881,0.1699,0.0848,Digital Shoppers (New)
C03627,41-50,South,Gold,56,49,60992.44,1244.74,8,145,0.0784,0.1091,0.1148,0.1492,0.0475,0.2034,0.0895,0.2082,Lapsed / Dormant
C03628,31-40,West,Platinum,34,25,28107.05,1124.28,7,21,0.0,0.0908,0.168,0.153,0.0858,0.2858,0.155,0.0616,Low-Engagement Occasional
C03629,51+,South,Gold,19,137,273178.2,1994.0,8,2,0.0731,0.2697,0.0171,0.06,0.0324,0.3315,0.1507,0.0655,Digital Shoppers (New)
C03630,31-40,West,Classic,34,183,203668.36,1112.94,8,2,0.1029,0.0579,0.1896,0.315,0.0306,0.085,0.064,0.155,Everyday Essentials Loyalists
C03631,21-30,South,Classic,78,112,884755.38,7899.6,8,1,0.2741,0.0495,0.033,0.0558,0.0414,0.1083,0.4193,0.0186,Premium Travel & Dining Elite
C03632,51+,South,Gold,35,50,58428.98,1168.58,7,129,0.0707,0.0,0.1324,0.2415,0.0503,0.1583,0.1763,0.1705,Lapsed / Dormant
C03633,51+,North,Classic,17,143,279623.14,1955.41,8,1,0.123,0.2721,0.0115,0.0538,0.0426,0.348,0.0785,0.0705,Digital Shoppers (New)
C03634,21-30,East,Classic,28,179,202473.8,1131.14,8,3,0.0765,0.0598,0.2064,0.3065,0.0226,0.058,0.16,0.1103,Everyday Essentials Loyalists
C03635,41-50,North,Classic,13,130,258594.7,1989.19,8,3,0.1619,0.1519,0.0371,0.0629,0.0579,0.4179,0.0712,0.0392,Digital Shoppers (New)
C03636,21-30,South,Gold,54,106,870531.17,8212.56,8,6,0.2063,0.0414,0.0097,0.0489,0.0722,0.1266,0.4146,0.0804,Premium Travel & Dining Elite
C03637,21-30,North,Classic,31,27,38166.6,1413.58,7,2,0.2018,0.1329,0.0985,0.1547,0.1289,0.1156,0.0,0.1677,Low-Engagement Occasional
C03638,31-40,South,Platinum,45,193,211382.12,1095.24,8,3,0.0977,0.0675,0.2307,0.2266,0.0342,0.0822,0.0404,0.2206,Everyday Essentials Loyalists
C03639,51+,South,Gold,20,28,49204.55,1757.31,8,13,0.0532,0.1043,0.224,0.1296,0.1249,0.0138,0.181,0.1692,Low-Engagement Occasional
C03640,21-30,North,Classic,13,158,317570.8,2009.94,8,0,0.132,0.2341,0.0101,0.0637,0.0338,0.3597,0.0842,0.0825,Digital Shoppers (New)
C03641,21-30,North,Classic,55,164,200319.96,1221.46,8,0,0.1469,0.0481,0.1565,0.3368,0.0573,0.0662,0.054,0.1343,Everyday Essentials Loyalists
C03642,41-50,West,Platinum,46,95,788845.9,8303.64,8,4,0.1456,0.0347,0.0039,0.0947,0.0182,0.1731,0.4838,0.0459,Premium Travel & Dining Elite
C03643,31-40,North,Classic,21,32,44011.84,1375.37,8,4,0.0673,0.0473,0.0613,0.3215,0.0173,0.1376,0.0418,0.3059,Low-Engagement Occasional
C03644,21-30,South,Gold,50,175,207972.82,1188.42,8,2,0.1128,0.032,0.1954,0.2366,0.0372,0.0913,0.0958,0.1988,Everyday Essentials Loyalists
C03645,21-30,South,Platinum,60,114,991613.48,8698.36,8,1,0.1732,0.0453,0.0183,0.061,0.0408,0.1566,0.4781,0.0266,Premium Travel & Dining Elite
C03646,41-50,South,Classic,31,31,34631.51,1117.15,7,0,0.0768,0.0888,0.0719,0.0327,0.114,0.3384,0.0,0.2773,Low-Engagement Occasional
C03647,41-50,East,Gold,52,191,213167.14,1116.06,8,2,0.1429,0.0538,0.2146,0.2841,0.038,0.0536,0.0812,0.1317,Everyday Essentials Loyalists
C03648,41-50,North,Gold,34,160,184021.16,1150.13,8,1,0.0756,0.0399,0.1839,0.2591,0.0813,0.0912,0.114,0.155,Everyday Essentials Loyalists
C03649,21-30,South,Gold,36,170,208930.29,1229.0,8,1,0.0839,0.0538,0.1808,0.2875,0.0463,0.1528,0.071,0.1239,Everyday Essentials Loyalists
C03650,31-40,East,Classic,23,25,34520.0,1380.8,8,14,0.1758,0.0478,0.0881,0.3379,0.0379,0.0864,0.1443,0.0818,Low-Engagement Occasional
C03651,41-50,South,Gold,38,169,192041.71,1136.34,8,0,0.1214,0.0374,0.157,0.3066,0.0151,0.126,0.093,0.1436,Everyday Essentials Loyalists
C03652,31-40,West,Gold,55,194,203683.14,1049.91,8,6,0.086,0.0343,0.2283,0.3584,0.0536,0.0783,0.0179,0.1433,Everyday Essentials Loyalists
C03653,21-30,West,Gold,24,162,186690.69,1152.41,8,8,0.1139,0.0658,0.1862,0.2109,0.1034,0.0754,0.1103,0.134,Everyday Essentials Loyalists
C03654,31-40,North,Platinum,30,168,199578.99,1187.97,8,0,0.0789,0.039,0.1804,0.3795,0.0433,0.0659,0.1058,0.1071,Everyday Essentials Loyalists
C03655,31-40,South,Platinum,28,151,181105.16,1199.37,8,6,0.1045,0.0706,0.1799,0.3471,0.0323,0.0769,0.0753,0.1133,Everyday Essentials Loyalists
C03656,21-30,North,Platinum,74,105,936474.61,8918.81,8,0,0.1529,0.0817,0.0376,0.0396,0.0449,0.0385,0.5618,0.0431,Premium Travel & Dining Elite
C03657,51+,North,Gold,35,167,176915.02,1059.37,8,0,0.0933,0.0387,0.2,0.32,0.038,0.114,0.0778,0.1182,Everyday Essentials Loyalists
C03658,31-40,South,Classic,38,165,195225.14,1183.18,8,3,0.098,0.0683,0.1861,0.2385,0.0236,0.1052,0.1329,0.1476,Everyday Essentials Loyalists
C03659,41-50,East,Gold,31,34,49752.22,1463.3,7,225,0.1962,0.0785,0.171,0.1428,0.048,0.2276,0.0,0.136,Lapsed / Dormant
C03660,21-30,South,Platinum,57,114,1023502.84,8978.1,8,6,0.1099,0.0523,0.0078,0.0329,0.0073,0.211,0.5412,0.0376,Premium Travel & Dining Elite
C03661,41-50,North,Classic,50,162,203636.55,1257.02,8,1,0.1558,0.0361,0.2029,0.2291,0.0339,0.0815,0.1501,0.1106,Everyday Essentials Loyalists
C03662,31-40,North,Platinum,50,26,35711.51,1373.52,7,206,0.1321,0.0539,0.0136,0.2626,0.0,0.3815,0.1153,0.041,Lapsed / Dormant
C03663,51+,West,Gold,46,29,33805.22,1165.7,6,239,0.1175,0.0,0.0,0.2555,0.0975,0.2247,0.1601,0.1447,Lapsed / Dormant
C03664,31-40,West,Classic,14,26,31520.65,1212.33,7,15,0.0161,0.0558,0.0,0.0648,0.2844,0.1418,0.1695,0.2676,Low-Engagement Occasional
C03665,41-50,North,Classic,38,165,182262.58,1104.62,8,0,0.0928,0.0618,0.1978,0.3211,0.0225,0.0866,0.074,0.1433,Everyday Essentials Loyalists
C03666,31-40,East,Classic,43,163,185882.05,1140.38,8,0,0.0694,0.0423,0.1618,0.4403,0.0394,0.079,0.0447,0.123,Everyday Essentials Loyalists
C03667,31-40,South,Classic,32,173,198941.67,1149.95,8,1,0.0491,0.0723,0.2169,0.3508,0.0723,0.0823,0.0544,0.102,Everyday Essentials Loyalists
C03668,51+,East,Classic,66,108,871412.58,8068.63,8,8,0.1979,0.0451,0.0203,0.1042,0.0557,0.1164,0.4284,0.0319,Premium Travel & Dining Elite
C03669,41-50,East,Gold,50,167,166625.74,997.76,8,0,0.1854,0.0454,0.1983,0.252,0.0437,0.0817,0.0672,0.1264,Everyday Essentials Loyalists
C03670,41-50,West,Platinum,8,145,287992.67,1986.16,8,3,0.1843,0.1944,0.0435,0.1032,0.0487,0.3005,0.081,0.0444,Digital Shoppers (New)
C03671,51+,North,Classic,49,171,194813.48,1139.26,8,3,0.0795,0.0876,0.15,0.3759,0.0342,0.0822,0.0655,0.1252,Everyday Essentials Loyalists
C03672,51+,South,Platinum,12,133,253458.9,1905.71,8,6,0.078,0.2589,0.0388,0.0386,0.03,0.3606,0.1445,0.0505,Digital Shoppers (New)
C03673,21-30,West,Classic,53,167,203010.18,1215.63,8,1,0.1483,0.0354,0.1621,0.329,0.0382,0.0969,0.0847,0.1053,Everyday Essentials Loyalists
C03674,21-30,North,Platinum,62,171,189534.4,1108.39,8,1,0.0675,0.0189,0.1864,0.2923,0.0279,0.0969,0.1326,0.1774,Everyday Essentials Loyalists
C03675,31-40,North,Gold,19,24,32762.48,1365.1,7,8,0.0669,0.252,0.0645,0.1814,0.1451,0.2043,0.0,0.0857,Low-Engagement Occasional
C03676,51+,West,Classic,55,39,63335.66,1623.99,8,166,0.1228,0.0214,0.0349,0.2899,0.0348,0.0789,0.3265,0.0908,Lapsed / Dormant
C03677,31-40,West,Classic,55,165,193128.44,1170.48,8,0,0.1027,0.0562,0.183,0.2378,0.0327,0.0888,0.1318,0.167,Everyday Essentials Loyalists
C03678,31-40,East,Classic,4,118,261064.98,2212.42,8,6,0.1265,0.153,0.0226,0.0279,0.074,0.2699,0.2675,0.0585,Digital Shoppers (New)
C03679,31-40,West,Gold,36,151,169222.56,1120.68,8,2,0.132,0.0817,0.1869,0.2495,0.0212,0.0891,0.1343,0.1055,Everyday Essentials Loyalists
C03680,21-30,East,Platinum,54,108,913452.83,8457.9,8,0,0.1566,0.061,0.0225,0.0182,0.0577,0.1597,0.4943,0.0299,Premium Travel & Dining Elite
C03681,21-30,North,Classic,28,27,36492.18,1351.56,7,7,0.0183,0.0535,0.2201,0.3573,0.0,0.1184,0.0487,0.1837,Low-Engagement Occasional
C03682,21-30,East,Platinum,38,176,199768.94,1135.05,8,0,0.0991,0.0329,0.1989,0.3823,0.037,0.1153,0.059,0.0755,Everyday Essentials Loyalists
C03683,21-30,West,Classic,40,164,177848.98,1084.45,8,2,0.1171,0.0434,0.1768,0.3114,0.0282,0.0929,0.0857,0.1445,Everyday Essentials Loyalists
C03684,41-50,West,Classic,22,143,287482.96,2010.37,8,5,0.1074,0.2137,0.0058,0.0697,0.0728,0.2978,0.1467,0.0862,Digital Shoppers (New)
C03685,31-40,North,Gold,23,153,186321.73,1217.79,8,1,0.0959,0.0272,0.1899,0.2958,0.048,0.0795,0.1385,0.1253,Everyday Essentials Loyalists
C03686,21-30,North,Platinum,50,105,827298.12,7879.03,8,0,0.1882,0.0591,0.0234,0.067,0.0204,0.1836,0.4301,0.0281,Premium Travel & Dining Elite
C03687,31-40,West,Classic,48,161,182218.83,1131.79,8,5,0.1419,0.0383,0.2331,0.258,0.0315,0.1285,0.0714,0.0973,Everyday Essentials Loyalists
C03688,31-40,North,Gold,53,11,10777.16,979.74,6,275,0.2405,0.1344,0.2188,0.1145,0.0,0.2459,0.0,0.0459,Lapsed / Dormant
C03689,31-40,North,Platinum,3,123,212247.5,1725.59,8,4,0.098,0.242,0.0275,0.06,0.0426,0.3557,0.0846,0.0896,Digital Shoppers (New)
C03690,31-40,West,Classic,47,202,251846.63,1246.77,8,0,0.1195,0.0543,0.2103,0.2306,0.0548,0.0989,0.1245,0.1072,Everyday Essentials Loyalists
C03691,21-30,South,Platinum,73,109,881422.41,8086.44,8,0,0.1523,0.0767,0.0103,0.062,0.0668,0.1248,0.4847,0.0224,Premium Travel & Dining Elite
C03692,41-50,South,Classic,13,100,205603.43,2056.03,8,15,0.1561,0.2039,0.0548,0.0435,0.052,0.3405,0.0679,0.0813,Digital Shoppers (New)
C03693,21-30,North,Platinum,49,105,944128.29,8991.7,8,0,0.0948,0.1015,0.019,0.0239,0.0651,0.0918,0.5704,0.0334,Premium Travel & Dining Elite
C03694,21-30,North,Gold,22,118,225443.52,1910.54,8,0,0.1015,0.1791,0.0125,0.0463,0.1098,0.3965,0.0657,0.0887,Digital Shoppers (New)
C03695,21-30,West,Classic,47,21,30644.79,1459.28,6,0,0.168,0.0894,0.1413,0.1999,0.0,0.1546,0.0,0.2468,Low-Engagement Occasional
C03696,31-40,South,Platinum,33,184,198038.13,1076.29,8,0,0.0551,0.055,0.2213,0.3151,0.0475,0.1053,0.0383,0.1624,Everyday Essentials Loyalists
C03697,21-30,North,Classic,42,173,206152.34,1191.63,8,0,0.1526,0.0423,0.1663,0.2842,0.0601,0.0905,0.1006,0.1033,Everyday Essentials Loyalists
C03698,31-40,South,Platinum,70,112,977031.71,8723.5,8,9,0.144,0.0959,0.0082,0.0345,0.0388,0.1018,0.5273,0.0496,Premium Travel & Dining Elite
C03699,21-30,North,Platinum,61,103,879977.34,8543.47,8,2,0.127,0.0262,0.0277,0.0389,0.0356,0.1862,0.5461,0.0122,Premium Travel & Dining Elite
C03700,21-30,North,Classic,24,162,182995.74,1129.6,8,2,0.0957,0.0589,0.1516,0.2354,0.0297,0.1583,0.0572,0.2132,Everyday Essentials Loyalists
C03701,51+,North,Classic,52,42,58660.73,1396.68,7,144,0.0399,0.0847,0.0502,0.2533,0.0,0.1272,0.2391,0.2056,Lapsed / Dormant
C03702,31-40,South,Classic,32,169,177502.57,1050.31,8,2,0.0883,0.0841,0.1707,0.2965,0.0384,0.0513,0.1197,0.1513,Everyday Essentials Loyalists
C03703,21-30,North,Gold,3,136,289480.39,2128.53,8,0,0.1177,0.211,0.0355,0.0955,0.0261,0.3241,0.1392,0.0509,Digital Shoppers (New)
C03704,31-40,South,Platinum,12,30,43286.97,1442.9,8,29,0.1263,0.0982,0.0509,0.0796,0.1332,0.3596,0.0496,0.1026,Digital Shoppers (New)
C03705,21-30,South,Classic,71,117,834679.75,7134.01,8,1,0.1547,0.1428,0.0539,0.0675,0.0434,0.1097,0.4207,0.0072,Premium Travel & Dining Elite
C03706,41-50,South,Classic,33,169,204200.49,1208.29,8,2,0.0802,0.0679,0.2396,0.2136,0.0876,0.0771,0.0952,0.1389,Everyday Essentials Loyalists
C03707,21-30,North,Classic,45,190,208066.55,1095.09,8,1,0.1163,0.1094,0.1702,0.2327,0.059,0.133,0.0727,0.1068,Everyday Essentials Loyalists
C03708,31-40,North,Gold,35,22,33841.9,1538.27,8,52,0.1138,0.0557,0.1788,0.3005,0.1033,0.0271,0.1693,0.0516,Low-Engagement Occasional
C03709,51+,North,Gold,43,185,199752.4,1079.74,8,0,0.0801,0.065,0.2393,0.2748,0.0266,0.067,0.0875,0.1597,Everyday Essentials Loyalists
C03710,21-30,South,Platinum,32,22,33616.25,1528.01,8,21,0.1736,0.1165,0.0815,0.1418,0.1091,0.074,0.1,0.2036,Low-Engagement Occasional
C03711,21-30,West,Gold,51,36,41667.55,1157.43,8,184,0.0089,0.0952,0.0423,0.1789,0.0301,0.2802,0.2086,0.1558,Lapsed / Dormant
C03712,41-50,North,Gold,31,24,27354.95,1139.79,7,8,0.0594,0.1354,0.0247,0.213,0.207,0.1202,0.0,0.2403,Low-Engagement Occasional
C03713,51+,West,Gold,40,51,66931.77,1312.39,8,125,0.0891,0.0344,0.0691,0.2285,0.0333,0.1928,0.2646,0.0883,Low-Engagement Occasional
C03714,31-40,West,Platinum,21,31,35282.63,1138.15,8,34,0.0722,0.1462,0.0482,0.2343,0.0502,0.0722,0.0508,0.3259,Low-Engagement Occasional
C03715,41-50,North,Classic,28,38,60404.54,1589.59,8,23,0.1926,0.0767,0.0546,0.1272,0.0737,0.0835,0.1552,0.2365,Low-Engagement Occasional
C03716,21-30,North,Classic,28,24,37455.45,1560.64,7,32,0.1295,0.1643,0.0723,0.1945,0.1787,0.1599,0.0,0.1008,Low-Engagement Occasional
C03717,41-50,North,Gold,34,26,36252.57,1394.33,7,3,0.0922,0.1366,0.0947,0.1341,0.0418,0.4085,0.0,0.092,Low-Engagement Occasional
C03718,31-40,North,Classic,41,25,33666.54,1346.66,8,3,0.0283,0.1833,0.0436,0.191,0.0378,0.2287,0.1519,0.1353,Low-Engagement Occasional
C03719,41-50,South,Classic,51,20,23589.63,1179.48,8,280,0.1558,0.0839,0.0682,0.2942,0.02,0.2651,0.0535,0.0594,Lapsed / Dormant
C03720,21-30,North,Platinum,5,124,226031.85,1822.84,8,2,0.1182,0.2827,0.0163,0.0729,0.0217,0.28,0.1526,0.0556,Digital Shoppers (New)
C03721,31-40,West,Classic,3,136,272318.53,2002.34,8,4,0.1197,0.1915,0.0448,0.0778,0.0672,0.3434,0.0902,0.0655,Digital Shoppers (New)
C03722,21-30,South,Classic,6,144,256349.21,1780.2,8,1,0.0949,0.2777,0.0704,0.0218,0.0591,0.3733,0.0562,0.0465,Digital Shoppers (New)
C03723,41-50,West,Classic,16,26,39327.69,1512.6,8,1,0.1278,0.0484,0.0322,0.2437,0.0654,0.0801,0.2396,0.1629,Low-Engagement Occasional
C03724,41-50,West,Classic,34,174,198502.5,1140.82,8,2,0.1092,0.0239,0.1737,0.2716,0.0263,0.1244,0.1217,0.1493,Everyday Essentials Loyalists
C03725,41-50,South,Gold,32,32,43364.91,1355.15,8,3,0.1031,0.0404,0.0139,0.234,0.1441,0.0337,0.1662,0.2646,Low-Engagement Occasional
C03726,51+,West,Classic,30,27,35722.13,1323.04,8,16,0.1959,0.1209,0.0584,0.124,0.0858,0.2229,0.0944,0.0977,Low-Engagement Occasional
C03727,31-40,West,Gold,66,24,27735.76,1155.66,7,288,0.1526,0.0374,0.1054,0.1617,0.1844,0.128,0.0,0.2306,Lapsed / Dormant
C03728,41-50,South,Platinum,46,175,206606.96,1180.61,8,0,0.069,0.0648,0.1426,0.3609,0.0247,0.0822,0.1135,0.1423,Everyday Essentials Loyalists
C03729,21-30,North,Gold,49,28,43635.33,1558.4,7,2,0.1538,0.0604,0.1576,0.0589,0.2183,0.0495,0.0,0.3014,Low-Engagement Occasional
C03730,51+,South,Gold,37,31,47796.22,1541.81,8,11,0.107,0.066,0.0892,0.0659,0.1203,0.0915,0.1591,0.3009,Low-Engagement Occasional
C03731,41-50,North,Platinum,58,23,25623.08,1114.05,7,205,0.2123,0.1369,0.0783,0.2412,0.0,0.1372,0.1243,0.0698,Lapsed / Dormant
C03732,31-40,South,Classic,44,30,38833.18,1294.44,7,244,0.0756,0.0925,0.0343,0.1828,0.0,0.099,0.2389,0.2769,Lapsed / Dormant
C03733,31-40,South,Gold,3,120,219702.76,1830.86,8,5,0.0686,0.2137,0.0372,0.0459,0.0468,0.3553,0.2037,0.0288,Digital Shoppers (New)
C03734,41-50,South,Gold,9,123,277292.86,2254.41,8,2,0.0467,0.1637,0.039,0.0685,0.0592,0.3585,0.1856,0.0788,Digital Shoppers (New)
C03735,41-50,West,Platinum,41,163,177070.72,1086.32,8,5,0.1113,0.0597,0.1409,0.2849,0.0163,0.0992,0.1256,0.162,Everyday Essentials Loyalists
C03736,41-50,North,Gold,41,16,16227.0,1014.19,6,295,0.1543,0.0,0.3989,0.2216,0.0251,0.0933,0.0,0.1069,Lapsed / Dormant
C03737,31-40,South,Classic,31,168,203483.0,1211.21,8,1,0.0656,0.0629,0.2314,0.3119,0.0569,0.0733,0.0869,0.1111,Everyday Essentials Loyalists
C03738,31-40,South,Classic,34,34,53666.99,1578.44,8,4,0.0869,0.0234,0.0424,0.3705,0.0731,0.1877,0.1035,0.1125,Low-Engagement Occasional
C03739,51+,West,Classic,19,28,32172.86,1149.03,7,3,0.0685,0.1393,0.0,0.2624,0.0731,0.0593,0.0419,0.3555,Low-Engagement Occasional
C03740,41-50,East,Classic,3,144,287803.09,1998.63,8,0,0.0846,0.2206,0.0426,0.0663,0.0634,0.3273,0.105,0.0902,Digital Shoppers (New)
C03741,31-40,North,Platinum,30,153,160694.39,1050.29,8,0,0.12,0.0451,0.2266,0.3041,0.0465,0.0796,0.0453,0.1328,Everyday Essentials Loyalists
C03742,31-40,East,Gold,39,154,181849.34,1180.84,8,0,0.0813,0.0966,0.2189,0.348,0.0093,0.0722,0.0502,0.1235,Everyday Essentials Loyalists
C03743,41-50,North,Classic,20,25,32487.71,1299.51,8,25,0.0456,0.0851,0.028,0.2432,0.2901,0.0803,0.1289,0.0988,Low-Engagement Occasional
C03744,41-50,West,Classic,11,149,283211.75,1900.75,8,0,0.117,0.2397,0.0218,0.0511,0.033,0.3755,0.1042,0.0577,Digital Shoppers (New)
C03745,31-40,East,Classic,66,114,846914.72,7429.08,8,1,0.1625,0.0999,0.0143,0.1064,0.0166,0.1125,0.4618,0.026,Premium Travel & Dining Elite
C03746,51+,South,Classic,35,28,38471.38,1373.98,7,10,0.0988,0.1026,0.0,0.205,0.0757,0.0613,0.1818,0.2748,Low-Engagement Occasional
C03747,51+,East,Classic,35,176,191525.43,1088.21,8,0,0.0939,0.0188,0.2053,0.3447,0.0317,0.1169,0.0527,0.1359,Everyday Essentials Loyalists
C03748,31-40,West,Platinum,34,12,15582.71,1298.56,6,299,0.0609,0.0,0.0,0.2113,0.0511,0.145,0.3447,0.1872,Lapsed / Dormant
C03749,21-30,West,Gold,36,150,172279.11,1148.53,8,1,0.0805,0.0251,0.1668,0.2846,0.0258,0.1706,0.1185,0.128,Everyday Essentials Loyalists
C03750,31-40,South,Classic,48,175,201595.02,1151.97,8,4,0.1186,0.0756,0.1652,0.3408,0.0455,0.1124,0.0238,0.118,Everyday Essentials Loyalists
C03751,41-50,West,Platinum,68,92,817136.26,8881.92,8,2,0.1825,0.0747,0.0115,0.0517,0.0445,0.0612,0.5181,0.0557,Premium Travel & Dining Elite
C03752,31-40,South,Classic,17,155,300283.4,1937.31,8,0,0.1198,0.243,0.0601,0.0583,0.0469,0.3399,0.0655,0.0665,Digital Shoppers (New)
C03753,51+,West,Classic,26,108,195374.26,1809.02,8,3,0.1407,0.1886,0.0454,0.0769,0.0246,0.3111,0.165,0.0477,Digital Shoppers (New)
C03754,21-30,West,Gold,47,34,54334.79,1598.08,8,2,0.0621,0.0651,0.0519,0.1102,0.0367,0.268,0.2373,0.1688,Low-Engagement Occasional
C03755,31-40,North,Gold,9,117,204160.29,1744.96,8,1,0.0578,0.3162,0.0309,0.047,0.0794,0.3421,0.0923,0.0342,Digital Shoppers (New)
C03756,51+,North,Classic,56,163,184424.91,1131.44,8,0,0.0867,0.0412,0.1685,0.3477,0.0315,0.0856,0.0699,0.1688,Everyday Essentials Loyalists
C03757,51+,North,Classic,39,171,196091.78,1146.74,8,1,0.0686,0.0513,0.1678,0.3708,0.0236,0.1121,0.1206,0.0853,Everyday Essentials Loyalists
C03758,31-40,North,Classic,52,174,215431.63,1238.11,8,0,0.0653,0.062,0.204,0.3371,0.0451,0.0831,0.0962,0.1072,Everyday Essentials Loyalists
C03759,21-30,South,Classic,55,27,28883.15,1069.75,7,272,0.0182,0.0188,0.1086,0.3043,0.0,0.2489,0.0991,0.2022,Lapsed / Dormant
C03760,31-40,North,Classic,22,191,216866.4,1135.43,8,1,0.0576,0.0779,0.1885,0.3336,0.0319,0.0784,0.1267,0.1055,Everyday Essentials Loyalists
C03761,31-40,East,Gold,38,16,23358.38,1459.9,6,305,0.1796,0.0694,0.4103,0.1077,0.0,0.1314,0.0,0.1015,Lapsed / Dormant
C03762,31-40,North,Gold,29,171,174247.49,1018.99,8,2,0.0635,0.037,0.2066,0.3093,0.0371,0.0911,0.0474,0.208,Everyday Essentials Loyalists
C03763,31-40,North,Platinum,42,124,1042056.44,8403.68,8,0,0.174,0.0579,0.0339,0.1024,0.048,0.1408,0.4115,0.0316,Premium Travel & Dining Elite
C03764,31-40,East,Gold,50,158,164902.17,1043.68,8,6,0.1717,0.0891,0.1955,0.2611,0.0451,0.0599,0.04,0.1376,Everyday Essentials Loyalists
C03765,41-50,South,Gold,80,102,817129.48,8011.07,8,5,0.1594,0.0812,0.0148,0.0321,0.0181,0.135,0.5185,0.0408,Premium Travel & Dining Elite
C03766,41-50,South,Classic,27,30,37406.37,1246.88,7,17,0.0086,0.1186,0.1488,0.1486,0.1797,0.1821,0.0,0.2136,Low-Engagement Occasional
C03767,41-50,West,Classic,22,156,299235.82,1918.18,8,3,0.0948,0.3106,0.0381,0.0463,0.0375,0.2795,0.1337,0.0594,Digital Shoppers (New)
C03768,31-40,West,Gold,56,156,179567.6,1151.07,8,4,0.0472,0.0797,0.2479,0.263,0.0608,0.0613,0.0846,0.1555,Everyday Essentials Loyalists
C03769,31-40,East,Classic,32,25,31117.01,1244.68,7,21,0.1582,0.0746,0.0294,0.2217,0.0367,0.2907,0.0,0.1888,Low-Engagement Occasional
C03770,31-40,North,Gold,13,141,257616.08,1827.06,8,4,0.1795,0.1671,0.055,0.035,0.0625,0.3331,0.1267,0.041,Digital Shoppers (New)
C03771,51+,North,Classic,45,17,27507.77,1618.1,5,260,0.0,0.0,0.1788,0.2205,0.0207,0.339,0.241,0.0,Lapsed / Dormant
C03772,31-40,West,Gold,53,43,46033.0,1070.53,8,163,0.1482,0.0801,0.0182,0.2342,0.0752,0.2466,0.1415,0.0559,Lapsed / Dormant
C03773,41-50,East,Classic,38,32,40975.65,1280.49,7,0,0.0216,0.1619,0.1341,0.2232,0.2051,0.0986,0.0,0.1555,Low-Engagement Occasional
C03774,31-40,West,Gold,34,34,40603.83,1194.23,8,25,0.0979,0.1058,0.069,0.2321,0.1085,0.2391,0.0299,0.1176,Low-Engagement Occasional
C03775,51+,East,Classic,34,40,54722.84,1368.07,8,11,0.0689,0.2111,0.0424,0.1376,0.0926,0.1811,0.0378,0.2284,Low-Engagement Occasional
C03776,31-40,North,Classic,13,121,220691.5,1823.9,8,1,0.1966,0.1994,0.0352,0.0232,0.107,0.3637,0.0532,0.0217,Digital Shoppers (New)
C03777,31-40,South,Classic,14,38,61296.47,1613.07,8,12,0.0816,0.1116,0.0966,0.0935,0.0653,0.1505,0.0415,0.3595,Low-Engagement Occasional
C03778,41-50,West,Classic,68,115,884786.16,7693.79,8,2,0.1548,0.1251,0.0238,0.0995,0.0432,0.1747,0.3557,0.0231,Premium Travel & Dining Elite
C03779,21-30,West,Gold,17,29,32688.7,1127.2,8,21,0.1181,0.0715,0.0771,0.2414,0.0985,0.1292,0.1276,0.1365,Low-Engagement Occasional
C03780,31-40,North,Gold,54,37,39560.59,1069.21,8,191,0.1971,0.0925,0.2905,0.0264,0.0912,0.1433,0.0477,0.1112,Lapsed / Dormant
C03781,31-40,East,Platinum,67,106,784382.43,7399.83,8,4,0.2,0.0791,0.015,0.1008,0.0181,0.1618,0.3605,0.0646,Premium Travel & Dining Elite
C03782,51+,North,Gold,18,30,45574.67,1519.16,8,0,0.1088,0.0471,0.1439,0.1251,0.1067,0.1061,0.1455,0.2168,Low-Engagement Occasional
C03783,41-50,West,Gold,41,44,43199.61,981.81,8,139,0.0212,0.0229,0.2045,0.1612,0.0686,0.3141,0.0439,0.1636,Lapsed / Dormant
C03784,21-30,North,Classic,63,170,195674.7,1151.03,8,1,0.1456,0.059,0.2579,0.2626,0.0357,0.0877,0.0285,0.123,Everyday Essentials Loyalists
C03785,41-50,West,Classic,13,129,274395.04,2127.09,8,8,0.116,0.2482,0.0258,0.099,0.0289,0.2757,0.1363,0.0701,Digital Shoppers (New)
C03786,41-50,North,Gold,35,16,14961.94,935.12,5,225,0.2798,0.034,0.0724,0.0,0.0,0.3612,0.0,0.2526,Lapsed / Dormant
C03787,31-40,East,Classic,56,51,71538.36,1402.71,8,167,0.1276,0.0989,0.1339,0.217,0.0565,0.1358,0.1394,0.0908,Lapsed / Dormant
C03788,21-30,East,Gold,52,107,964121.82,9010.48,7,7,0.1645,0.0771,0.0,0.1015,0.0198,0.1324,0.4902,0.0145,Premium Travel & Dining Elite
C03789,21-30,South,Gold,22,168,190253.73,1132.46,8,0,0.0949,0.0845,0.2064,0.2855,0.0502,0.0413,0.1031,0.1342,Everyday Essentials Loyalists
C03790,41-50,West,Classic,35,30,33586.66,1119.56,7,9,0.0905,0.1871,0.1208,0.3002,0.0547,0.1085,0.0,0.1383,Low-Engagement Occasional
C03791,31-40,West,Classic,32,169,182704.83,1081.09,8,1,0.1457,0.0497,0.1189,0.3206,0.0552,0.1215,0.0628,0.1255,Everyday Essentials Loyalists
C03792,51+,West,Classic,45,182,196218.83,1078.13,8,7,0.0839,0.0585,0.2105,0.351,0.0214,0.0609,0.0529,0.161,Everyday Essentials Loyalists
C03793,31-40,South,Gold,51,117,929632.67,7945.58,8,3,0.1601,0.0615,0.0096,0.06,0.0305,0.1869,0.44,0.0515,Premium Travel & Dining Elite
C03794,41-50,West,Gold,49,167,188436.93,1128.36,8,3,0.0961,0.0367,0.1827,0.3187,0.0186,0.0772,0.1166,0.1533,Everyday Essentials Loyalists
C03795,21-30,East,Gold,15,136,242394.56,1782.31,8,1,0.0799,0.2308,0.0556,0.0561,0.0556,0.3766,0.0791,0.0663,Digital Shoppers (New)
C03796,41-50,East,Classic,3,142,250023.53,1760.73,8,1,0.0916,0.247,0.0509,0.0379,0.0649,0.3524,0.0707,0.0845,Digital Shoppers (New)
C03797,21-30,South,Gold,17,125,246469.59,1971.76,8,1,0.1014,0.1827,0.0358,0.0554,0.0558,0.3581,0.1692,0.0416,Digital Shoppers (New)
C03798,31-40,East,Gold,27,26,28461.49,1094.67,7,38,0.0748,0.013,0.0502,0.348,0.0313,0.3137,0.0,0.169,Low-Engagement Occasional
C03799,21-30,North,Gold,56,184,207072.61,1125.39,8,1,0.0721,0.0568,0.2373,0.281,0.0403,0.0838,0.1126,0.116,Everyday Essentials Loyalists
C03800,41-50,South,Classic,45,187,218920.89,1170.7,8,1,0.0978,0.0448,0.1681,0.3611,0.0388,0.0912,0.0996,0.0985,Everyday Essentials Loyalists
C03801,31-40,North,Platinum,67,109,934492.33,8573.32,8,1,0.1098,0.0643,0.0148,0.0481,0.0379,0.0988,0.5974,0.0288,Premium Travel & Dining Elite
C03802,41-50,North,Classic,34,172,197846.53,1150.27,8,4,0.1312,0.0426,0.1944,0.2461,0.0057,0.1027,0.1576,0.1197,Everyday Essentials Loyalists
C03803,21-30,North,Classic,34,184,207896.22,1129.87,8,1,0.1325,0.08,0.1875,0.3025,0.0495,0.1196,0.0662,0.0621,Everyday Essentials Loyalists
C03804,31-40,North,Gold,41,142,146273.83,1030.1,8,0,0.0781,0.0528,0.2083,0.2853,0.0126,0.1242,0.0812,0.1575,Everyday Essentials Loyalists
C03805,31-40,West,Platinum,56,106,805291.69,7597.09,8,7,0.1914,0.1002,0.0154,0.0549,0.0668,0.2265,0.314,0.0309,Premium Travel & Dining Elite
C03806,21-30,South,Classic,55,182,201470.69,1106.98,8,1,0.1076,0.0651,0.1993,0.3867,0.0499,0.0475,0.0498,0.0941,Everyday Essentials Loyalists
C03807,21-30,North,Classic,28,40,48791.37,1219.78,8,6,0.0587,0.0875,0.0585,0.1162,0.0361,0.1637,0.1391,0.3403,Low-Engagement Occasional
C03808,31-40,West,Classic,3,132,239916.16,1817.55,8,0,0.0695,0.2442,0.0656,0.0668,0.0445,0.3298,0.1292,0.0504,Digital Shoppers (New)
C03809,41-50,West,Classic,39,23,23364.88,1015.86,8,254,0.2962,0.0177,0.0845,0.0699,0.1384,0.2429,0.086,0.0644,Lapsed / Dormant
C03810,51+,West,Gold,39,36,42633.34,1184.26,7,9,0.0803,0.0909,0.1594,0.1795,0.1001,0.0945,0.0,0.2953,Low-Engagement Occasional
C03811,21-30,West,Classic,12,123,217229.84,1766.1,8,0,0.1766,0.2078,0.0568,0.029,0.0501,0.3374,0.0416,0.1007,Digital Shoppers (New)
C03812,41-50,West,Platinum,57,130,1197390.59,9210.7,8,0,0.148,0.0874,0.0236,0.0783,0.0371,0.108,0.4913,0.0264,Premium Travel & Dining Elite
C03813,41-50,East,Classic,24,153,294753.24,1926.49,8,1,0.104,0.1674,0.0325,0.0526,0.0749,0.3664,0.1139,0.0884,Digital Shoppers (New)
C03814,41-50,West,Gold,50,99,776888.95,7847.36,8,6,0.1606,0.0836,0.0063,0.0734,0.0358,0.1227,0.463,0.0546,Premium Travel & Dining Elite
C03815,31-40,West,Gold,19,180,194888.13,1082.71,8,0,0.1642,0.0492,0.167,0.315,0.0606,0.0676,0.0412,0.1352,Everyday Essentials Loyalists
C03816,51+,South,Classic,33,179,198050.14,1106.43,8,3,0.0939,0.0641,0.1996,0.329,0.0268,0.0768,0.0691,0.1408,Everyday Essentials Loyalists
C03817,31-40,West,Classic,44,178,192868.58,1083.53,8,3,0.1205,0.0779,0.2312,0.2693,0.0435,0.0555,0.0586,0.1434,Everyday Essentials Loyalists
C03818,41-50,West,Gold,39,155,188619.76,1216.9,8,0,0.0526,0.1018,0.2022,0.2413,0.0376,0.1392,0.0943,0.131,Everyday Essentials Loyalists
C03819,31-40,West,Classic,14,36,49110.9,1364.19,8,23,0.0535,0.2371,0.1955,0.0474,0.0717,0.1951,0.0667,0.133,Low-Engagement Occasional
C03820,41-50,West,Gold,40,20,28014.64,1400.73,7,2,0.2455,0.1825,0.2322,0.0241,0.0249,0.1546,0.0,0.1362,Low-Engagement Occasional
C03821,51+,South,Classic,31,22,35695.88,1622.54,8,7,0.0647,0.3033,0.0935,0.2616,0.0403,0.0319,0.0467,0.158,Low-Engagement Occasional
C03822,51+,South,Classic,17,132,276570.23,2095.23,8,1,0.1214,0.1182,0.0261,0.1065,0.04,0.3459,0.2094,0.0324,Digital Shoppers (New)
C03823,31-40,East,Platinum,18,153,285743.68,1867.61,8,0,0.1159,0.2052,0.0382,0.0544,0.0514,0.3238,0.1478,0.0634,Digital Shoppers (New)
C03824,41-50,West,Platinum,47,113,854996.95,7566.34,8,0,0.1452,0.0619,0.0422,0.0866,0.0684,0.1379,0.4317,0.026,Premium Travel & Dining Elite
C03825,21-30,West,Classic,33,28,37886.01,1353.07,7,37,0.2635,0.0987,0.1155,0.182,0.1123,0.1974,0.0,0.0306,Low-Engagement Occasional
C03826,41-50,West,Gold,23,158,303749.87,1922.47,8,7,0.0736,0.2095,0.066,0.0432,0.0994,0.3362,0.112,0.0601,Digital Shoppers (New)
C03827,31-40,West,Gold,53,168,185921.93,1106.68,8,5,0.1012,0.0878,0.1715,0.2979,0.0359,0.0985,0.073,0.1344,Everyday Essentials Loyalists
C03828,41-50,West,Classic,49,156,180607.76,1157.74,8,1,0.0977,0.0651,0.2287,0.3059,0.0555,0.0546,0.0403,0.1522,Everyday Essentials Loyalists
C03829,31-40,North,Platinum,53,9,13231.11,1470.12,5,290,0.0,0.0,0.0367,0.1133,0.0,0.4018,0.0827,0.3655,Lapsed / Dormant
C03830,21-30,West,Classic,3,143,288692.64,2018.83,8,10,0.079,0.2463,0.0222,0.0391,0.1247,0.2691,0.1756,0.044,Digital Shoppers (New)
C03831,21-30,North,Platinum,13,125,244781.38,1958.25,8,3,0.1386,0.1588,0.0497,0.0639,0.0905,0.3451,0.07,0.0834,Digital Shoppers (New)
C03832,21-30,East,Gold,4,119,211114.06,1774.07,8,3,0.1123,0.2777,0.0173,0.0333,0.0602,0.3286,0.1187,0.0519,Digital Shoppers (New)
C03833,31-40,North,Gold,54,173,197153.11,1139.61,8,9,0.0741,0.0659,0.1476,0.4158,0.0294,0.0797,0.1176,0.0699,Everyday Essentials Loyalists
C03834,41-50,East,Classic,25,131,224732.78,1715.52,8,1,0.0914,0.2904,0.0472,0.0383,0.0288,0.3293,0.0854,0.0892,Digital Shoppers (New)
C03835,41-50,South,Classic,32,187,207075.57,1107.36,8,2,0.0854,0.0262,0.2278,0.3007,0.0235,0.0908,0.1004,0.1452,Everyday Essentials Loyalists
C03836,41-50,North,Gold,41,165,197232.96,1195.35,8,1,0.0735,0.0692,0.1916,0.3117,0.0552,0.0439,0.0932,0.1617,Everyday Essentials Loyalists
C03837,41-50,East,Gold,32,36,45632.18,1267.56,7,30,0.0,0.0782,0.0614,0.3491,0.034,0.2834,0.0381,0.1558,Low-Engagement Occasional
C03838,31-40,West,Gold,69,113,974921.88,8627.63,8,6,0.1627,0.1027,0.0306,0.0768,0.0422,0.1302,0.4158,0.0392,Premium Travel & Dining Elite
C03839,31-40,North,Classic,13,20,30611.09,1530.55,8,27,0.1722,0.0332,0.1446,0.0209,0.1481,0.0438,0.0679,0.3693,Low-Engagement Occasional
C03840,31-40,East,Gold,19,168,198190.68,1179.71,8,10,0.1489,0.0837,0.2608,0.2743,0.02,0.0708,0.071,0.0705,Everyday Essentials Loyalists
C03841,21-30,North,Gold,30,31,40112.68,1293.96,7,1,0.0636,0.173,0.053,0.2148,0.1848,0.1134,0.0,0.1974,Low-Engagement Occasional
C03842,31-40,North,Classic,3,143,270381.06,1890.78,8,2,0.1221,0.2034,0.0354,0.0538,0.0215,0.3797,0.1309,0.0531,Digital Shoppers (New)
C03843,41-50,North,Classic,15,134,264832.54,1976.36,8,11,0.0963,0.2287,0.0527,0.0905,0.0813,0.3142,0.1094,0.0269,Digital Shoppers (New)
C03844,41-50,East,Classic,19,141,269356.87,1910.33,8,13,0.1289,0.204,0.0374,0.0111,0.0461,0.3125,0.21,0.0499,Digital Shoppers (New)
C03845,41-50,West,Classic,60,12,13314.47,1109.54,6,266,0.1762,0.1951,0.1858,0.1453,0.0,0.1723,0.0,0.1254,Lapsed / Dormant
C03846,21-30,East,Classic,7,131,264561.18,2019.55,8,1,0.1111,0.268,0.0319,0.0119,0.0112,0.31,0.2143,0.0416,Digital Shoppers (New)
C03847,41-50,West,Classic,31,35,52116.58,1489.05,8,1,0.1027,0.0529,0.1308,0.2765,0.0169,0.0682,0.0413,0.3107,Low-Engagement Occasional
C03848,21-30,East,Classic,36,29,36597.19,1261.97,8,8,0.1079,0.0549,0.1153,0.1993,0.1188,0.1413,0.0523,0.2104,Low-Engagement Occasional
C03849,51+,West,Classic,30,165,204060.19,1236.73,8,0,0.0402,0.0531,0.2057,0.3059,0.0207,0.1131,0.1214,0.14,Everyday Essentials Loyalists
C03850,21-30,West,Gold,51,168,197315.03,1174.49,8,2,0.1079,0.1175,0.144,0.2802,0.0148,0.15,0.0931,0.0926,Everyday Essentials Loyalists
C03851,31-40,South,Classic,44,156,171249.51,1097.75,8,6,0.0971,0.0313,0.1582,0.3571,0.0302,0.0614,0.0953,0.1694,Everyday Essentials Loyalists
C03852,31-40,North,Gold,35,156,178971.78,1147.25,8,1,0.1105,0.0796,0.2397,0.2701,0.0334,0.042,0.103,0.1217,Everyday Essentials Loyalists
C03853,31-40,North,Classic,43,172,200732.92,1167.05,8,9,0.0782,0.0545,0.1667,0.3072,0.0356,0.0897,0.1556,0.1125,Everyday Essentials Loyalists
C03854,31-40,East,Classic,40,179,211888.54,1183.73,8,0,0.0887,0.0468,0.1976,0.304,0.0125,0.1083,0.1037,0.1384,Everyday Essentials Loyalists
C03855,21-30,South,Classic,21,138,262846.54,1904.69,8,1,0.1589,0.2216,0.0251,0.0614,0.0679,0.3607,0.0849,0.0196,Digital Shoppers (New)
C03856,31-40,North,Gold,38,178,195986.05,1101.05,8,0,0.1037,0.0573,0.1815,0.3103,0.0353,0.1144,0.0485,0.1489,Everyday Essentials Loyalists
C03857,51+,West,Classic,32,17,23697.07,1393.95,7,17,0.0485,0.3032,0.0447,0.0566,0.0276,0.244,0.0,0.2754,Low-Engagement Occasional
C03858,31-40,West,Gold,35,170,185053.88,1088.55,8,0,0.0824,0.0973,0.2143,0.2033,0.0519,0.0886,0.1077,0.1546,Everyday Essentials Loyalists
C03859,31-40,North,Gold,20,35,54589.59,1559.7,8,0,0.1622,0.0301,0.1277,0.2199,0.0641,0.1654,0.1185,0.1121,Low-Engagement Occasional
C03860,51+,North,Gold,61,94,788796.52,8391.45,7,6,0.177,0.0392,0.0,0.0427,0.0768,0.1797,0.4468,0.0378,Premium Travel & Dining Elite
C03861,31-40,North,Gold,5,124,243526.02,1963.92,8,0,0.1436,0.2045,0.0255,0.0612,0.0837,0.2895,0.0962,0.0958,Digital Shoppers (New)
C03862,41-50,South,Gold,68,113,918235.67,8125.98,8,2,0.1693,0.0785,0.0157,0.0434,0.0186,0.112,0.5403,0.0221,Premium Travel & Dining Elite
C03863,31-40,West,Classic,35,28,28855.99,1030.57,8,18,0.1119,0.1488,0.0657,0.1037,0.1188,0.1523,0.0418,0.2571,Low-Engagement Occasional
C03864,31-40,East,Classic,34,172,201667.98,1172.49,8,5,0.0981,0.0395,0.253,0.3031,0.0179,0.098,0.0902,0.1001,Everyday Essentials Loyalists
C03865,21-30,North,Classic,50,13,23945.71,1841.98,6,296,0.0995,0.0573,0.0802,0.1764,0.1183,0.0,0.4683,0.0,Lapsed / Dormant
C03866,21-30,South,Gold,34,189,202726.87,1072.63,8,0,0.0978,0.0669,0.1814,0.3779,0.0217,0.0971,0.0579,0.0993,Everyday Essentials Loyalists
C03867,41-50,North,Classic,3,141,261985.32,1858.05,8,0,0.0949,0.1937,0.0105,0.0802,0.0755,0.3298,0.0997,0.1157,Digital Shoppers (New)
C03868,41-50,South,Gold,36,161,185076.58,1149.54,8,1,0.1292,0.0335,0.1594,0.3379,0.0326,0.0428,0.0964,0.1682,Everyday Essentials Loyalists
C03869,21-30,South,Classic,13,127,237579.88,1870.71,8,5,0.1132,0.156,0.043,0.0391,0.0635,0.4064,0.1366,0.0421,Digital Shoppers (New)
C03870,51+,East,Classic,19,142,261673.66,1842.77,8,3,0.1333,0.18,0.0189,0.1496,0.0944,0.3443,0.0276,0.0518,Digital Shoppers (New)
C03871,31-40,South,Classic,43,164,180238.1,1099.01,8,0,0.0806,0.0428,0.2116,0.3226,0.0578,0.0723,0.0883,0.1241,Everyday Essentials Loyalists
C03872,31-40,West,Classic,51,175,195274.09,1115.85,8,2,0.08,0.0683,0.1906,0.2152,0.0549,0.1704,0.0689,0.1517,Everyday Essentials Loyalists
C03873,51+,North,Gold,50,107,877510.13,8201.03,8,1,0.2231,0.07,0.013,0.0669,0.0574,0.1196,0.411,0.0389,Premium Travel & Dining Elite
C03874,51+,West,Gold,56,109,990496.36,9087.12,8,1,0.0954,0.0699,0.0329,0.067,0.0564,0.1822,0.4628,0.0334,Premium Travel & Dining Elite
C03875,31-40,North,Classic,64,31,35512.04,1145.55,8,233,0.1801,0.1831,0.2998,0.1639,0.03,0.0877,0.0344,0.021,Lapsed / Dormant
C03876,31-40,South,Gold,22,166,187936.1,1132.15,8,1,0.1077,0.0835,0.2216,0.2358,0.0439,0.1252,0.0452,0.1372,Everyday Essentials Loyalists
C03877,21-30,West,Platinum,55,91,760899.73,8361.54,8,4,0.2035,0.0541,0.041,0.0064,0.0337,0.2464,0.4035,0.0115,Premium Travel & Dining Elite
C03878,31-40,East,Classic,37,33,45903.06,1391.0,8,183,0.2035,0.0317,0.049,0.174,0.0684,0.1062,0.1915,0.1757,Lapsed / Dormant
C03879,41-50,North,Platinum,58,109,957652.31,8785.8,8,0,0.2058,0.0884,0.0098,0.0369,0.0492,0.1651,0.4411,0.0038,Premium Travel & Dining Elite
C03880,31-40,South,Gold,37,172,203306.28,1182.01,8,0,0.0922,0.0529,0.1424,0.294,0.0453,0.1133,0.066,0.1941,Everyday Essentials Loyalists
C03881,41-50,West,Classic,36,23,31074.49,1351.06,7,0,0.0772,0.0865,0.0362,0.1431,0.0595,0.2462,0.0,0.3514,Low-Engagement Occasional
C03882,21-30,West,Classic,50,22,24784.07,1126.55,7,269,0.0272,0.0439,0.2288,0.1938,0.1225,0.3497,0.0,0.034,Lapsed / Dormant
C03883,31-40,East,Gold,16,25,33628.87,1345.15,8,0,0.2122,0.0189,0.0776,0.2454,0.0616,0.1605,0.119,0.1046,Low-Engagement Occasional
C03884,31-40,North,Gold,8,139,252467.99,1816.32,8,0,0.1493,0.3145,0.0345,0.0632,0.069,0.2816,0.0721,0.0159,Digital Shoppers (New)
C03885,31-40,South,Gold,47,34,32145.13,945.45,8,182,0.1542,0.0484,0.17,0.1978,0.0348,0.0926,0.2135,0.0887,Lapsed / Dormant
C03886,31-40,North,Platinum,67,124,1020271.52,8228.0,8,1,0.2227,0.0468,0.039,0.0564,0.0446,0.098,0.4468,0.0457,Premium Travel & Dining Elite
C03887,51+,North,Gold,72,19,18547.62,976.19,8,274,0.1175,0.19,0.2567,0.1899,0.0226,0.05,0.0611,0.1122,Lapsed / Dormant
C03888,51+,East,Classic,37,28,39727.47,1418.84,7,18,0.0773,0.1977,0.1465,0.1787,0.0389,0.1156,0.0,0.2454,Low-Engagement Occasional
C03889,41-50,West,Gold,37,17,19235.51,1131.5,6,258,0.0591,0.0,0.1096,0.1783,0.0,0.4071,0.0732,0.1728,Lapsed / Dormant
C03890,21-30,North,Classic,41,167,192674.44,1153.74,8,1,0.1206,0.0703,0.109,0.3356,0.043,0.1108,0.075,0.1356,Everyday Essentials Loyalists
C03891,51+,West,Classic,43,175,204272.92,1167.27,8,3,0.0826,0.0592,0.1861,0.301,0.0252,0.1205,0.0834,0.1421,Everyday Essentials Loyalists
C03892,51+,West,Gold,24,25,32205.33,1288.21,7,4,0.1111,0.0493,0.0818,0.3615,0.0267,0.1503,0.0,0.2193,Low-Engagement Occasional
C03893,51+,West,Classic,18,132,242199.12,1834.84,8,1,0.1342,0.2454,0.0265,0.0379,0.046,0.3684,0.1046,0.0371,Digital Shoppers (New)
C03894,31-40,North,Gold,3,132,275743.41,2088.97,8,5,0.0497,0.2204,0.0278,0.058,0.0658,0.3647,0.1447,0.0689,Digital Shoppers (New)
C03895,21-30,South,Classic,53,23,25418.9,1105.17,7,258,0.0497,0.122,0.2899,0.0917,0.019,0.3061,0.0,0.1215,Lapsed / Dormant
C03896,41-50,North,Classic,9,128,263808.28,2061.0,8,1,0.0604,0.2028,0.0527,0.0677,0.0196,0.4491,0.0849,0.0628,Digital Shoppers (New)
C03897,31-40,North,Classic,40,148,173740.75,1173.92,8,1,0.1561,0.0916,0.1678,0.3278,0.0535,0.0482,0.0273,0.1278,Everyday Essentials Loyalists
C03898,31-40,South,Gold,56,173,188007.06,1086.75,8,3,0.0838,0.0563,0.2195,0.2727,0.0473,0.1402,0.0619,0.1183,Everyday Essentials Loyalists
C03899,31-40,South,Platinum,47,107,863527.78,8070.35,8,0,0.1419,0.0576,0.0475,0.0374,0.0359,0.1583,0.4679,0.0534,Premium Travel & Dining Elite
C03900,31-40,North,Gold,44,177,200041.13,1130.18,8,0,0.0499,0.0646,0.2186,0.2553,0.0401,0.1495,0.0941,0.128,Everyday Essentials Loyalists
C03901,31-40,North,Classic,49,154,175605.62,1140.3,8,5,0.0753,0.0617,0.1812,0.2737,0.0342,0.1324,0.0769,0.1648,Everyday Essentials Loyalists
C03902,41-50,West,Gold,31,25,33917.93,1356.72,6,6,0.065,0.0353,0.1811,0.1058,0.0,0.3022,0.0,0.3107,Low-Engagement Occasional
C03903,41-50,West,Classic,13,43,57833.97,1344.98,8,3,0.0763,0.0674,0.1296,0.1784,0.0346,0.1468,0.1576,0.2093,Low-Engagement Occasional
C03904,31-40,South,Gold,27,142,276314.24,1945.87,8,2,0.1492,0.251,0.0395,0.0456,0.0642,0.2785,0.1113,0.0607,Digital Shoppers (New)
C03905,21-30,West,Gold,39,162,181159.86,1118.27,8,0,0.085,0.0489,0.174,0.3749,0.0312,0.0677,0.0731,0.1452,Everyday Essentials Loyalists
C03906,51+,North,Gold,24,30,43683.22,1456.11,8,9,0.0178,0.0798,0.079,0.1454,0.0899,0.2385,0.2012,0.1484,Low-Engagement Occasional
C03907,31-40,South,Gold,26,31,43363.68,1398.83,8,6,0.0826,0.0474,0.1371,0.1141,0.1145,0.2423,0.1716,0.0905,Low-Engagement Occasional
C03908,31-40,West,Classic,44,49,75948.58,1549.97,8,174,0.1149,0.0314,0.0713,0.1522,0.0713,0.1341,0.2785,0.1463,Lapsed / Dormant
C03909,31-40,South,Gold,3,133,258273.08,1941.9,8,4,0.1541,0.2423,0.0474,0.0388,0.0198,0.3346,0.106,0.0569,Digital Shoppers (New)
C03910,31-40,North,Gold,31,32,56830.38,1775.95,8,6,0.0641,0.2048,0.0284,0.0917,0.2775,0.0859,0.1647,0.0829,Low-Engagement Occasional
C03911,41-50,South,Classic,8,132,303052.84,2295.85,8,3,0.0623,0.2815,0.0529,0.0424,0.0641,0.3042,0.1666,0.026,Digital Shoppers (New)
C03912,21-30,South,Gold,20,133,253255.67,1904.18,8,1,0.1165,0.2775,0.0455,0.0402,0.0656,0.313,0.1034,0.0383,Digital Shoppers (New)
C03913,51+,East,Classic,53,27,34148.69,1264.77,7,192,0.034,0.0,0.128,0.1824,0.0825,0.1661,0.1564,0.2506,Lapsed / Dormant
C03914,21-30,South,Classic,58,187,221257.69,1183.2,8,3,0.0806,0.0562,0.2401,0.2737,0.0186,0.1543,0.0459,0.1305,Everyday Essentials Loyalists
C03915,51+,South,Classic,39,156,180593.52,1157.65,8,1,0.1,0.0673,0.1975,0.2837,0.032,0.1057,0.0669,0.1468,Everyday Essentials Loyalists
C03916,41-50,North,Gold,33,168,182874.06,1088.54,8,0,0.1282,0.0694,0.1996,0.3097,0.0318,0.1138,0.0352,0.1123,Everyday Essentials Loyalists
C03917,21-30,South,Platinum,3,118,221252.86,1875.02,8,3,0.1918,0.2403,0.005,0.0451,0.0407,0.3651,0.0775,0.0345,Digital Shoppers (New)
C03918,31-40,North,Classic,35,116,218139.23,1880.51,8,5,0.0868,0.1234,0.0716,0.1099,0.0367,0.3855,0.1315,0.0547,Digital Shoppers (New)
C03919,31-40,West,Classic,36,24,41853.48,1743.9,8,14,0.0559,0.0289,0.125,0.0901,0.0991,0.2004,0.1034,0.2973,Low-Engagement Occasional
C03920,51+,West,Gold,35,165,172154.85,1043.36,8,3,0.1112,0.0357,0.1929,0.2898,0.0388,0.1209,0.0376,0.173,Everyday Essentials Loyalists
C03921,41-50,South,Gold,58,143,158506.87,1108.44,8,0,0.1156,0.0473,0.1643,0.3212,0.0213,0.1035,0.0629,0.164,Everyday Essentials Loyalists
C03922,31-40,West,Gold,61,26,36667.32,1410.28,8,243,0.0776,0.1099,0.0523,0.0977,0.146,0.1519,0.2155,0.1491,Lapsed / Dormant
C03923,31-40,North,Classic,28,159,177701.77,1117.62,8,6,0.0973,0.0798,0.1389,0.3566,0.0164,0.0897,0.1125,0.1087,Everyday Essentials Loyalists
C03924,51+,South,Gold,40,42,57202.59,1361.97,8,180,0.0272,0.0949,0.0796,0.2771,0.0275,0.2503,0.1618,0.0816,Lapsed / Dormant
C03925,41-50,South,Classic,40,151,174822.32,1157.76,8,10,0.0711,0.0611,0.2148,0.3287,0.009,0.0816,0.0686,0.165,Everyday Essentials Loyalists
C03926,31-40,South,Platinum,3,120,221152.28,1842.94,8,0,0.0584,0.2568,0.0274,0.0809,0.0398,0.4103,0.0484,0.0778,Digital Shoppers (New)
C03927,31-40,West,Classic,13,146,259012.18,1774.06,8,3,0.0919,0.3334,0.0312,0.0437,0.0681,0.2695,0.0916,0.0706,Digital Shoppers (New)
C03928,31-40,West,Platinum,37,18,23128.12,1284.9,7,9,0.0103,0.0243,0.135,0.0979,0.0724,0.168,0.0,0.4921,Low-Engagement Occasional
C03929,41-50,South,Platinum,46,118,1022204.05,8662.75,8,8,0.1688,0.0336,0.0089,0.0503,0.0565,0.1243,0.5425,0.0151,Premium Travel & Dining Elite
C03930,31-40,South,Gold,50,24,27235.27,1134.8,7,251,0.1485,0.1407,0.0508,0.1782,0.164,0.186,0.0,0.1317,Lapsed / Dormant
C03931,41-50,East,Gold,25,123,209143.4,1700.35,8,1,0.137,0.238,0.0546,0.056,0.0833,0.3375,0.051,0.0427,Digital Shoppers (New)
C03932,31-40,North,Classic,18,122,251440.52,2060.99,8,1,0.0858,0.1818,0.0371,0.0761,0.0391,0.3726,0.1541,0.0534,Digital Shoppers (New)
C03933,31-40,North,Classic,13,129,295018.78,2286.97,8,6,0.0763,0.1911,0.0389,0.0609,0.0697,0.3391,0.2037,0.0204,Digital Shoppers (New)
C03934,31-40,West,Platinum,53,111,1105452.89,9959.04,8,5,0.1212,0.0375,0.0447,0.0715,0.0469,0.1228,0.5424,0.013,Premium Travel & Dining Elite
C03935,41-50,West,Classic,22,138,239683.41,1736.84,8,2,0.0831,0.3467,0.0162,0.0546,0.0533,0.3242,0.0753,0.0467,Digital Shoppers (New)
C03936,31-40,West,Gold,30,178,196420.73,1103.49,8,0,0.0513,0.084,0.1294,0.3771,0.0372,0.1081,0.1004,0.1126,Everyday Essentials Loyalists
C03937,51+,North,Platinum,44,139,167730.13,1206.69,8,0,0.0991,0.1156,0.1529,0.2906,0.0699,0.1055,0.0662,0.1004,Everyday Essentials Loyalists
C03938,31-40,North,Platinum,14,140,291292.64,2080.66,8,1,0.1427,0.2283,0.0606,0.0617,0.029,0.2689,0.1553,0.0535,Digital Shoppers (New)
C03939,41-50,South,Classic,25,137,271505.75,1981.79,8,3,0.1015,0.2098,0.02,0.0184,0.0353,0.3437,0.163,0.1083,Digital Shoppers (New)
C03940,51+,West,Classic,54,138,961987.8,6970.93,8,1,0.1188,0.1019,0.0136,0.0882,0.058,0.1664,0.3931,0.06,Premium Travel & Dining Elite
C03941,41-50,North,Platinum,55,103,892694.79,8666.94,8,6,0.1494,0.1364,0.0101,0.0206,0.0648,0.1717,0.4402,0.0068,Premium Travel & Dining Elite
C03942,31-40,North,Classic,29,169,176805.84,1046.19,8,4,0.0921,0.0296,0.2445,0.3725,0.0168,0.0842,0.054,0.1063,Everyday Essentials Loyalists
C03943,41-50,North,Gold,46,181,206227.8,1139.38,8,1,0.0968,0.0818,0.1794,0.2513,0.0246,0.1067,0.1299,0.1296,Everyday Essentials Loyalists
C03944,21-30,West,Gold,9,131,266050.21,2030.92,8,9,0.1073,0.2034,0.0384,0.0895,0.0292,0.3666,0.1016,0.064,Digital Shoppers (New)
C03945,21-30,West,Classic,33,157,174408.25,1110.88,8,0,0.1098,0.0778,0.2169,0.2344,0.0284,0.109,0.0505,0.1732,Everyday Essentials Loyalists
C03946,41-50,East,Classic,40,28,36293.14,1296.18,7,223,0.0776,0.0884,0.0614,0.1674,0.0284,0.4631,0.1136,0.0,Lapsed / Dormant
C03947,41-50,North,Classic,47,154,193220.46,1254.68,8,1,0.0834,0.0745,0.1614,0.3042,0.045,0.0865,0.1488,0.0962,Everyday Essentials Loyalists
C03948,21-30,West,Platinum,48,125,1047093.34,8376.75,8,2,0.1321,0.092,0.0142,0.0368,0.0865,0.1146,0.5003,0.0234,Premium Travel & Dining Elite
C03949,51+,South,Platinum,37,31,34678.9,1118.67,8,206,0.0563,0.0398,0.1945,0.0627,0.0508,0.258,0.0942,0.2437,Lapsed / Dormant
C03950,31-40,North,Classic,50,181,206766.02,1142.35,8,8,0.0766,0.033,0.1781,0.253,0.0654,0.0922,0.1207,0.181,Everyday Essentials Loyalists
C03951,51+,North,Classic,40,209,228799.94,1094.74,8,1,0.0862,0.0478,0.1828,0.3465,0.0406,0.0747,0.0844,0.137,Everyday Essentials Loyalists
C03952,41-50,South,Gold,57,14,22082.54,1577.32,4,303,0.0,0.0,0.0,0.2104,0.0,0.0883,0.1868,0.5146,Lapsed / Dormant
C03953,51+,South,Gold,44,15,16770.27,1118.02,5,293,0.1427,0.0,0.3687,0.0773,0.0,0.241,0.0,0.1703,Lapsed / Dormant
C03954,41-50,West,Classic,29,40,65845.78,1646.14,8,0,0.006,0.1235,0.147,0.2553,0.1496,0.0822,0.1863,0.0501,Low-Engagement Occasional
C03955,51+,South,Platinum,61,92,659577.23,7169.32,8,9,0.1697,0.0601,0.0292,0.0699,0.0658,0.1921,0.3407,0.0726,Premium Travel & Dining Elite
C03956,41-50,South,Classic,27,120,232207.59,1935.06,8,0,0.0638,0.2758,0.0114,0.0445,0.0251,0.4826,0.0249,0.072,Digital Shoppers (New)
C03957,21-30,East,Classic,61,32,51397.28,1606.16,8,206,0.2282,0.0606,0.2272,0.1119,0.0086,0.04,0.0942,0.2294,Lapsed / Dormant
C03958,31-40,East,Gold,59,18,20089.82,1116.1,6,257,0.0,0.1803,0.027,0.179,0.2211,0.2857,0.0,0.1068,Lapsed / Dormant
C03959,41-50,North,Platinum,53,105,938622.28,8939.26,8,13,0.1716,0.074,0.0255,0.0424,0.0362,0.1569,0.483,0.0105,Premium Travel & Dining Elite
C03960,21-30,East,Classic,32,155,159526.63,1029.2,8,2,0.0801,0.0368,0.169,0.3308,0.037,0.0668,0.1124,0.1671,Everyday Essentials Loyalists
C03961,51+,North,Classic,49,172,187654.54,1091.01,8,1,0.1505,0.0634,0.1587,0.2628,0.04,0.1329,0.0612,0.1306,Everyday Essentials Loyalists
C03962,21-30,South,Classic,73,126,1060541.04,8416.99,8,0,0.1703,0.0787,0.0344,0.0502,0.0749,0.1927,0.3773,0.0216,Premium Travel & Dining Elite
C03963,51+,West,Classic,41,26,40552.12,1559.7,8,1,0.047,0.0585,0.0337,0.0735,0.1813,0.23,0.2974,0.0787,Low-Engagement Occasional
C03964,31-40,East,Platinum,42,175,222481.26,1271.32,8,0,0.0859,0.0534,0.254,0.2616,0.0342,0.0767,0.0768,0.1575,Everyday Essentials Loyalists
C03965,41-50,South,Gold,49,155,174354.87,1124.87,8,3,0.0758,0.0254,0.2216,0.3267,0.0221,0.1032,0.1225,0.1028,Everyday Essentials Loyalists
C03966,51+,North,Gold,67,131,1190326.89,9086.46,8,0,0.1751,0.0614,0.0252,0.0483,0.043,0.1299,0.485,0.0321,Premium Travel & Dining Elite
C03967,31-40,South,Gold,15,131,251768.19,1921.89,8,0,0.0624,0.2521,0.0816,0.0413,0.0827,0.3266,0.12,0.0333,Digital Shoppers (New)
C03968,41-50,South,Classic,43,174,205413.48,1180.54,8,7,0.1281,0.0546,0.1765,0.2153,0.0404,0.1313,0.1425,0.1113,Everyday Essentials Loyalists
C03969,21-30,West,Gold,42,162,189139.53,1167.53,8,0,0.0906,0.0347,0.2017,0.3073,0.0503,0.0915,0.0728,0.1511,Everyday Essentials Loyalists
C03970,41-50,South,Gold,34,171,189432.86,1107.79,8,2,0.1009,0.0676,0.1782,0.2548,0.0437,0.0866,0.1115,0.1567,Everyday Essentials Loyalists
C03971,41-50,West,Gold,41,15,15674.62,1044.97,5,283,0.0956,0.0,0.0,0.2241,0.0854,0.3085,0.0,0.2865,Lapsed / Dormant
C03972,31-40,South,Classic,34,219,246102.99,1123.76,8,1,0.0766,0.0575,0.2323,0.2563,0.0397,0.178,0.0335,0.1262,Everyday Essentials Loyalists
C03973,21-30,West,Classic,3,134,267908.52,1999.32,8,3,0.1196,0.2503,0.0343,0.0578,0.0063,0.2519,0.2006,0.0792,Digital Shoppers (New)
C03974,31-40,North,Classic,43,163,203979.15,1251.41,8,0,0.0828,0.0487,0.2199,0.2753,0.0649,0.0898,0.1162,0.1025,Everyday Essentials Loyalists
C03975,21-30,North,Platinum,59,111,841481.09,7580.91,8,4,0.1828,0.1075,0.0304,0.0942,0.0121,0.1024,0.4558,0.0148,Premium Travel & Dining Elite
C03976,41-50,North,Classic,49,157,166441.49,1060.14,8,1,0.0653,0.1067,0.1971,0.2954,0.0318,0.1122,0.0663,0.1251,Everyday Essentials Loyalists
C03977,31-40,North,Gold,72,89,722595.22,8119.05,8,1,0.1608,0.0445,0.0179,0.0412,0.0714,0.1609,0.4607,0.0425,Premium Travel & Dining Elite
C03978,51+,West,Platinum,73,97,921756.18,9502.64,8,1,0.1184,0.0994,0.017,0.0352,0.0335,0.1053,0.5651,0.0261,Premium Travel & Dining Elite
C03979,51+,West,Classic,28,141,290264.2,2058.61,8,4,0.1329,0.2443,0.0187,0.0791,0.0321,0.3331,0.1346,0.0252,Digital Shoppers (New)
C03980,51+,East,Classic,6,146,301795.63,2067.09,8,0,0.0824,0.2923,0.0311,0.0218,0.053,0.3226,0.0752,0.1216,Digital Shoppers (New)
C03981,31-40,South,Platinum,45,104,935920.4,8999.23,8,3,0.1738,0.0565,0.016,0.0297,0.0173,0.0903,0.5691,0.0473,Premium Travel & Dining Elite
C03982,31-40,East,Gold,23,146,288858.54,1978.48,8,0,0.1124,0.2606,0.0414,0.0383,0.0498,0.2983,0.1358,0.0634,Digital Shoppers (New)
C03983,41-50,East,Classic,27,153,294513.78,1924.93,8,4,0.123,0.2502,0.02,0.0817,0.0609,0.2624,0.1058,0.0961,Digital Shoppers (New)
C03984,41-50,West,Gold,57,166,183530.47,1105.61,8,1,0.0921,0.0591,0.1997,0.3174,0.05,0.0771,0.0908,0.1137,Everyday Essentials Loyalists
C03985,51+,East,Classic,46,169,192869.57,1141.24,8,0,0.1019,0.0637,0.1661,0.2945,0.0356,0.1355,0.0913,0.1113,Everyday Essentials Loyalists
C03986,31-40,West,Platinum,40,101,878317.36,8696.21,7,8,0.094,0.0665,0.0,0.0717,0.0078,0.1973,0.5377,0.025,Premium Travel & Dining Elite
C03987,21-30,North,Gold,45,155,149119.55,962.06,8,1,0.058,0.0279,0.213,0.387,0.0198,0.0604,0.0955,0.1384,Everyday Essentials Loyalists
C03988,51+,West,Gold,19,150,284413.74,1896.09,8,0,0.1174,0.2012,0.0396,0.0323,0.0564,0.3647,0.1483,0.04,Digital Shoppers (New)
C03989,41-50,North,Classic,60,28,39904.4,1425.16,8,211,0.1153,0.0089,0.1418,0.1687,0.0146,0.1779,0.2441,0.1287,Lapsed / Dormant
C03990,21-30,South,Platinum,62,13,16178.71,1244.52,6,274,0.0,0.2022,0.2153,0.2268,0.0,0.2389,0.0577,0.059,Lapsed / Dormant
C03991,41-50,West,Gold,57,16,17850.99,1115.69,7,264,0.2086,0.0834,0.2028,0.085,0.0,0.235,0.1478,0.0375,Lapsed / Dormant
C03992,21-30,North,Platinum,36,172,197257.35,1146.85,8,1,0.1043,0.0427,0.1442,0.3605,0.0159,0.146,0.0367,0.1498,Everyday Essentials Loyalists
C03993,31-40,North,Gold,49,114,956045.21,8386.36,8,3,0.1768,0.0545,0.0406,0.0826,0.032,0.1483,0.444,0.0213,Premium Travel & Dining Elite
C03994,31-40,South,Gold,47,157,163086.45,1038.77,8,0,0.0963,0.0551,0.2238,0.3652,0.0755,0.0632,0.0522,0.0686,Everyday Essentials Loyalists
C03995,31-40,South,Platinum,34,165,205709.06,1246.72,8,0,0.0673,0.0751,0.1708,0.2668,0.0776,0.0789,0.1301,0.1333,Everyday Essentials Loyalists
C03996,21-30,West,Gold,74,116,954343.86,8227.1,8,3,0.1712,0.0586,0.0349,0.0704,0.0287,0.1245,0.4543,0.0573,Premium Travel & Dining Elite
C03997,31-40,West,Platinum,42,118,945442.16,8012.22,8,4,0.2544,0.049,0.0323,0.0728,0.0022,0.1221,0.4408,0.0263,Premium Travel & Dining Elite
C03998,31-40,South,Classic,19,122,240336.63,1969.97,8,3,0.1186,0.2253,0.088,0.0682,0.0236,0.3115,0.1162,0.0485,Digital Shoppers (New)
C03999,21-30,West,Gold,45,191,206197.11,1079.57,8,0,0.1334,0.0626,0.1648,0.2877,0.0419,0.1198,0.0852,0.1046,Everyday Essentials Loyalists
C04000,31-40,East,Classic,39,182,209447.73,1150.81,8,2,0.0885,0.076,0.1403,0.2719,0.0517,0.1183,0.13,0.1234,Everyday Essentials Loyalists
C04001,31-40,West,Gold,20,24,32829.99,1367.92,7,44,0.083,0.1148,0.0349,0.1618,0.0,0.2053,0.0605,0.3397,Low-Engagement Occasional
C04002,41-50,North,Platinum,21,156,167614.5,1074.45,8,1,0.1128,0.087,0.1482,0.3076,0.0303,0.0844,0.0884,0.1413,Everyday Essentials Loyalists
C04003,41-50,South,Gold,24,26,40954.2,1575.16,8,16,0.056,0.0157,0.0778,0.2259,0.0966,0.1556,0.096,0.2764,Low-Engagement Occasional
C04004,21-30,North,Classic,36,183,202762.01,1107.99,8,6,0.0947,0.0514,0.2498,0.2512,0.0499,0.1073,0.0537,0.142,Everyday Essentials Loyalists
C04005,21-30,North,Classic,25,125,245491.79,1963.93,8,2,0.0826,0.1887,0.0337,0.0881,0.0796,0.4067,0.0896,0.0309,Digital Shoppers (New)
C04006,41-50,West,Gold,34,164,175054.11,1067.4,8,0,0.094,0.0605,0.2096,0.2132,0.0352,0.1474,0.1091,0.131,Everyday Essentials Loyalists
C04007,51+,North,Gold,18,146,322213.37,2206.94,8,9,0.1081,0.1933,0.0644,0.0569,0.0379,0.3952,0.0859,0.0583,Digital Shoppers (New)
C04008,51+,South,Gold,29,175,207073.14,1183.28,8,0,0.1306,0.0247,0.1598,0.3291,0.0248,0.1074,0.0633,0.1603,Everyday Essentials Loyalists
C04009,51+,East,Gold,46,165,180538.35,1094.17,8,0,0.1144,0.0602,0.1693,0.3329,0.0095,0.1026,0.0585,0.1526,Everyday Essentials Loyalists
C04010,41-50,North,Gold,3,119,209742.17,1762.54,8,4,0.0986,0.2396,0.0385,0.0252,0.0927,0.3074,0.1777,0.0202,Digital Shoppers (New)
C04011,51+,South,Classic,62,187,221457.44,1184.26,8,0,0.1197,0.0476,0.154,0.314,0.0204,0.1268,0.1073,0.1105,Everyday Essentials Loyalists
C04012,31-40,East,Platinum,40,194,206393.73,1063.89,8,1,0.0704,0.0253,0.1744,0.4095,0.0439,0.0971,0.0681,0.1111,Everyday Essentials Loyalists
C04013,41-50,West,Classic,20,29,42949.07,1481.0,7,207,0.0,0.0569,0.2156,0.1373,0.096,0.1874,0.2541,0.0527,Lapsed / Dormant
C04014,51+,North,Platinum,52,105,907565.01,8643.48,8,2,0.1134,0.0244,0.0151,0.0445,0.0093,0.1915,0.529,0.0727,Premium Travel & Dining Elite
C04015,41-50,West,Classic,5,120,225369.84,1878.08,8,1,0.0995,0.2395,0.0542,0.0371,0.0403,0.3258,0.1745,0.029,Digital Shoppers (New)
C04016,31-40,West,Gold,7,118,246675.07,2090.47,8,2,0.0837,0.1944,0.0245,0.0373,0.0172,0.387,0.2113,0.0445,Digital Shoppers (New)
C04017,31-40,East,Platinum,38,161,192972.42,1198.59,8,5,0.0689,0.0428,0.2351,0.2736,0.0589,0.0691,0.0749,0.1766,Everyday Essentials Loyalists
C04018,31-40,South,Classic,7,131,254577.19,1943.34,8,1,0.0565,0.2841,0.0194,0.0525,0.0731,0.3109,0.1239,0.0797,Digital Shoppers (New)
C04019,31-40,West,Platinum,51,103,898288.54,8721.25,8,0,0.1498,0.0596,0.0292,0.0541,0.0813,0.1565,0.4608,0.0087,Premium Travel & Dining Elite
C04020,41-50,West,Classic,18,32,34469.58,1077.17,7,4,0.0365,0.0907,0.1472,0.2936,0.0331,0.18,0.0,0.219,Low-Engagement Occasional
C04021,41-50,South,Classic,50,183,210498.2,1150.26,8,3,0.1138,0.0409,0.2376,0.2922,0.0464,0.074,0.0755,0.1196,Everyday Essentials Loyalists
C04022,21-30,West,Classic,54,194,217815.66,1122.76,8,0,0.0605,0.05,0.2183,0.2964,0.0541,0.1223,0.0318,0.1666,Everyday Essentials Loyalists
C04023,41-50,West,Classic,39,172,209574.87,1218.46,8,0,0.05,0.0739,0.1908,0.2581,0.0452,0.1057,0.1385,0.1378,Everyday Essentials Loyalists
C04024,31-40,South,Gold,47,48,58376.02,1216.17,8,139,0.1038,0.0594,0.1008,0.2274,0.0865,0.1631,0.1985,0.0607,Lapsed / Dormant
C04025,31-40,West,Gold,18,28,44987.0,1606.68,7,10,0.1037,0.0,0.0984,0.2077,0.1708,0.0964,0.1235,0.1995,Low-Engagement Occasional
C04026,31-40,South,Classic,48,45,52016.7,1155.93,8,145,0.1202,0.0525,0.027,0.1958,0.0595,0.1226,0.3186,0.1037,Lapsed / Dormant
C04027,31-40,West,Gold,16,123,237132.88,1927.91,8,3,0.0655,0.255,0.0271,0.0363,0.1065,0.3421,0.1026,0.0648,Digital Shoppers (New)
C04028,41-50,West,Classic,27,27,36229.41,1341.83,6,5,0.0583,0.2309,0.0,0.2759,0.1433,0.1856,0.0,0.1061,Low-Engagement Occasional
C04029,41-50,North,Gold,17,124,236613.03,1908.17,8,0,0.1127,0.2276,0.0033,0.0157,0.078,0.3444,0.1339,0.0844,Digital Shoppers (New)
C04030,41-50,North,Classic,51,39,57294.61,1469.09,7,160,0.1211,0.0,0.1515,0.1346,0.0128,0.2732,0.1362,0.1705,Lapsed / Dormant
C04031,31-40,South,Gold,3,133,233421.7,1755.05,8,0,0.1173,0.1908,0.0541,0.0715,0.0662,0.3668,0.0734,0.0599,Digital Shoppers (New)
C04032,41-50,West,Platinum,53,170,195729.94,1151.35,8,0,0.1018,0.031,0.1881,0.322,0.0371,0.124,0.0829,0.113,Everyday Essentials Loyalists
C04033,21-30,South,Classic,11,160,314733.67,1967.09,8,5,0.0872,0.219,0.0412,0.1083,0.0472,0.3556,0.1132,0.0284,Digital Shoppers (New)
C04034,31-40,West,Classic,30,128,278604.18,2176.6,8,0,0.0832,0.2404,0.069,0.0702,0.0301,0.2912,0.1725,0.0434,Digital Shoppers (New)
C04035,31-40,South,Platinum,64,121,953187.5,7877.58,8,2,0.1661,0.0758,0.0182,0.1528,0.0331,0.1717,0.3557,0.0267,Premium Travel & Dining Elite
C04036,41-50,North,Gold,61,160,187007.64,1168.8,8,8,0.1101,0.0511,0.1838,0.3518,0.0219,0.1033,0.05,0.1282,Everyday Essentials Loyalists
C04037,51+,West,Classic,53,169,204244.31,1208.55,8,5,0.095,0.066,0.2501,0.2646,0.0277,0.0958,0.0747,0.1262,Everyday Essentials Loyalists
C04038,31-40,East,Gold,32,33,46634.94,1413.18,8,1,0.1074,0.0609,0.043,0.1688,0.1065,0.0222,0.2904,0.2008,Low-Engagement Occasional
C04039,41-50,South,Classic,34,159,163871.34,1030.64,8,0,0.0592,0.0718,0.1974,0.3143,0.0394,0.108,0.086,0.1238,Everyday Essentials Loyalists
C04040,31-40,North,Classic,22,29,41764.13,1440.14,8,28,0.2213,0.0369,0.0392,0.1989,0.0376,0.0964,0.0688,0.3009,Low-Engagement Occasional
C04041,31-40,North,Gold,19,120,224998.47,1874.99,8,15,0.1141,0.1922,0.0659,0.0832,0.0217,0.3721,0.1265,0.0243,Digital Shoppers (New)
C04042,41-50,North,Gold,31,33,46032.49,1394.92,8,1,0.0692,0.0536,0.1642,0.2525,0.1449,0.0917,0.0532,0.1707,Low-Engagement Occasional
C04043,41-50,South,Platinum,54,104,802385.82,7715.25,8,3,0.1194,0.1034,0.0185,0.0461,0.0473,0.1883,0.4436,0.0333,Premium Travel & Dining Elite
C04044,51+,East,Gold,56,23,22551.8,980.51,7,237,0.0,0.1449,0.1008,0.2106,0.0202,0.2277,0.2003,0.0953,Lapsed / Dormant
C04045,41-50,South,Classic,14,161,320747.61,1992.22,8,4,0.0809,0.2104,0.0349,0.0926,0.0994,0.2993,0.1313,0.0512,Digital Shoppers (New)
C04046,31-40,North,Gold,50,160,186876.93,1167.98,8,13,0.0982,0.0954,0.1952,0.3278,0.0175,0.0837,0.0836,0.0986,Everyday Essentials Loyalists
C04047,51+,North,Classic,32,182,204284.44,1122.44,8,0,0.1362,0.0828,0.2403,0.226,0.0728,0.0474,0.0774,0.1171,Everyday Essentials Loyalists
C04048,51+,South,Classic,51,173,197133.6,1139.5,8,11,0.0442,0.0604,0.2,0.3172,0.0121,0.1095,0.0823,0.1744,Everyday Essentials Loyalists
C04049,31-40,West,Gold,47,165,195089.4,1182.36,8,1,0.0652,0.1019,0.1693,0.351,0.0475,0.0643,0.0735,0.1273,Everyday Essentials Loyalists
C04050,21-30,South,Classic,41,43,54694.83,1271.97,7,5,0.07,0.0836,0.1705,0.3027,0.0252,0.1923,0.0,0.1557,Low-Engagement Occasional
C04051,31-40,North,Gold,57,35,48746.24,1392.75,8,219,0.0179,0.0774,0.0396,0.2087,0.0158,0.141,0.4142,0.0854,Lapsed / Dormant
C04052,41-50,East,Gold,29,33,45650.31,1383.34,8,22,0.078,0.1144,0.0874,0.1016,0.0686,0.0745,0.2555,0.22,Low-Engagement Occasional
C04053,51+,West,Classic,12,137,247496.56,1806.54,8,3,0.1152,0.2572,0.0506,0.032,0.0368,0.3622,0.0837,0.0623,Digital Shoppers (New)
C04054,41-50,West,Gold,31,135,246775.78,1827.97,8,0,0.0973,0.2544,0.0568,0.0486,0.0293,0.3108,0.153,0.0498,Digital Shoppers (New)
C04055,31-40,West,Gold,27,26,38882.12,1495.47,8,10,0.1659,0.1156,0.0583,0.1579,0.1387,0.1755,0.0729,0.1151,Low-Engagement Occasional
C04056,21-30,West,Gold,37,25,29794.65,1191.79,8,47,0.1487,0.112,0.1081,0.2075,0.1111,0.1904,0.0288,0.0934,Low-Engagement Occasional
C04057,31-40,East,Gold,38,169,186483.26,1103.45,8,2,0.0975,0.0965,0.2035,0.3301,0.0225,0.095,0.0421,0.1129,Everyday Essentials Loyalists
C04058,31-40,West,Classic,29,40,49911.22,1247.78,8,155,0.0178,0.02,0.1211,0.1942,0.075,0.2646,0.1097,0.1975,Low-Engagement Occasional
C04059,21-30,North,Classic,29,149,171620.13,1151.81,8,3,0.0543,0.0375,0.1648,0.2931,0.0464,0.1382,0.1297,0.1359,Everyday Essentials Loyalists
C04060,21-30,West,Classic,34,30,41104.59,1370.15,8,20,0.097,0.097,0.2478,0.0588,0.1338,0.0303,0.1549,0.1803,Low-Engagement Occasional
C04061,21-30,West,Classic,55,27,40390.89,1495.96,8,230,0.0923,0.1446,0.0185,0.2477,0.0658,0.2184,0.1416,0.0712,Lapsed / Dormant
C04062,21-30,West,Classic,34,34,41786.13,1229.0,7,5,0.1277,0.0984,0.2206,0.1202,0.0439,0.1171,0.0,0.2721,Low-Engagement Occasional
C04063,41-50,South,Gold,53,179,189930.71,1061.07,8,1,0.1282,0.095,0.1565,0.3295,0.0182,0.0709,0.0508,0.1509,Everyday Essentials Loyalists
C04064,31-40,West,Classic,17,142,281769.72,1984.29,8,0,0.0994,0.215,0.0337,0.0868,0.0331,0.3296,0.1622,0.0401,Digital Shoppers (New)
C04065,31-40,North,Platinum,52,101,785108.3,7773.35,8,11,0.1482,0.0635,0.019,0.0816,0.0489,0.1351,0.4659,0.0379,Premium Travel & Dining Elite
C04066,31-40,East,Gold,35,27,30901.9,1144.51,7,5,0.0,0.0435,0.1201,0.1323,0.2136,0.2222,0.1397,0.1286,Low-Engagement Occasional
C04067,51+,South,Classic,43,179,204122.3,1140.35,8,0,0.1034,0.0322,0.2183,0.2939,0.0452,0.1039,0.0823,0.1208,Everyday Essentials Loyalists
C04068,41-50,East,Classic,24,36,52363.91,1454.55,7,20,0.0813,0.0249,0.0708,0.2018,0.0,0.144,0.221,0.2562,Low-Engagement Occasional
C04069,41-50,East,Classic,52,45,53310.31,1184.67,8,130,0.1246,0.0371,0.1915,0.2107,0.0095,0.3043,0.0114,0.1109,Lapsed / Dormant
C04070,41-50,South,Gold,42,171,207595.54,1214.01,8,2,0.118,0.0451,0.1383,0.2688,0.0646,0.0733,0.128,0.1639,Everyday Essentials Loyalists
C04071,41-50,North,Classic,35,182,204497.0,1123.61,8,0,0.0609,0.0238,0.288,0.2634,0.036,0.1016,0.0698,0.1565,Everyday Essentials Loyalists
C04072,41-50,South,Gold,12,142,257521.07,1813.53,8,3,0.0669,0.3197,0.0059,0.069,0.0537,0.2794,0.1439,0.0615,Digital Shoppers (New)
C04073,31-40,East,Gold,56,167,212663.92,1273.44,8,1,0.069,0.0557,0.2129,0.3151,0.0381,0.0818,0.1121,0.1154,Everyday Essentials Loyalists
C04074,31-40,East,Classic,55,171,202855.85,1186.29,8,2,0.0791,0.0524,0.1934,0.317,0.0622,0.0866,0.0699,0.1395,Everyday Essentials Loyalists
C04075,31-40,West,Platinum,61,107,763953.15,7139.75,8,1,0.211,0.0988,0.0051,0.0768,0.0317,0.2376,0.3195,0.0195,Premium Travel & Dining Elite
C04076,31-40,North,Classic,42,178,194127.2,1090.6,8,0,0.0801,0.027,0.2525,0.3799,0.0462,0.0698,0.058,0.0864,Everyday Essentials Loyalists
C04077,31-40,West,Classic,3,138,271106.83,1964.54,8,1,0.0852,0.2702,0.0414,0.0495,0.0575,0.298,0.1625,0.0358,Digital Shoppers (New)
C04078,31-40,East,Classic,31,130,293707.86,2259.29,8,3,0.0853,0.1183,0.0325,0.0663,0.0578,0.3929,0.1963,0.0507,Digital Shoppers (New)
C04079,31-40,North,Platinum,52,185,223402.01,1207.58,8,2,0.0578,0.0626,0.2383,0.2916,0.0266,0.0922,0.1014,0.1295,Everyday Essentials Loyalists
C04080,31-40,South,Gold,21,138,277735.89,2012.58,8,1,0.0525,0.3084,0.0505,0.091,0.0884,0.2788,0.1094,0.021,Digital Shoppers (New)
C04081,31-40,South,Classic,19,177,185251.47,1046.62,8,0,0.1339,0.0433,0.2069,0.3103,0.0397,0.1077,0.0341,0.1242,Everyday Essentials Loyalists
C04082,21-30,South,Classic,42,187,214454.86,1146.82,8,2,0.0976,0.0993,0.1223,0.3234,0.0245,0.1192,0.0957,0.118,Everyday Essentials Loyalists
C04083,31-40,North,Classic,28,27,35313.5,1307.91,7,5,0.0196,0.0648,0.0322,0.2349,0.0,0.1764,0.2061,0.266,Low-Engagement Occasional
C04084,31-40,North,Platinum,48,164,169123.62,1031.24,8,2,0.1043,0.0591,0.2087,0.301,0.0445,0.0825,0.04,0.1599,Everyday Essentials Loyalists
C04085,41-50,North,Platinum,9,128,282420.08,2206.41,8,3,0.1023,0.2043,0.0327,0.0496,0.0615,0.3361,0.1815,0.0321,Digital Shoppers (New)
C04086,31-40,North,Classic,45,16,20625.03,1289.06,7,304,0.1822,0.0301,0.1826,0.2783,0.0,0.1028,0.1146,0.1093,Lapsed / Dormant
C04087,21-30,North,Classic,20,143,290285.82,2029.97,8,3,0.0644,0.2555,0.0388,0.0544,0.0388,0.3434,0.149,0.0557,Digital Shoppers (New)
C04088,21-30,West,Classic,6,126,252118.81,2000.94,8,1,0.1166,0.2652,0.049,0.0331,0.0861,0.2879,0.1198,0.0423,Digital Shoppers (New)
C04089,31-40,South,Platinum,54,109,923812.05,8475.34,8,0,0.1357,0.035,0.021,0.1283,0.0177,0.1673,0.4494,0.0455,Premium Travel & Dining Elite
C04090,21-30,South,Gold,43,172,179978.45,1046.39,8,3,0.1699,0.028,0.1662,0.3163,0.0251,0.0761,0.0273,0.191,Everyday Essentials Loyalists
C04091,31-40,East,Gold,73,101,833034.95,8247.87,8,0,0.1458,0.0651,0.0095,0.0438,0.0319,0.2433,0.4101,0.0505,Premium Travel & Dining Elite
C04092,31-40,South,Classic,38,21,28308.24,1348.01,8,66,0.3208,0.1229,0.0551,0.0722,0.2063,0.1396,0.0268,0.0563,Low-Engagement Occasional
C04093,51+,North,Gold,40,30,45293.38,1509.78,8,11,0.053,0.028,0.1733,0.2583,0.0971,0.1433,0.1276,0.1193,Low-Engagement Occasional
C04094,41-50,North,Gold,42,157,173742.04,1106.64,8,1,0.0855,0.0998,0.1822,0.3325,0.0241,0.1052,0.0359,0.1347,Everyday Essentials Loyalists
C04095,21-30,North,Classic,56,141,163135.19,1156.99,8,0,0.0382,0.0682,0.2078,0.376,0.0122,0.1313,0.0467,0.1196,Everyday Essentials Loyalists
C04096,31-40,East,Platinum,24,159,179541.0,1129.19,8,0,0.1063,0.0391,0.2419,0.2389,0.0501,0.1037,0.1016,0.1183,Everyday Essentials Loyalists
C04097,41-50,South,Gold,34,108,203081.4,1880.38,8,0,0.1293,0.2089,0.0506,0.0598,0.0791,0.3121,0.1388,0.0215,Digital Shoppers (New)
C04098,31-40,South,Classic,35,135,269153.64,1993.73,8,1,0.104,0.1871,0.0358,0.0694,0.0254,0.3146,0.2142,0.0494,Digital Shoppers (New)
C04099,51+,East,Platinum,34,35,57676.87,1647.91,8,26,0.0394,0.0744,0.0249,0.3033,0.0279,0.0833,0.3258,0.121,Low-Engagement Occasional
C04100,31-40,West,Classic,56,12,22377.3,1864.77,8,284,0.0678,0.0592,0.0618,0.2111,0.0366,0.0636,0.3242,0.1758,Lapsed / Dormant
C04101,21-30,South,Platinum,41,199,236289.82,1187.39,8,0,0.1148,0.0821,0.2494,0.2753,0.0064,0.0836,0.06,0.1283,Everyday Essentials Loyalists
C04102,21-30,South,Classic,11,129,241346.91,1870.91,8,0,0.0674,0.2821,0.0291,0.0611,0.0369,0.3644,0.0574,0.1017,Digital Shoppers (New)
C04103,51+,South,Classic,7,128,229168.28,1790.38,8,4,0.1209,0.2123,0.0209,0.0518,0.0543,0.3977,0.066,0.0763,Digital Shoppers (New)
C04104,51+,West,Classic,41,169,191823.15,1135.05,8,4,0.097,0.0746,0.2925,0.2706,0.0154,0.0828,0.09,0.0771,Everyday Essentials Loyalists
C04105,51+,West,Classic,53,19,25139.09,1323.11,7,258,0.1999,0.0337,0.2556,0.274,0.0304,0.0297,0.1769,0.0,Lapsed / Dormant
C04106,31-40,West,Gold,64,97,871680.37,8986.4,8,0,0.1706,0.0711,0.0242,0.0558,0.0055,0.1524,0.4592,0.0612,Premium Travel & Dining Elite
C04107,41-50,North,Gold,49,26,31177.12,1199.12,7,0,0.0335,0.0687,0.0585,0.3273,0.1351,0.1058,0.0,0.2711,Low-Engagement Occasional
C04108,21-30,South,Gold,31,32,36315.85,1134.87,8,3,0.1472,0.1089,0.0315,0.1923,0.0599,0.0751,0.0714,0.3138,Low-Engagement Occasional
C04109,31-40,West,Platinum,33,22,26422.08,1201.0,7,253,0.0,0.1371,0.0523,0.2063,0.0392,0.1544,0.1786,0.2321,Lapsed / Dormant
C04110,41-50,South,Classic,30,129,277872.45,2154.05,8,3,0.0842,0.137,0.0323,0.0975,0.0484,0.3636,0.1873,0.0497,Digital Shoppers (New)
C04111,51+,West,Platinum,29,146,152344.19,1043.45,8,2,0.0424,0.073,0.2899,0.2795,0.0229,0.0853,0.0367,0.1703,Everyday Essentials Loyalists
C04112,31-40,South,Gold,24,30,48058.1,1601.94,8,8,0.0169,0.1397,0.0186,0.1942,0.0709,0.231,0.1023,0.2265,Low-Engagement Occasional
C04113,31-40,South,Classic,32,26,43750.18,1682.7,8,6,0.1405,0.0754,0.0586,0.0842,0.1071,0.2828,0.1019,0.1496,Low-Engagement Occasional
C04114,21-30,South,Classic,18,136,260550.87,1915.82,8,1,0.1251,0.205,0.0772,0.0196,0.0426,0.3924,0.1189,0.0192,Digital Shoppers (New)
C04115,31-40,South,Gold,15,27,56503.7,2092.73,8,2,0.054,0.1459,0.0662,0.0658,0.0237,0.1408,0.4394,0.0643,Low-Engagement Occasional
C04116,21-30,West,Gold,34,161,173765.4,1079.29,8,1,0.0958,0.0489,0.2313,0.2786,0.0399,0.0872,0.0874,0.1308,Everyday Essentials Loyalists
C04117,51+,North,Classic,3,132,223887.08,1696.11,8,0,0.0486,0.2855,0.0843,0.0653,0.0468,0.3409,0.0596,0.0691,Digital Shoppers (New)
C04118,21-30,East,Classic,54,8,8680.11,1085.01,2,305,0.2109,0.0,0.0,0.7891,0.0,0.0,0.0,0.0,Lapsed / Dormant
C04119,41-50,East,Classic,53,167,183474.72,1098.65,8,0,0.105,0.0609,0.103,0.3414,0.0543,0.0947,0.0924,0.1483,Everyday Essentials Loyalists
C04120,31-40,West,Gold,3,125,264319.99,2114.56,8,0,0.131,0.1908,0.0267,0.036,0.0553,0.4048,0.1264,0.0289,Digital Shoppers (New)
C04121,31-40,East,Classic,57,15,18599.76,1239.98,6,239,0.0,0.0934,0.2817,0.1317,0.0747,0.3242,0.0,0.0944,Lapsed / Dormant
C04122,31-40,West,Platinum,39,28,40356.46,1441.3,7,8,0.1112,0.0849,0.2289,0.1768,0.1697,0.1056,0.0,0.1228,Low-Engagement Occasional
C04123,31-40,West,Gold,41,24,26561.24,1106.72,8,260,0.1728,0.0661,0.0855,0.1249,0.2416,0.1824,0.0505,0.0762,Lapsed / Dormant
C04124,31-40,South,Gold,22,159,177539.77,1116.6,8,1,0.1011,0.0414,0.1282,0.2746,0.0505,0.0838,0.1252,0.1953,Everyday Essentials Loyalists
C04125,41-50,West,Gold,37,31,40903.56,1319.47,8,181,0.0175,0.0253,0.0648,0.1418,0.0787,0.2288,0.3592,0.084,Lapsed / Dormant
C04126,51+,West,Classic,36,177,221109.48,1249.21,8,1,0.0493,0.0838,0.1908,0.2907,0.0388,0.0744,0.1527,0.1195,Everyday Essentials Loyalists
C04127,31-40,North,Classic,29,149,310214.8,2081.98,8,0,0.1226,0.1786,0.0258,0.11,0.055,0.3068,0.1561,0.0451,Digital Shoppers (New)
C04128,31-40,East,Classic,12,127,235480.54,1854.18,8,1,0.1458,0.2092,0.0431,0.0751,0.0361,0.3511,0.0719,0.0676,Digital Shoppers (New)
C04129,51+,North,Classic,19,36,46757.31,1298.81,8,25,0.118,0.0715,0.0961,0.2427,0.0419,0.1996,0.0589,0.1712,Low-Engagement Occasional
C04130,31-40,East,Gold,49,17,22429.33,1319.37,8,284,0.2767,0.0445,0.0336,0.0796,0.063,0.1438,0.208,0.1506,Lapsed / Dormant
C04131,51+,North,Classic,17,32,36615.53,1144.24,8,11,0.0698,0.073,0.1495,0.2107,0.0938,0.2811,0.0515,0.0706,Low-Engagement Occasional
C04132,51+,West,Classic,19,122,249280.49,2043.28,8,2,0.1644,0.2225,0.019,0.0719,0.0392,0.2905,0.1627,0.03,Digital Shoppers (New)
C04133,41-50,South,Classic,32,172,196471.35,1142.28,8,1,0.0767,0.0588,0.1869,0.3585,0.0426,0.1163,0.0801,0.08,Everyday Essentials Loyalists
C04134,31-40,East,Gold,5,127,244543.42,1925.54,8,3,0.0917,0.2486,0.0154,0.0558,0.0752,0.3452,0.1333,0.0348,Digital Shoppers (New)
C04135,41-50,North,Classic,17,127,246077.09,1937.61,8,2,0.134,0.2198,0.0372,0.0785,0.049,0.3353,0.105,0.0412,Digital Shoppers (New)
C04136,31-40,East,Platinum,77,115,894388.76,7777.29,7,1,0.1876,0.0756,0.0465,0.1065,0.0265,0.1381,0.4192,0.0,Premium Travel & Dining Elite
C04137,31-40,South,Gold,35,108,194586.41,1801.73,7,6,0.1093,0.2716,0.0,0.0409,0.0313,0.3938,0.1345,0.0186,Digital Shoppers (New)
C04138,51+,East,Classic,19,30,40232.86,1341.1,7,43,0.1096,0.0745,0.0201,0.278,0.0868,0.1862,0.0,0.2447,Low-Engagement Occasional
C04139,31-40,South,Gold,24,30,43457.51,1448.58,8,25,0.1042,0.0224,0.164,0.2918,0.0428,0.1654,0.103,0.1064,Low-Engagement Occasional
C04140,41-50,North,Platinum,35,26,28320.44,1089.25,5,25,0.0784,0.0882,0.177,0.3143,0.0,0.0,0.0,0.3421,Low-Engagement Occasional
C04141,31-40,South,Classic,53,170,204560.8,1203.3,8,0,0.0879,0.0236,0.1543,0.3474,0.0581,0.1191,0.1164,0.0933,Everyday Essentials Loyalists
C04142,21-30,West,Classic,3,127,229836.56,1809.74,8,8,0.1272,0.2844,0.0102,0.0319,0.0445,0.2733,0.1994,0.029,Digital Shoppers (New)
C04143,41-50,North,Gold,60,111,934803.52,8421.65,8,0,0.1246,0.0604,0.0126,0.0345,0.0458,0.1562,0.5417,0.0242,Premium Travel & Dining Elite
C04144,41-50,East,Classic,37,149,163355.79,1096.35,8,0,0.1247,0.0736,0.1395,0.3277,0.0432,0.0939,0.0605,0.1368,Everyday Essentials Loyalists
C04145,31-40,North,Classic,3,123,234349.08,1905.28,8,1,0.0919,0.2116,0.0416,0.0341,0.0602,0.3279,0.1964,0.0363,Digital Shoppers (New)
C04146,41-50,West,Gold,28,162,185732.69,1146.5,8,2,0.1202,0.0506,0.2637,0.2259,0.0138,0.0796,0.1187,0.1277,Everyday Essentials Loyalists
C04147,31-40,North,Platinum,54,99,851442.05,8600.42,8,4,0.1955,0.0874,0.029,0.0778,0.0369,0.0847,0.4753,0.0134,Premium Travel & Dining Elite
C04148,51+,South,Classic,30,36,64497.35,1791.59,7,10,0.1086,0.1704,0.103,0.1525,0.0251,0.0,0.2148,0.2256,Low-Engagement Occasional
C04149,41-50,South,Gold,52,166,201530.0,1214.04,8,0,0.0937,0.0614,0.1534,0.2601,0.0497,0.1515,0.0478,0.1823,Everyday Essentials Loyalists
C04150,41-50,North,Classic,45,172,192850.96,1121.23,8,0,0.0483,0.0791,0.1766,0.334,0.0373,0.0919,0.0563,0.1765,Everyday Essentials Loyalists
C04151,31-40,South,Classic,51,184,206165.99,1120.47,8,1,0.0927,0.0479,0.1749,0.3295,0.0442,0.0957,0.061,0.154,Everyday Essentials Loyalists
C04152,31-40,South,Gold,14,129,258173.42,2001.34,8,2,0.1385,0.235,0.0599,0.0584,0.0279,0.2803,0.1352,0.0648,Digital Shoppers (New)
C04153,51+,South,Gold,34,170,186866.06,1099.21,8,2,0.0591,0.0813,0.2219,0.288,0.0581,0.0886,0.1105,0.0925,Everyday Essentials Loyalists
C04154,21-30,West,Gold,12,125,246052.24,1968.42,8,0,0.081,0.174,0.0429,0.1056,0.0956,0.3801,0.1128,0.008,Digital Shoppers (New)
C04155,31-40,South,Classic,20,136,250463.3,1841.64,8,0,0.1406,0.2749,0.0344,0.0359,0.0632,0.3155,0.1158,0.0197,Digital Shoppers (New)
C04156,41-50,West,Gold,70,130,1041782.03,8013.71,8,3,0.1405,0.0829,0.0062,0.0551,0.052,0.1936,0.3816,0.0881,Premium Travel & Dining Elite
C04157,41-50,South,Classic,46,50,63603.98,1272.08,8,125,0.0754,0.0382,0.0414,0.1285,0.0915,0.0989,0.3745,0.1517,Lapsed / Dormant
C04158,51+,North,Gold,50,91,763089.32,8385.6,8,2,0.2045,0.0769,0.0131,0.1651,0.0395,0.0924,0.3884,0.0202,Premium Travel & Dining Elite
C04159,41-50,North,Classic,17,124,225218.16,1816.28,8,1,0.1419,0.2579,0.0345,0.0568,0.0642,0.3761,0.0283,0.0403,Digital Shoppers (New)
C04160,51+,South,Gold,46,134,146249.38,1091.41,8,0,0.0585,0.0584,0.2017,0.3601,0.0207,0.1228,0.0572,0.1207,Everyday Essentials Loyalists
C04161,31-40,South,Gold,26,141,265587.46,1883.6,8,1,0.0801,0.1877,0.0222,0.0573,0.0349,0.3541,0.2083,0.0553,Digital Shoppers (New)
C04162,41-50,West,Gold,35,190,225364.95,1186.13,8,3,0.062,0.0605,0.1851,0.3169,0.0222,0.1035,0.0736,0.1762,Everyday Essentials Loyalists
C04163,41-50,East,Classic,41,29,38123.41,1314.6,8,180,0.0672,0.136,0.2036,0.0849,0.2409,0.087,0.123,0.0573,Lapsed / Dormant
C04164,41-50,East,Gold,49,155,179238.34,1156.38,8,0,0.0594,0.0344,0.1874,0.3143,0.0517,0.0403,0.1056,0.2069,Everyday Essentials Loyalists
C04165,21-30,South,Gold,9,130,234808.07,1806.22,8,6,0.0757,0.2086,0.0247,0.0486,0.0723,0.4039,0.0991,0.0672,Digital Shoppers (New)
C04166,31-40,South,Gold,37,168,191458.31,1139.63,8,4,0.075,0.0539,0.1537,0.3612,0.0356,0.0842,0.0839,0.1525,Everyday Essentials Loyalists
C04167,31-40,East,Platinum,72,110,894745.84,8134.05,8,3,0.2087,0.1054,0.0046,0.071,0.013,0.2164,0.3618,0.019,Premium Travel & Dining Elite
C04168,41-50,North,Classic,28,154,151210.65,981.89,8,8,0.1017,0.0629,0.2159,0.3737,0.0166,0.0974,0.0484,0.0834,Everyday Essentials Loyalists
C04169,31-40,North,Classic,34,128,223176.16,1743.56,8,0,0.0961,0.207,0.057,0.0392,0.1093,0.2665,0.1251,0.0997,Digital Shoppers (New)
C04170,41-50,South,Gold,7,116,228995.31,1974.1,8,10,0.0836,0.1954,0.0581,0.0207,0.0875,0.3712,0.1312,0.0523,Digital Shoppers (New)
C04171,41-50,North,Classic,56,38,50621.26,1332.14,8,156,0.149,0.2527,0.1063,0.1687,0.0486,0.1277,0.0822,0.0647,Lapsed / Dormant
C04172,31-40,East,Platinum,28,35,46257.99,1321.66,8,1,0.069,0.0885,0.0705,0.2755,0.236,0.0802,0.0589,0.1215,Low-Engagement Occasional
C04173,41-50,North,Gold,50,34,38426.64,1130.2,8,151,0.1901,0.0171,0.1367,0.1693,0.0663,0.1588,0.1968,0.065,Lapsed / Dormant
C04174,31-40,North,Gold,39,165,182307.04,1104.89,8,4,0.1127,0.0501,0.1366,0.3352,0.0464,0.0789,0.0742,0.166,Everyday Essentials Loyalists
C04175,21-30,West,Classic,38,22,25467.81,1157.63,7,17,0.1244,0.1325,0.1221,0.1821,0.1117,0.1864,0.0,0.1408,Low-Engagement Occasional
C04176,31-40,West,Classic,10,134,284574.6,2123.69,8,0,0.147,0.233,0.0398,0.0316,0.0312,0.292,0.1828,0.0428,Digital Shoppers (New)
C04177,31-40,South,Classic,8,130,235599.24,1812.3,8,1,0.1356,0.3348,0.0291,0.0224,0.0314,0.3136,0.0597,0.0734,Digital Shoppers (New)
C04178,41-50,South,Classic,66,16,26646.67,1665.42,7,273,0.1522,0.0,0.0635,0.1686,0.1236,0.1373,0.2615,0.0934,Lapsed / Dormant
C04179,31-40,West,Gold,14,127,241158.88,1898.89,8,2,0.1326,0.2956,0.0431,0.0418,0.1276,0.2874,0.0337,0.0383,Digital Shoppers (New)
C04180,21-30,North,Classic,41,22,32524.13,1478.37,8,256,0.0975,0.0906,0.0283,0.3344,0.0258,0.2889,0.1211,0.0134,Lapsed / Dormant
C04181,31-40,South,Classic,15,33,40657.0,1232.03,7,1,0.0887,0.112,0.0554,0.0804,0.0,0.2067,0.1245,0.3323,Low-Engagement Occasional
C04182,41-50,North,Platinum,78,101,900976.88,8920.56,8,11,0.1696,0.0523,0.0061,0.0485,0.0206,0.1507,0.5274,0.0249,Premium Travel & Dining Elite
C04183,31-40,South,Gold,24,39,48462.98,1242.64,8,7,0.1411,0.0463,0.1572,0.1994,0.0599,0.0959,0.0546,0.2455,Low-Engagement Occasional
C04184,31-40,West,Platinum,34,111,222256.07,2002.31,8,0,0.039,0.1482,0.0774,0.0903,0.0606,0.339,0.1744,0.0712,Digital Shoppers (New)
C04185,51+,West,Platinum,51,12,12374.71,1031.23,6,283,0.0,0.1309,0.2053,0.1876,0.0,0.0885,0.198,0.1898,Lapsed / Dormant
C04186,21-30,West,Gold,31,22,34827.77,1583.08,6,13,0.1966,0.1243,0.0,0.1329,0.0,0.0911,0.1201,0.335,Low-Engagement Occasional
C04187,31-40,West,Platinum,61,106,1022858.09,9649.6,8,2,0.1294,0.0366,0.0246,0.0356,0.0407,0.1242,0.5983,0.0106,Premium Travel & Dining Elite
C04188,31-40,East,Classic,82,111,1060853.43,9557.24,7,12,0.1524,0.0625,0.0,0.1191,0.0299,0.1621,0.4518,0.0223,Premium Travel & Dining Elite
C04189,41-50,West,Gold,38,111,1029060.67,9270.82,8,1,0.1537,0.0666,0.0079,0.0787,0.0408,0.0726,0.5555,0.0241,Premium Travel & Dining Elite
C04190,41-50,East,Classic,16,156,352714.95,2260.99,8,1,0.0674,0.2447,0.0218,0.0519,0.0497,0.3054,0.1946,0.0646,Digital Shoppers (New)
C04191,21-30,South,Gold,57,106,912959.74,8612.83,8,2,0.1306,0.092,0.0224,0.0681,0.0155,0.1547,0.4755,0.0412,Premium Travel & Dining Elite
C04192,41-50,North,Classic,27,39,52849.31,1355.11,7,11,0.0,0.2232,0.1449,0.166,0.1064,0.1317,0.0214,0.2064,Low-Engagement Occasional
C04193,41-50,South,Gold,15,124,231609.92,1867.82,8,8,0.0813,0.245,0.0311,0.0788,0.0318,0.3859,0.1197,0.0264,Digital Shoppers (New)
C04194,51+,North,Classic,27,26,37024.32,1424.01,8,21,0.1355,0.0377,0.0494,0.1868,0.1018,0.0469,0.2722,0.1698,Low-Engagement Occasional
C04195,51+,South,Classic,43,154,159210.41,1033.83,8,4,0.1152,0.0643,0.1479,0.3562,0.0573,0.0851,0.0573,0.1166,Everyday Essentials Loyalists
C04196,41-50,North,Classic,13,150,273156.09,1821.04,8,2,0.1186,0.2513,0.0544,0.0307,0.0972,0.3895,0.0375,0.0208,Digital Shoppers (New)
C04197,21-30,East,Gold,46,105,1025157.19,9763.4,8,4,0.1212,0.1072,0.0217,0.0359,0.0137,0.1086,0.5745,0.0172,Premium Travel & Dining Elite
C04198,31-40,North,Platinum,51,54,70718.19,1309.6,7,140,0.1345,0.0,0.2336,0.1727,0.0697,0.2633,0.065,0.0611,Lapsed / Dormant
C04199,51+,North,Classic,49,156,165702.08,1062.19,8,0,0.1544,0.0475,0.1952,0.2726,0.0387,0.0459,0.1091,0.1367,Everyday Essentials Loyalists
C04200,31-40,South,Platinum,54,103,920365.67,8935.59,8,4,0.1419,0.1014,0.0209,0.053,0.0195,0.1794,0.4378,0.0461,Premium Travel & Dining Elite
C04201,31-40,North,Gold,60,190,215837.66,1135.99,8,0,0.0689,0.0662,0.1858,0.3618,0.0514,0.0791,0.0737,0.1132,Everyday Essentials Loyalists
C04202,51+,West,Classic,43,25,29638.83,1185.55,8,32,0.1878,0.0274,0.087,0.2196,0.0958,0.1694,0.1343,0.0789,Low-Engagement Occasional
C04203,51+,South,Gold,68,108,902191.25,8353.62,8,14,0.1112,0.08,0.0103,0.0646,0.0275,0.2312,0.4547,0.0205,Premium Travel & Dining Elite
C04204,41-50,South,Gold,22,138,241636.18,1750.99,8,4,0.1561,0.2262,0.0925,0.0653,0.0405,0.287,0.0835,0.0489,Digital Shoppers (New)
C04205,51+,North,Gold,30,15,18842.09,1256.14,7,54,0.0,0.0605,0.1193,0.189,0.1237,0.0424,0.0524,0.4128,Low-Engagement Occasional
C04206,21-30,West,Classic,41,32,47479.08,1483.72,6,8,0.0261,0.0,0.5404,0.1189,0.0338,0.1064,0.0,0.1745,Low-Engagement Occasional
C04207,41-50,East,Gold,57,177,204348.44,1154.51,8,2,0.1161,0.0524,0.206,0.331,0.0295,0.0807,0.0979,0.0864,Everyday Essentials Loyalists
C04208,51+,South,Gold,68,114,905654.06,7944.33,8,2,0.1523,0.0307,0.0285,0.1278,0.0666,0.1758,0.3871,0.0312,Premium Travel & Dining Elite
C04209,21-30,North,Classic,8,118,229024.95,1940.89,8,0,0.0964,0.2772,0.0349,0.0377,0.062,0.3231,0.1279,0.0407,Digital Shoppers (New)
C04210,21-30,West,Classic,41,173,190776.22,1102.75,8,0,0.0956,0.0325,0.1956,0.2816,0.0347,0.1637,0.0294,0.1667,Everyday Essentials Loyalists
C04211,41-50,West,Platinum,35,30,49180.0,1639.33,8,3,0.1305,0.0464,0.0416,0.1926,0.126,0.2633,0.0159,0.1838,Low-Engagement Occasional
C04212,31-40,South,Classic,50,192,214790.54,1118.7,8,0,0.0924,0.0298,0.1305,0.3366,0.057,0.1093,0.1022,0.1422,Everyday Essentials Loyalists
C04213,21-30,North,Classic,13,128,236040.71,1844.07,8,4,0.1405,0.1861,0.0294,0.0843,0.0481,0.3352,0.1269,0.0495,Digital Shoppers (New)
C04214,31-40,North,Platinum,54,127,1092227.22,8600.21,8,1,0.1724,0.0739,0.0143,0.0438,0.0406,0.0815,0.5533,0.0201,Premium Travel & Dining Elite
C04215,31-40,North,Classic,29,129,243800.1,1889.92,8,2,0.1126,0.2874,0.0201,0.0833,0.0861,0.3839,0.0073,0.0193,Digital Shoppers (New)
C04216,31-40,West,Classic,31,173,202401.31,1169.95,8,3,0.0693,0.0662,0.2233,0.1739,0.039,0.0959,0.1666,0.1658,Everyday Essentials Loyalists
C04217,51+,West,Gold,20,37,57540.64,1555.15,8,44,0.1186,0.0952,0.1012,0.1916,0.0607,0.1669,0.1468,0.119,Low-Engagement Occasional
C04218,41-50,West,Gold,46,105,816136.91,7772.73,8,3,0.131,0.0978,0.033,0.0654,0.0259,0.1287,0.4712,0.0469,Premium Travel & Dining Elite
C04219,41-50,West,Classic,38,42,43662.97,1039.59,8,197,0.0937,0.0779,0.0838,0.1858,0.1355,0.1843,0.0932,0.1458,Lapsed / Dormant
C04220,21-30,North,Classic,42,36,42808.7,1189.13,8,8,0.1078,0.0557,0.0747,0.134,0.06,0.3118,0.0486,0.2074,Low-Engagement Occasional
C04221,31-40,West,Classic,54,152,163925.16,1078.45,8,1,0.0715,0.0672,0.193,0.2706,0.0371,0.1332,0.0879,0.1394,Everyday Essentials Loyalists
C04222,31-40,South,Platinum,59,108,875934.66,8110.51,8,0,0.1555,0.0871,0.0249,0.022,0.076,0.1583,0.4524,0.0238,Premium Travel & Dining Elite
C04223,51+,South,Classic,46,185,206012.8,1113.58,8,0,0.0631,0.0248,0.2497,0.3203,0.0295,0.1127,0.0231,0.1768,Everyday Essentials Loyalists
C04224,51+,East,Classic,41,170,214170.56,1259.83,8,2,0.0926,0.0534,0.2537,0.2788,0.0552,0.0806,0.099,0.0868,Everyday Essentials Loyalists
C04225,31-40,North,Gold,30,188,209789.61,1115.9,8,0,0.1175,0.0503,0.1397,0.3299,0.0578,0.061,0.1077,0.1362,Everyday Essentials Loyalists
C04226,51+,West,Gold,70,15,20685.42,1379.03,8,277,0.071,0.2107,0.0496,0.0348,0.1607,0.1611,0.1851,0.1271,Lapsed / Dormant
C04227,21-30,West,Classic,27,115,222262.94,1932.72,8,1,0.1403,0.2825,0.0439,0.0565,0.0169,0.3417,0.1072,0.011,Digital Shoppers (New)
C04228,31-40,West,Classic,45,172,185024.46,1075.72,8,2,0.0622,0.077,0.1977,0.321,0.0244,0.1032,0.0862,0.1283,Everyday Essentials Loyalists
C04229,41-50,West,Gold,5,140,278803.77,1991.46,8,0,0.1177,0.2673,0.0465,0.0682,0.055,0.2792,0.1361,0.03,Digital Shoppers (New)
C04230,31-40,South,Gold,39,175,192997.56,1102.84,8,0,0.0628,0.0716,0.2226,0.2808,0.0117,0.0752,0.0878,0.1874,Everyday Essentials Loyalists
C04231,51+,North,Classic,41,22,28416.05,1291.64,8,269,0.116,0.158,0.0471,0.4401,0.0139,0.0597,0.125,0.0403,Lapsed / Dormant
C04232,21-30,West,Platinum,60,120,1141430.07,9511.92,7,3,0.1157,0.0624,0.0049,0.0487,0.0359,0.1639,0.5684,0.0,Premium Travel & Dining Elite
C04233,41-50,East,Classic,33,22,27206.32,1236.65,7,8,0.0328,0.176,0.1943,0.1558,0.1264,0.1266,0.0,0.1881,Low-Engagement Occasional
C04234,21-30,West,Classic,26,35,45135.3,1289.58,7,16,0.136,0.0865,0.0178,0.2991,0.0893,0.1238,0.0,0.2475,Low-Engagement Occasional
C04235,21-30,North,Classic,45,103,853945.12,8290.73,8,2,0.1849,0.0985,0.0044,0.063,0.034,0.152,0.453,0.0102,Premium Travel & Dining Elite
C04236,31-40,South,Gold,63,173,191477.93,1106.81,8,5,0.1338,0.0572,0.1741,0.2501,0.0655,0.1255,0.0895,0.1043,Everyday Essentials Loyalists
C04237,51+,South,Classic,44,174,219538.17,1261.71,8,0,0.0829,0.0357,0.158,0.3031,0.054,0.1172,0.1236,0.1254,Everyday Essentials Loyalists
C04238,31-40,East,Classic,52,23,36164.98,1572.39,8,260,0.0549,0.1325,0.1239,0.1254,0.055,0.098,0.2511,0.1591,Lapsed / Dormant
C04239,41-50,West,Classic,9,139,270206.63,1943.93,8,0,0.0837,0.2287,0.0316,0.0929,0.0695,0.3065,0.1492,0.0379,Digital Shoppers (New)
C04240,21-30,West,Gold,3,127,242605.97,1910.28,8,0,0.1298,0.2231,0.0269,0.0041,0.0566,0.341,0.1502,0.0684,Digital Shoppers (New)
C04241,21-30,North,Classic,29,23,41309.86,1796.08,8,6,0.0946,0.2083,0.123,0.2556,0.0344,0.1415,0.0884,0.0543,Low-Engagement Occasional
C04242,21-30,South,Classic,26,38,46974.76,1236.18,8,0,0.1182,0.0561,0.1329,0.3123,0.0621,0.0564,0.178,0.084,Low-Engagement Occasional
C04243,41-50,North,Classic,21,126,232958.75,1848.88,8,2,0.0888,0.2395,0.043,0.0548,0.0392,0.4051,0.0857,0.0437,Digital Shoppers (New)
C04244,21-30,North,Platinum,23,118,231766.47,1964.12,8,1,0.0978,0.2013,0.0473,0.0567,0.1408,0.3421,0.0875,0.0265,Digital Shoppers (New)
C04245,31-40,South,Classic,37,32,50749.75,1585.93,8,3,0.0808,0.1555,0.0581,0.0434,0.1681,0.0744,0.2409,0.1788,Low-Engagement Occasional
C04246,41-50,East,Gold,51,163,193811.45,1189.03,8,10,0.1157,0.0292,0.1773,0.2988,0.0205,0.1089,0.1641,0.0855,Everyday Essentials Loyalists
C04247,31-40,South,Gold,48,26,27802.47,1069.33,7,52,0.0374,0.1018,0.0772,0.2157,0.0313,0.2731,0.0,0.2635,Low-Engagement Occasional
C04248,31-40,South,Gold,63,113,915148.16,8098.66,8,0,0.1286,0.0877,0.0248,0.0543,0.0303,0.1496,0.4887,0.036,Premium Travel & Dining Elite
C04249,21-30,East,Classic,52,152,165972.7,1091.93,8,1,0.0289,0.0658,0.2137,0.3034,0.0373,0.128,0.1147,0.1082,Everyday Essentials Loyalists
C04250,31-40,West,Classic,34,28,45147.77,1612.42,7,0,0.0,0.0245,0.1038,0.261,0.0676,0.1839,0.0436,0.3155,Low-Engagement Occasional
C04251,41-50,North,Gold,22,170,189900.5,1117.06,8,0,0.1019,0.0397,0.2101,0.3273,0.0407,0.0731,0.0843,0.1229,Everyday Essentials Loyalists
C04252,21-30,South,Gold,40,171,171171.78,1001.0,8,1,0.1042,0.0747,0.1951,0.2847,0.0331,0.093,0.0643,0.1509,Everyday Essentials Loyalists
C04253,41-50,West,Gold,33,167,173142.33,1036.78,8,1,0.1008,0.078,0.144,0.3631,0.0196,0.0678,0.0732,0.1534,Everyday Essentials Loyalists
C04254,21-30,West,Gold,16,135,266489.01,1973.99,8,7,0.155,0.2345,0.0736,0.0447,0.0283,0.2909,0.1278,0.0452,Digital Shoppers (New)
C04255,51+,West,Classic,22,24,33279.69,1386.65,8,23,0.1551,0.0372,0.1086,0.125,0.0312,0.2353,0.1073,0.2004,Low-Engagement Occasional
C04256,51+,North,Platinum,66,99,917208.14,9264.73,8,0,0.1662,0.0849,0.0316,0.0333,0.0401,0.1335,0.4848,0.0256,Premium Travel & Dining Elite
C04257,21-30,South,Platinum,69,110,934792.94,8498.12,8,1,0.1155,0.0745,0.035,0.0738,0.0345,0.1087,0.5411,0.0168,Premium Travel & Dining Elite
C04258,31-40,West,Classic,26,123,225189.01,1830.8,8,3,0.1435,0.2148,0.0596,0.0534,0.0543,0.348,0.038,0.0884,Digital Shoppers (New)
C04259,31-40,South,Gold,64,39,47204.5,1210.37,8,170,0.0878,0.1335,0.1018,0.2556,0.0351,0.1949,0.0892,0.1021,Lapsed / Dormant
C04260,41-50,South,Gold,25,156,172399.82,1105.13,8,1,0.1486,0.0481,0.1678,0.3566,0.0354,0.12,0.0414,0.082,Everyday Essentials Loyalists
C04261,31-40,West,Classic,36,24,29040.08,1210.0,7,252,0.0,0.0098,0.1725,0.1571,0.0796,0.1245,0.1235,0.3331,Lapsed / Dormant
C04262,41-50,North,Platinum,77,22,29650.53,1347.75,6,229,0.2302,0.0,0.1245,0.2085,0.0,0.1225,0.2204,0.0939,Lapsed / Dormant
C04263,21-30,West,Classic,52,194,223864.9,1153.94,8,4,0.1515,0.0479,0.1547,0.325,0.0165,0.1041,0.0668,0.1336,Everyday Essentials Loyalists
C04264,21-30,West,Classic,32,33,50613.52,1533.74,7,6,0.2575,0.125,0.0964,0.2769,0.0759,0.1428,0.0,0.0254,Low-Engagement Occasional
C04265,41-50,North,Classic,30,32,42964.34,1342.64,8,9,0.1038,0.0878,0.1474,0.1789,0.108,0.163,0.066,0.1452,Low-Engagement Occasional
C04266,41-50,West,Gold,13,149,288235.12,1934.46,8,1,0.1325,0.1787,0.0367,0.022,0.077,0.3531,0.1527,0.0474,Digital Shoppers (New)
C04267,41-50,South,Gold,22,159,186552.26,1173.28,8,2,0.1068,0.0401,0.1708,0.3548,0.0405,0.079,0.1198,0.0883,Everyday Essentials Loyalists
C04268,41-50,West,Classic,22,23,31255.89,1358.95,8,8,0.0587,0.0742,0.1231,0.3904,0.048,0.0849,0.1213,0.0994,Low-Engagement Occasional
C04269,41-50,West,Platinum,28,25,32725.07,1309.0,8,23,0.0364,0.1133,0.0364,0.2162,0.1606,0.1124,0.2181,0.1066,Low-Engagement Occasional
C04270,31-40,West,Gold,22,27,34694.45,1284.98,7,18,0.1467,0.1325,0.149,0.2113,0.0854,0.0196,0.0,0.2554,Low-Engagement Occasional
C04271,51+,North,Gold,42,17,18330.36,1078.26,7,269,0.3054,0.0732,0.0223,0.2132,0.0277,0.3024,0.0,0.0558,Lapsed / Dormant
C04272,41-50,West,Gold,39,145,288312.24,1988.36,8,0,0.1452,0.1775,0.0562,0.0777,0.0298,0.33,0.1365,0.0471,Digital Shoppers (New)
C04273,51+,West,Platinum,27,30,46042.73,1534.76,8,4,0.0182,0.0261,0.1097,0.3262,0.0737,0.1952,0.0941,0.1568,Low-Engagement Occasional
C04274,51+,East,Classic,50,31,46520.78,1500.67,8,154,0.1298,0.0631,0.1778,0.1451,0.0512,0.0963,0.3208,0.0159,Lapsed / Dormant
C04275,31-40,East,Classic,44,145,155132.33,1069.88,8,0,0.0676,0.0496,0.2028,0.3656,0.0468,0.0714,0.0816,0.1146,Everyday Essentials Loyalists
C04276,41-50,North,Platinum,65,105,901688.58,8587.51,8,4,0.1795,0.0959,0.0157,0.0624,0.0403,0.1519,0.443,0.0112,Premium Travel & Dining Elite
C04277,41-50,West,Gold,37,181,193131.36,1067.02,8,1,0.0429,0.0211,0.2207,0.3608,0.0356,0.0695,0.0779,0.1715,Everyday Essentials Loyalists
C04278,21-30,North,Platinum,42,36,47869.89,1329.72,8,8,0.0732,0.1143,0.0842,0.086,0.1396,0.1992,0.1053,0.1982,Low-Engagement Occasional
C04279,41-50,South,Classic,46,175,210992.59,1205.67,8,0,0.092,0.0504,0.1854,0.2762,0.0462,0.0844,0.137,0.1284,Everyday Essentials Loyalists
C04280,31-40,West,Classic,17,37,51750.66,1398.67,8,31,0.1046,0.1358,0.0391,0.1136,0.1335,0.2205,0.0311,0.2218,Low-Engagement Occasional
C04281,31-40,West,Classic,58,111,947334.64,8534.55,8,5,0.1709,0.0487,0.0099,0.0523,0.0218,0.1703,0.5056,0.0205,Premium Travel & Dining Elite
C04282,21-30,West,Platinum,40,159,169886.32,1068.47,8,2,0.0765,0.0622,0.2034,0.3175,0.0867,0.0705,0.0826,0.1006,Everyday Essentials Loyalists
C04283,41-50,South,Gold,11,139,284164.02,2044.35,8,0,0.0823,0.2304,0.0615,0.0626,0.0283,0.3153,0.1077,0.1121,Digital Shoppers (New)
C04284,41-50,North,Gold,65,100,814933.73,8149.34,8,0,0.163,0.0343,0.0388,0.0646,0.0671,0.1354,0.4557,0.0412,Premium Travel & Dining Elite
C04285,31-40,South,Gold,54,39,49223.87,1262.15,8,181,0.067,0.0273,0.0524,0.3012,0.0126,0.1848,0.1974,0.1574,Lapsed / Dormant
C04286,21-30,North,Platinum,47,157,161536.55,1028.9,8,2,0.1022,0.0533,0.1277,0.3362,0.0338,0.0731,0.0721,0.2016,Everyday Essentials Loyalists
C04287,31-40,West,Gold,51,48,60559.84,1261.66,8,189,0.1107,0.0689,0.1202,0.3516,0.082,0.1423,0.024,0.1003,Lapsed / Dormant
C04288,21-30,East,Platinum,42,183,190755.55,1042.38,8,4,0.1032,0.0443,0.2129,0.3132,0.0404,0.1237,0.0497,0.1126,Everyday Essentials Loyalists
C04289,31-40,South,Classic,26,51,62636.9,1228.17,8,131,0.0964,0.1098,0.2027,0.0424,0.0078,0.2214,0.1405,0.179,Low-Engagement Occasional
C04290,31-40,North,Classic,21,134,262227.01,1956.92,8,1,0.1039,0.2393,0.0299,0.0311,0.0682,0.2625,0.1883,0.0768,Digital Shoppers (New)
C04291,51+,South,Gold,64,108,943124.74,8732.64,8,0,0.1889,0.092,0.0023,0.0583,0.0133,0.1435,0.4759,0.0258,Premium Travel & Dining Elite
C04292,31-40,West,Platinum,50,103,799606.8,7763.17,8,4,0.1822,0.1175,0.0287,0.0615,0.0389,0.1308,0.4068,0.0337,Premium Travel & Dining Elite
C04293,31-40,West,Gold,62,103,825143.22,8011.1,8,1,0.1962,0.0781,0.013,0.0891,0.0132,0.1573,0.3988,0.0543,Premium Travel & Dining Elite
C04294,51+,North,Classic,20,133,256212.96,1926.41,8,7,0.1124,0.2331,0.0779,0.0617,0.0878,0.3143,0.07,0.0428,Digital Shoppers (New)
C04295,31-40,North,Classic,41,31,37650.97,1214.55,7,4,0.0888,0.1336,0.0725,0.3763,0.141,0.0824,0.0,0.1055,Low-Engagement Occasional
C04296,51+,South,Classic,47,181,202618.32,1119.44,8,4,0.1137,0.0711,0.1586,0.3266,0.0261,0.0665,0.0383,0.1991,Everyday Essentials Loyalists
C04297,21-30,North,Classic,17,136,259572.27,1908.62,8,3,0.0821,0.1443,0.0623,0.0468,0.0154,0.3726,0.165,0.1116,Digital Shoppers (New)
C04298,31-40,West,Gold,23,145,297554.38,2052.1,8,9,0.182,0.2165,0.0543,0.0343,0.0711,0.3206,0.0994,0.0219,Digital Shoppers (New)
C04299,21-30,East,Classic,10,137,255724.56,1866.6,8,5,0.1107,0.1948,0.0846,0.0943,0.0684,0.3733,0.0482,0.0258,Digital Shoppers (New)
C04300,31-40,North,Classic,34,23,28449.34,1236.93,6,2,0.0276,0.0,0.0,0.0868,0.1689,0.2208,0.1046,0.3913,Low-Engagement Occasional
C04301,51+,West,Classic,7,147,282575.04,1922.28,8,1,0.1096,0.1809,0.0378,0.0529,0.0533,0.4325,0.0655,0.0675,Digital Shoppers (New)
C04302,41-50,South,Classic,41,24,33614.99,1400.62,6,19,0.2085,0.0,0.0294,0.2293,0.2706,0.0916,0.0,0.1705,Low-Engagement Occasional
C04303,41-50,North,Gold,31,25,27940.7,1117.63,7,282,0.1112,0.0405,0.2398,0.0663,0.0,0.2925,0.038,0.2117,Lapsed / Dormant
C04304,31-40,East,Classic,50,183,209819.21,1146.55,8,0,0.0683,0.0459,0.1861,0.3549,0.0426,0.1251,0.0642,0.1128,Everyday Essentials Loyalists
C04305,51+,North,Platinum,60,92,759856.77,8259.31,8,13,0.2119,0.0808,0.0318,0.0268,0.0365,0.1158,0.4636,0.0326,Premium Travel & Dining Elite
C04306,31-40,South,Gold,69,105,851879.6,8113.14,8,1,0.1792,0.0539,0.0151,0.0818,0.0291,0.1498,0.4285,0.0627,Premium Travel & Dining Elite
C04307,31-40,West,Gold,6,124,231888.41,1870.07,8,0,0.0631,0.219,0.0237,0.0115,0.0524,0.3893,0.1404,0.1006,Digital Shoppers (New)
C04308,51+,West,Gold,42,153,175061.15,1144.19,8,3,0.0308,0.0992,0.2411,0.3126,0.0349,0.1445,0.0442,0.0929,Everyday Essentials Loyalists
C04309,31-40,South,Classic,48,16,22015.56,1375.97,6,288,0.1173,0.1437,0.2281,0.1369,0.0,0.0,0.1215,0.2524,Lapsed / Dormant
C04310,31-40,East,Classic,18,135,246539.15,1826.22,8,1,0.0695,0.2819,0.0448,0.0522,0.0593,0.2956,0.1035,0.0931,Digital Shoppers (New)
C04311,21-30,North,Classic,3,130,248054.99,1908.12,8,1,0.14,0.2178,0.012,0.0414,0.0954,0.2739,0.1592,0.0602,Digital Shoppers (New)
C04312,21-30,East,Gold,36,33,39162.78,1186.75,8,0,0.1979,0.206,0.1626,0.1462,0.096,0.0389,0.0273,0.1251,Low-Engagement Occasional
C04313,41-50,North,Gold,23,180,196464.99,1091.47,8,2,0.0993,0.0247,0.1988,0.2445,0.1076,0.1055,0.127,0.0926,Everyday Essentials Loyalists
C04314,31-40,East,Gold,23,30,34206.8,1140.23,8,9,0.1544,0.2232,0.0197,0.1348,0.25,0.0661,0.0504,0.1015,Low-Engagement Occasional
C04315,51+,North,Platinum,44,105,850825.47,8103.1,8,0,0.1827,0.0717,0.0169,0.0631,0.0125,0.1705,0.4524,0.0302,Premium Travel & Dining Elite
C04316,21-30,West,Classic,22,128,234187.46,1829.59,8,4,0.1322,0.2004,0.0503,0.0388,0.0786,0.319,0.1324,0.0483,Digital Shoppers (New)
C04317,41-50,West,Classic,52,23,35427.7,1540.33,7,290,0.0259,0.3183,0.1815,0.0647,0.0,0.214,0.0468,0.1489,Lapsed / Dormant
C04318,41-50,South,Platinum,34,25,28779.25,1151.17,8,2,0.0444,0.2633,0.0967,0.1347,0.1083,0.0322,0.0623,0.2581,Low-Engagement Occasional
C04319,41-50,West,Classic,44,30,44203.83,1473.46,6,65,0.0,0.0903,0.0,0.0923,0.1201,0.1224,0.1732,0.4016,Low-Engagement Occasional
C04320,31-40,North,Platinum,38,170,198383.32,1166.96,8,12,0.0889,0.0643,0.2128,0.2503,0.0268,0.0823,0.0713,0.2033,Everyday Essentials Loyalists
C04321,31-40,West,Gold,36,25,33494.55,1339.78,7,23,0.1361,0.0731,0.0247,0.347,0.0268,0.293,0.0,0.0994,Low-Engagement Occasional
C04322,41-50,North,Gold,14,150,266856.44,1779.04,8,1,0.1561,0.185,0.0351,0.0609,0.0539,0.378,0.0959,0.035,Digital Shoppers (New)
C04323,51+,North,Gold,13,131,230242.49,1757.58,8,0,0.1154,0.2452,0.0478,0.0697,0.043,0.3556,0.0291,0.0941,Digital Shoppers (New)
C04324,31-40,East,Platinum,73,123,1070152.91,8700.43,8,5,0.1673,0.1181,0.011,0.0615,0.0402,0.1641,0.3992,0.0387,Premium Travel & Dining Elite
C04325,31-40,South,Classic,62,173,187748.74,1085.25,8,0,0.0918,0.0618,0.14,0.4003,0.0225,0.1057,0.0675,0.1104,Everyday Essentials Loyalists
C04326,41-50,South,Classic,9,130,231820.64,1783.24,8,1,0.0923,0.2944,0.0265,0.0596,0.0572,0.3817,0.0479,0.0404,Digital Shoppers (New)
C04327,31-40,South,Gold,68,99,843546.08,8520.67,8,0,0.1381,0.0405,0.0342,0.1481,0.034,0.181,0.4158,0.0082,Premium Travel & Dining Elite
C04328,21-30,North,Classic,33,36,50011.23,1389.2,8,9,0.1265,0.0754,0.0258,0.1443,0.0364,0.0378,0.2732,0.2806,Low-Engagement Occasional
C04329,51+,North,Classic,33,32,46092.36,1440.39,8,12,0.0846,0.1166,0.0853,0.1749,0.1761,0.1543,0.0611,0.1471,Low-Engagement Occasional
C04330,21-30,East,Classic,50,33,45428.35,1376.62,8,211,0.1292,0.0733,0.0809,0.2067,0.0361,0.0462,0.2704,0.1574,Lapsed / Dormant
C04331,21-30,East,Classic,56,103,774910.9,7523.41,8,0,0.236,0.0585,0.0255,0.0473,0.0144,0.1302,0.4488,0.0394,Premium Travel & Dining Elite
C04332,41-50,North,Classic,12,42,59278.67,1411.4,8,174,0.0518,0.0754,0.0761,0.2317,0.1117,0.2034,0.1579,0.092,Low-Engagement Occasional
C04333,21-30,South,Platinum,75,109,895101.34,8211.94,8,4,0.2213,0.0656,0.0156,0.0623,0.0325,0.106,0.487,0.0099,Premium Travel & Dining Elite
C04334,21-30,East,Gold,7,140,309412.62,2210.09,8,11,0.1198,0.2339,0.0081,0.0678,0.0832,0.2662,0.1561,0.0649,Digital Shoppers (New)
C04335,21-30,East,Classic,27,36,60078.8,1668.86,8,18,0.0774,0.1171,0.1109,0.2448,0.0289,0.1576,0.1543,0.109,Low-Engagement Occasional
C04336,21-30,West,Gold,57,98,743873.69,7590.55,8,3,0.1662,0.0441,0.034,0.1176,0.0303,0.1557,0.3926,0.0594,Premium Travel & Dining Elite
C04337,31-40,South,Gold,52,104,856541.73,8235.98,8,0,0.1883,0.0489,0.018,0.0551,0.066,0.1609,0.4364,0.0264,Premium Travel & Dining Elite
C04338,41-50,South,Gold,62,108,690130.82,6390.1,8,0,0.2167,0.1184,0.0137,0.0595,0.0548,0.1834,0.3349,0.0186,Premium Travel & Dining Elite
C04339,31-40,East,Classic,13,113,207476.17,1836.07,7,0,0.1529,0.2726,0.0,0.0701,0.0204,0.3262,0.0746,0.0832,Digital Shoppers (New)
C04340,31-40,South,Classic,22,30,51720.12,1724.0,8,13,0.0563,0.1461,0.0185,0.2588,0.04,0.0848,0.1653,0.2301,Low-Engagement Occasional
C04341,41-50,North,Gold,61,103,842937.82,8183.86,8,7,0.1771,0.0591,0.0128,0.0141,0.0276,0.0926,0.5897,0.0271,Premium Travel & Dining Elite
C04342,31-40,North,Platinum,59,108,896611.51,8301.96,8,0,0.1228,0.0882,0.0205,0.101,0.0232,0.165,0.4548,0.0245,Premium Travel & Dining Elite
C04343,31-40,West,Classic,23,144,262064.85,1819.89,8,0,0.118,0.2806,0.0395,0.1179,0.0373,0.3085,0.0516,0.0466,Digital Shoppers (New)
C04344,31-40,North,Platinum,28,160,185948.06,1162.18,8,0,0.1148,0.0228,0.1767,0.3835,0.0332,0.0464,0.068,0.1546,Everyday Essentials Loyalists
C04345,31-40,East,Platinum,21,23,38164.21,1659.31,8,8,0.0515,0.1101,0.0634,0.1073,0.0127,0.114,0.3737,0.1673,Low-Engagement Occasional
C04346,31-40,East,Classic,55,29,39397.53,1358.54,8,192,0.2029,0.0784,0.072,0.1791,0.0914,0.1874,0.1131,0.0758,Lapsed / Dormant
C04347,21-30,South,Platinum,23,33,45336.35,1373.83,7,9,0.0928,0.0972,0.0,0.3702,0.1753,0.0532,0.0613,0.15,Low-Engagement Occasional
C04348,51+,West,Classic,38,10,18544.74,1854.47,6,300,0.1439,0.1377,0.2201,0.3288,0.0,0.0,0.0774,0.0921,Lapsed / Dormant
C04349,51+,East,Classic,8,154,317324.92,2060.55,8,1,0.1156,0.198,0.0401,0.086,0.0246,0.2668,0.2344,0.0345,Digital Shoppers (New)
C04350,51+,North,Classic,28,34,44630.08,1312.65,7,33,0.2012,0.0674,0.1513,0.0928,0.0572,0.1805,0.0,0.2495,Low-Engagement Occasional
C04351,21-30,West,Gold,41,155,167469.96,1080.45,8,9,0.0976,0.0435,0.211,0.3615,0.0512,0.1083,0.0608,0.0662,Everyday Essentials Loyalists
C04352,41-50,South,Gold,57,101,709400.98,7023.77,8,1,0.2741,0.1481,0.0218,0.0475,0.0335,0.1772,0.2904,0.0074,Premium Travel & Dining Elite
C04353,31-40,South,Classic,3,132,261024.9,1977.46,8,10,0.1613,0.2731,0.044,0.0355,0.0635,0.3277,0.06,0.0348,Digital Shoppers (New)
C04354,21-30,West,Gold,67,118,1082527.53,9173.96,8,4,0.1349,0.0283,0.005,0.0476,0.0229,0.1415,0.5701,0.0497,Premium Travel & Dining Elite
C04355,51+,East,Classic,61,34,39010.68,1147.37,8,170,0.1032,0.0285,0.0439,0.1746,0.162,0.259,0.1156,0.1132,Lapsed / Dormant
C04356,41-50,South,Classic,10,32,52567.29,1642.73,8,4,0.0559,0.1034,0.0457,0.0495,0.0817,0.2542,0.0973,0.3121,Low-Engagement Occasional
C04357,21-30,West,Classic,32,30,32149.95,1071.66,7,225,0.1784,0.1055,0.214,0.2827,0.0295,0.0573,0.0,0.1326,Lapsed / Dormant
C04358,51+,East,Classic,52,164,197032.98,1201.42,8,0,0.1631,0.0302,0.2041,0.224,0.0749,0.0692,0.0839,0.1507,Everyday Essentials Loyalists
C04359,21-30,East,Classic,29,142,293028.79,2063.58,8,0,0.1066,0.2083,0.0317,0.0765,0.0299,0.2899,0.1929,0.0644,Digital Shoppers (New)
C04360,31-40,North,Gold,8,23,36227.34,1575.1,8,40,0.0351,0.085,0.1068,0.2421,0.0149,0.186,0.0816,0.2487,Low-Engagement Occasional
C04361,21-30,North,Classic,50,158,187389.85,1186.01,8,0,0.1114,0.0429,0.182,0.3492,0.0365,0.0675,0.1016,0.1089,Everyday Essentials Loyalists
C04362,21-30,South,Gold,30,136,269524.63,1981.8,8,0,0.0564,0.2624,0.0326,0.072,0.0421,0.3305,0.172,0.032,Digital Shoppers (New)
C04363,51+,East,Gold,5,135,240941.13,1784.75,8,2,0.1411,0.2235,0.0368,0.0701,0.0593,0.402,0.0274,0.0397,Digital Shoppers (New)
C04364,31-40,South,Gold,63,38,42719.57,1124.2,7,180,0.0871,0.081,0.2572,0.2217,0.0756,0.1767,0.0,0.1007,Lapsed / Dormant
C04365,31-40,West,Gold,28,32,43955.58,1373.61,7,15,0.2295,0.093,0.1601,0.1016,0.0464,0.1516,0.0,0.2178,Low-Engagement Occasional
C04366,41-50,North,Platinum,63,110,941970.43,8563.37,8,4,0.2169,0.1197,0.0019,0.0667,0.0403,0.0972,0.439,0.0184,Premium Travel & Dining Elite
C04367,51+,West,Classic,6,137,278815.52,2035.15,8,2,0.0957,0.2108,0.0311,0.0555,0.0574,0.3562,0.1581,0.0353,Digital Shoppers (New)
C04368,51+,West,Classic,24,154,300118.22,1948.82,8,2,0.1314,0.2636,0.0401,0.0728,0.0303,0.3197,0.1017,0.0404,Digital Shoppers (New)
C04369,51+,West,Classic,50,188,201074.74,1069.55,8,1,0.0798,0.0798,0.1803,0.3405,0.0304,0.0897,0.0591,0.1405,Everyday Essentials Loyalists
C04370,51+,West,Platinum,59,175,207278.72,1184.45,8,5,0.0891,0.0483,0.1753,0.2449,0.0434,0.0876,0.1146,0.1967,Everyday Essentials Loyalists
C04371,41-50,West,Classic,56,157,182355.16,1161.5,8,10,0.0471,0.0565,0.2483,0.3549,0.0215,0.0961,0.0687,0.1068,Everyday Essentials Loyalists
C04372,31-40,North,Platinum,59,115,1014174.18,8818.91,8,7,0.1465,0.0695,0.0172,0.0653,0.0278,0.1608,0.4967,0.0162,Premium Travel & Dining Elite
C04373,51+,East,Classic,45,150,304429.79,2029.53,8,0,0.1034,0.2495,0.0202,0.0727,0.0452,0.3764,0.0898,0.0426,Digital Shoppers (New)
C04374,21-30,West,Gold,55,155,160100.05,1032.9,8,2,0.0916,0.0519,0.1686,0.2942,0.0369,0.1306,0.0896,0.1367,Everyday Essentials Loyalists
C04375,21-30,East,Classic,19,139,284066.18,2043.64,8,1,0.1224,0.215,0.0178,0.0744,0.1341,0.293,0.0718,0.0714,Digital Shoppers (New)
C04376,31-40,North,Classic,32,164,192609.02,1174.45,8,1,0.1399,0.0354,0.1804,0.2214,0.0746,0.1476,0.0949,0.1059,Everyday Essentials Loyalists
C04377,31-40,West,Gold,14,33,42335.09,1282.88,8,10,0.0593,0.1398,0.12,0.2327,0.095,0.0762,0.0785,0.1985,Low-Engagement Occasional
C04378,41-50,North,Gold,27,176,206802.47,1175.01,8,0,0.1033,0.0386,0.1684,0.3284,0.0335,0.105,0.0776,0.1452,Everyday Essentials Loyalists
C04379,51+,South,Gold,38,31,36079.94,1163.87,8,182,0.117,0.0045,0.1797,0.2068,0.0719,0.1306,0.1311,0.1583,Lapsed / Dormant
C04380,31-40,North,Platinum,73,103,865353.08,8401.49,8,0,0.1539,0.0787,0.0206,0.0419,0.0158,0.1052,0.5336,0.0503,Premium Travel & Dining Elite
C04381,31-40,South,Classic,18,148,270827.5,1829.92,8,1,0.1618,0.1753,0.0507,0.0496,0.0544,0.3048,0.1168,0.0867,Digital Shoppers (New)
C04382,31-40,South,Classic,35,174,196872.73,1131.45,8,1,0.1178,0.0913,0.1598,0.2536,0.0432,0.0903,0.0795,0.1645,Everyday Essentials Loyalists
C04383,41-50,South,Classic,40,192,217043.13,1130.43,8,1,0.091,0.0514,0.198,0.344,0.0295,0.0862,0.0838,0.116,Everyday Essentials Loyalists
C04384,21-30,West,Classic,11,125,252838.55,2022.71,8,1,0.0343,0.2306,0.0272,0.027,0.0527,0.5047,0.0567,0.0668,Digital Shoppers (New)
C04385,21-30,South,Gold,38,29,42765.44,1474.67,8,13,0.0646,0.1952,0.1022,0.3169,0.0248,0.0564,0.0625,0.1774,Low-Engagement Occasional
C04386,41-50,South,Classic,39,31,42183.95,1360.77,8,266,0.1249,0.0418,0.1451,0.2597,0.0564,0.1795,0.1179,0.0747,Lapsed / Dormant
C04387,31-40,West,Classic,45,162,188524.23,1163.73,8,0,0.0657,0.0898,0.1641,0.3089,0.0134,0.0709,0.1579,0.1294,Everyday Essentials Loyalists
C04388,31-40,West,Gold,45,151,155787.06,1031.7,8,1,0.1326,0.0617,0.2002,0.2612,0.077,0.0832,0.0439,0.1402,Everyday Essentials Loyalists
C04389,31-40,North,Classic,21,36,52451.26,1456.98,8,22,0.1361,0.1375,0.0922,0.0837,0.0511,0.1685,0.1572,0.1739,Low-Engagement Occasional
C04390,21-30,North,Classic,29,136,247800.4,1822.06,8,2,0.1507,0.1915,0.0207,0.0996,0.0441,0.3672,0.0603,0.0658,Digital Shoppers (New)
C04391,41-50,East,Classic,39,164,174642.24,1064.89,8,2,0.0918,0.0659,0.2163,0.2707,0.0265,0.0619,0.101,0.1658,Everyday Essentials Loyalists
C04392,31-40,West,Classic,20,36,46212.93,1283.69,8,21,0.1839,0.0399,0.0566,0.2147,0.0354,0.1775,0.1433,0.1487,Low-Engagement Occasional
C04393,31-40,East,Classic,22,145,285122.45,1966.36,8,1,0.0929,0.2297,0.0349,0.1077,0.0311,0.3238,0.1149,0.065,Digital Shoppers (New)
C04394,51+,North,Classic,14,128,252584.81,1973.32,8,3,0.034,0.1913,0.0778,0.0282,0.0704,0.3323,0.1388,0.1272,Digital Shoppers (New)
C04395,41-50,West,Classic,46,167,186312.01,1115.64,8,2,0.0861,0.0641,0.1821,0.3294,0.0358,0.097,0.0839,0.1215,Everyday Essentials Loyalists
C04396,21-30,East,Gold,30,173,211986.2,1225.35,8,0,0.0823,0.0586,0.2006,0.2995,0.0393,0.0935,0.0674,0.1588,Everyday Essentials Loyalists
C04397,41-50,East,Classic,50,161,167202.52,1038.52,8,2,0.0846,0.0521,0.2239,0.2123,0.0689,0.141,0.0581,0.1592,Everyday Essentials Loyalists
C04398,21-30,West,Classic,51,24,27534.69,1147.28,7,2,0.0848,0.0292,0.0748,0.2359,0.1645,0.1782,0.0,0.2326,Low-Engagement Occasional
C04399,21-30,West,Classic,29,171,196905.34,1151.49,8,0,0.1048,0.0664,0.2026,0.2602,0.0119,0.1684,0.0941,0.0916,Everyday Essentials Loyalists
C04400,41-50,East,Classic,33,28,34819.02,1243.54,8,2,0.0853,0.0888,0.0302,0.3311,0.0893,0.0343,0.1149,0.2262,Low-Engagement Occasional
C04401,21-30,East,Gold,22,34,69297.73,2038.17,8,1,0.131,0.0198,0.0557,0.1317,0.0498,0.1334,0.3139,0.1647,Low-Engagement Occasional
C04402,31-40,East,Gold,56,32,46829.28,1463.41,8,8,0.1261,0.1699,0.1138,0.0478,0.165,0.0468,0.0384,0.2922,Low-Engagement Occasional
C04403,51+,South,Gold,72,102,732733.28,7183.66,8,1,0.1839,0.0926,0.0258,0.0764,0.053,0.1551,0.3884,0.0247,Premium Travel & Dining Elite
C04404,41-50,South,Classic,44,163,171540.03,1052.39,8,1,0.0935,0.0459,0.1965,0.2653,0.0444,0.1287,0.0752,0.1504,Everyday Essentials Loyalists
C04405,51+,West,Classic,3,113,202532.8,1792.33,8,2,0.1627,0.2052,0.0671,0.0573,0.0687,0.2947,0.0958,0.0486,Digital Shoppers (New)
C04406,51+,East,Classic,4,138,265983.49,1927.42,8,4,0.1122,0.2656,0.0235,0.0147,0.0433,0.3654,0.0991,0.0762,Digital Shoppers (New)
C04407,31-40,South,Gold,55,22,26044.13,1183.82,7,235,0.1605,0.0789,0.0,0.2935,0.0679,0.247,0.0306,0.1215,Lapsed / Dormant
C04408,41-50,North,Classic,28,153,175938.14,1149.92,8,3,0.056,0.0619,0.2525,0.3429,0.0093,0.1327,0.0289,0.1158,Everyday Essentials Loyalists
C04409,31-40,West,Gold,34,29,31168.46,1074.77,7,267,0.0,0.1157,0.0772,0.2343,0.1142,0.2273,0.0963,0.135,Lapsed / Dormant
C04410,41-50,East,Classic,42,179,213234.15,1191.25,8,1,0.1605,0.083,0.1981,0.2396,0.0249,0.0487,0.1,0.1452,Everyday Essentials Loyalists
C04411,31-40,South,Classic,43,180,197188.66,1095.49,8,0,0.063,0.0659,0.2018,0.275,0.1003,0.0548,0.1071,0.1321,Everyday Essentials Loyalists
C04412,21-30,South,Platinum,63,107,809975.28,7569.86,8,0,0.2893,0.0613,0.01,0.0991,0.0561,0.1461,0.3212,0.017,Premium Travel & Dining Elite
C04413,21-30,North,Classic,25,27,43409.11,1607.74,8,1,0.0741,0.1942,0.049,0.2044,0.0117,0.0732,0.1936,0.1998,Low-Engagement Occasional
C04414,41-50,West,Classic,51,160,186916.46,1168.23,8,5,0.1097,0.0537,0.1935,0.26,0.0432,0.1052,0.138,0.0968,Everyday Essentials Loyalists
C04415,21-30,West,Classic,33,173,178045.51,1029.16,8,1,0.1319,0.0675,0.2385,0.369,0.0257,0.0402,0.0409,0.0862,Everyday Essentials Loyalists
C04416,31-40,East,Gold,36,39,51984.64,1332.94,8,8,0.0787,0.1047,0.0744,0.1498,0.138,0.0861,0.1638,0.2046,Low-Engagement Occasional
C04417,51+,South,Classic,16,123,226069.55,1837.96,8,4,0.1148,0.2128,0.0286,0.037,0.0386,0.4261,0.0908,0.0513,Digital Shoppers (New)
C04418,41-50,West,Platinum,66,112,923380.0,8244.46,8,6,0.2136,0.0728,0.0483,0.056,0.0134,0.1349,0.454,0.0069,Premium Travel & Dining Elite
C04419,31-40,South,Platinum,71,111,1014869.2,9142.97,8,5,0.1858,0.0598,0.011,0.103,0.0157,0.156,0.4254,0.0431,Premium Travel & Dining Elite
C04420,21-30,West,Classic,9,136,265420.78,1951.62,8,0,0.1232,0.2018,0.0181,0.127,0.0579,0.3539,0.0876,0.0306,Digital Shoppers (New)
C04421,51+,North,Gold,35,153,168276.61,1099.85,8,2,0.1137,0.0659,0.1542,0.3186,0.1057,0.0894,0.0211,0.1313,Everyday Essentials Loyalists
C04422,31-40,North,Classic,25,161,174307.62,1082.66,8,2,0.0655,0.0324,0.2075,0.3926,0.0456,0.0809,0.0578,0.1177,Everyday Essentials Loyalists
C04423,31-40,East,Gold,3,135,264042.92,1955.87,8,0,0.1551,0.2597,0.0402,0.0347,0.0575,0.2748,0.1241,0.0539,Digital Shoppers (New)
C04424,51+,North,Classic,40,176,200687.12,1140.27,8,5,0.059,0.0483,0.1775,0.3293,0.0395,0.0862,0.1093,0.1508,Everyday Essentials Loyalists
C04425,21-30,East,Classic,12,129,231427.05,1794.01,8,7,0.053,0.2589,0.0198,0.0906,0.0535,0.378,0.095,0.0511,Digital Shoppers (New)
C04426,31-40,West,Classic,31,159,181455.33,1141.23,8,1,0.0583,0.0527,0.1259,0.3405,0.0835,0.1011,0.1283,0.1097,Everyday Essentials Loyalists
C04427,21-30,North,Gold,33,175,209923.94,1199.57,8,1,0.1211,0.0645,0.1326,0.2841,0.0385,0.1219,0.1354,0.102,Everyday Essentials Loyalists
C04428,21-30,South,Platinum,75,102,990882.43,9714.53,8,1,0.1267,0.0718,0.0235,0.0348,0.0132,0.1852,0.4717,0.0731,Premium Travel & Dining Elite
C04429,31-40,East,Classic,50,152,168787.06,1110.44,8,1,0.1098,0.1001,0.1855,0.31,0.0228,0.0614,0.0934,0.117,Everyday Essentials Loyalists
C04430,41-50,West,Classic,47,103,737040.49,7155.73,8,1,0.1894,0.1468,0.0181,0.0804,0.0573,0.1589,0.3225,0.0266,Premium Travel & Dining Elite
C04431,31-40,South,Platinum,37,165,183535.14,1112.33,8,3,0.0925,0.0831,0.159,0.357,0.0305,0.0574,0.0651,0.1553,Everyday Essentials Loyalists
C04432,41-50,North,Platinum,52,39,49238.07,1262.51,8,171,0.0649,0.0768,0.1271,0.1673,0.0077,0.149,0.0687,0.3386,Lapsed / Dormant
C04433,41-50,East,Classic,23,21,26063.8,1241.13,8,22,0.1631,0.1379,0.031,0.0158,0.0193,0.3067,0.2529,0.0733,Low-Engagement Occasional
C04434,51+,South,Gold,33,182,209273.07,1149.85,8,3,0.0989,0.082,0.2442,0.27,0.036,0.1386,0.0667,0.0637,Everyday Essentials Loyalists
C04435,21-30,West,Classic,10,135,285240.49,2112.89,8,0,0.1083,0.2083,0.0169,0.0257,0.1001,0.3058,0.1716,0.0634,Digital Shoppers (New)
C04436,41-50,East,Classic,24,135,261190.76,1934.75,8,0,0.1033,0.2146,0.0613,0.0602,0.0304,0.4009,0.0974,0.032,Digital Shoppers (New)
C04437,21-30,North,Gold,41,21,27026.09,1286.96,7,31,0.2301,0.088,0.0858,0.1146,0.0238,0.4294,0.0282,0.0,Low-Engagement Occasional
C04438,41-50,West,Gold,34,170,199048.02,1170.87,8,2,0.0761,0.0311,0.1965,0.2946,0.0379,0.1003,0.1387,0.1248,Everyday Essentials Loyalists
C04439,31-40,South,Classic,46,174,174955.47,1005.49,8,2,0.0979,0.0479,0.1605,0.3469,0.0479,0.1044,0.0297,0.1648,Everyday Essentials Loyalists
C04440,41-50,North,Gold,41,167,177235.01,1061.29,8,1,0.1015,0.0495,0.1857,0.364,0.038,0.0535,0.0812,0.1265,Everyday Essentials Loyalists
C04441,21-30,East,Platinum,49,100,754857.09,7548.57,8,1,0.1438,0.0743,0.0067,0.0498,0.0539,0.208,0.4342,0.0293,Premium Travel & Dining Elite
C04442,41-50,West,Gold,39,170,205403.21,1208.25,8,0,0.1038,0.0774,0.1313,0.2857,0.048,0.1109,0.1057,0.1372,Everyday Essentials Loyalists
C04443,21-30,West,Classic,35,51,73464.43,1440.48,8,129,0.0718,0.0103,0.0698,0.2251,0.0624,0.1726,0.3063,0.0818,Low-Engagement Occasional
C04444,21-30,North,Classic,59,29,39137.44,1349.57,7,220,0.1485,0.08,0.1338,0.2843,0.0,0.1623,0.0853,0.1058,Lapsed / Dormant
C04445,41-50,West,Gold,75,115,953984.84,8295.52,8,2,0.1962,0.0646,0.0089,0.0359,0.0144,0.1948,0.4367,0.0485,Premium Travel & Dining Elite
C04446,31-40,North,Platinum,9,131,287753.2,2196.59,8,3,0.1173,0.2491,0.0545,0.0382,0.0736,0.2379,0.1801,0.0494,Digital Shoppers (New)
C04447,41-50,South,Classic,35,183,197327.46,1078.29,8,1,0.094,0.065,0.1991,0.3278,0.0274,0.129,0.0372,0.1205,Everyday Essentials Loyalists
C04448,41-50,South,Classic,24,138,251995.13,1826.05,8,6,0.141,0.1664,0.0146,0.0691,0.0532,0.393,0.0934,0.0692,Digital Shoppers (New)
C04449,41-50,North,Gold,26,126,233933.09,1856.61,8,0,0.1585,0.1961,0.0559,0.0355,0.0494,0.3472,0.0697,0.0879,Digital Shoppers (New)
C04450,41-50,South,Gold,48,123,908121.36,7383.1,8,1,0.163,0.1063,0.0323,0.0665,0.0092,0.189,0.4208,0.013,Premium Travel & Dining Elite
C04451,41-50,West,Classic,28,33,41080.41,1244.86,8,5,0.1828,0.0264,0.1059,0.2002,0.1892,0.0281,0.0342,0.2333,Low-Engagement Occasional
C04452,51+,North,Platinum,47,29,35730.3,1232.08,7,167,0.1512,0.0737,0.0589,0.2398,0.02,0.1999,0.0,0.2565,Lapsed / Dormant
C04453,21-30,West,Classic,6,126,265746.18,2109.1,8,0,0.0952,0.2363,0.0422,0.0608,0.0597,0.318,0.1295,0.0583,Digital Shoppers (New)
C04454,31-40,East,Gold,33,26,40596.65,1561.41,8,1,0.1009,0.118,0.0972,0.1725,0.0394,0.0242,0.1791,0.2688,Low-Engagement Occasional
C04455,41-50,South,Gold,7,128,235619.43,1840.78,8,5,0.1751,0.232,0.0174,0.0824,0.0701,0.2727,0.0712,0.0791,Digital Shoppers (New)
C04456,21-30,North,Platinum,36,178,196543.1,1104.17,8,6,0.0969,0.0824,0.2005,0.2552,0.0248,0.0647,0.1041,0.1714,Everyday Essentials Loyalists
C04457,31-40,North,Gold,40,182,207549.82,1140.38,8,6,0.0537,0.0775,0.2022,0.3526,0.0114,0.0629,0.1128,0.1268,Everyday Essentials Loyalists
C04458,31-40,North,Gold,3,154,297533.35,1932.03,8,2,0.0518,0.1621,0.0425,0.0679,0.0596,0.4303,0.1354,0.0506,Digital Shoppers (New)
C04459,31-40,East,Platinum,39,106,800375.46,7550.71,8,1,0.1813,0.0775,0.0502,0.0556,0.0114,0.1964,0.3859,0.0417,Premium Travel & Dining Elite
C04460,31-40,West,Classic,39,29,44379.91,1530.34,8,7,0.0673,0.0226,0.1139,0.1031,0.0487,0.1716,0.2178,0.255,Low-Engagement Occasional
C04461,41-50,West,Classic,34,162,173808.86,1072.89,8,1,0.1147,0.0583,0.2039,0.338,0.0438,0.0758,0.0919,0.0735,Everyday Essentials Loyalists
C04462,41-50,North,Gold,63,185,220879.35,1193.94,8,1,0.1262,0.0619,0.205,0.3302,0.0314,0.0395,0.1091,0.0967,Everyday Essentials Loyalists
C04463,41-50,North,Classic,61,204,230395.53,1129.39,8,3,0.0884,0.0311,0.2007,0.3119,0.0436,0.0945,0.0879,0.1419,Everyday Essentials Loyalists
C04464,31-40,North,Classic,42,35,40769.16,1164.83,8,200,0.0584,0.0653,0.1747,0.2631,0.0657,0.238,0.0409,0.0939,Lapsed / Dormant
C04465,41-50,West,Classic,65,173,203094.17,1173.95,8,3,0.061,0.0476,0.1086,0.2663,0.0499,0.1206,0.1312,0.2146,Everyday Essentials Loyalists
C04466,41-50,North,Classic,51,151,186472.58,1234.92,8,2,0.0883,0.0525,0.2189,0.2958,0.0288,0.1566,0.0496,0.1096,Everyday Essentials Loyalists
C04467,21-30,North,Gold,35,164,196158.53,1196.09,8,0,0.1224,0.0339,0.2087,0.3401,0.0573,0.0508,0.0817,0.1052,Everyday Essentials Loyalists
C04468,21-30,East,Platinum,3,123,232799.5,1892.68,8,6,0.1169,0.2449,0.0132,0.1113,0.0501,0.2984,0.0992,0.066,Digital Shoppers (New)
C04469,31-40,East,Platinum,54,21,21964.47,1045.93,6,288,0.0705,0.1196,0.1251,0.3683,0.0,0.1806,0.0,0.1358,Lapsed / Dormant
C04470,51+,North,Gold,42,179,206613.17,1154.26,8,2,0.1231,0.0452,0.2153,0.287,0.0536,0.1186,0.054,0.1032,Everyday Essentials Loyalists
C04471,31-40,East,Classic,52,14,12377.74,884.12,7,284,0.2011,0.2124,0.0914,0.0771,0.0932,0.2092,0.0,0.1155,Lapsed / Dormant
C04472,21-30,North,Platinum,39,177,221817.46,1253.21,8,1,0.0759,0.0595,0.1797,0.354,0.0055,0.1419,0.0621,0.1215,Everyday Essentials Loyalists
C04473,21-30,North,Classic,3,126,229197.3,1819.03,8,1,0.0997,0.2613,0.0865,0.0485,0.05,0.3084,0.0718,0.0738,Digital Shoppers (New)
C04474,21-30,North,Classic,55,110,965784.05,8779.85,8,5,0.102,0.0628,0.008,0.0756,0.0245,0.1398,0.5752,0.012,Premium Travel & Dining Elite
C04475,31-40,South,Classic,21,121,231348.32,1911.97,8,0,0.114,0.2365,0.0578,0.0924,0.0243,0.3228,0.1252,0.027,Digital Shoppers (New)
C04476,41-50,West,Classic,10,123,265833.25,2161.25,8,3,0.0684,0.1978,0.0473,0.0354,0.0427,0.301,0.275,0.0325,Digital Shoppers (New)
C04477,31-40,South,Classic,10,112,219355.21,1958.53,8,1,0.1243,0.1703,0.0312,0.0371,0.0671,0.3884,0.1584,0.0232,Digital Shoppers (New)
C04478,41-50,West,Classic,26,173,197503.07,1141.64,8,1,0.0989,0.0766,0.2363,0.2585,0.0624,0.0894,0.0677,0.1101,Everyday Essentials Loyalists
C04479,21-30,South,Classic,30,39,41040.79,1052.33,7,16,0.1176,0.0393,0.1286,0.3478,0.0485,0.0869,0.0,0.2314,Low-Engagement Occasional
C04480,31-40,West,Gold,36,38,54658.98,1438.39,7,168,0.1411,0.0222,0.2647,0.2142,0.0,0.1191,0.2011,0.0374,Lapsed / Dormant
C04481,41-50,West,Gold,23,114,217163.96,1904.95,8,1,0.1014,0.1992,0.0745,0.0595,0.083,0.3075,0.1018,0.0731,Digital Shoppers (New)
C04482,41-50,South,Platinum,6,141,249855.21,1772.02,8,0,0.0953,0.2558,0.0145,0.0324,0.0761,0.3587,0.1057,0.0615,Digital Shoppers (New)
C04483,51+,West,Classic,27,42,64256.31,1529.91,8,8,0.0375,0.0926,0.1879,0.0749,0.0489,0.1625,0.1973,0.1984,Low-Engagement Occasional
C04484,31-40,East,Classic,63,164,200703.5,1223.8,8,8,0.1053,0.0721,0.1803,0.3222,0.0301,0.1,0.124,0.066,Everyday Essentials Loyalists
C04485,31-40,West,Gold,44,21,26923.69,1282.08,8,285,0.029,0.0623,0.1737,0.1746,0.0148,0.1342,0.322,0.0895,Lapsed / Dormant
C04486,41-50,North,Gold,37,165,178957.01,1084.59,8,1,0.0856,0.0644,0.1946,0.2998,0.0268,0.1067,0.0862,0.1359,Everyday Essentials Loyalists
C04487,21-30,East,Classic,35,27,34928.77,1293.66,8,0,0.0477,0.0395,0.035,0.1365,0.188,0.227,0.0889,0.2373,Low-Engagement Occasional
C04488,41-50,South,Platinum,42,114,958195.74,8405.23,7,0,0.1636,0.0864,0.0,0.0624,0.0384,0.1274,0.4797,0.0422,Premium Travel & Dining Elite
C04489,31-40,West,Gold,54,140,168798.88,1205.71,8,3,0.1264,0.0242,0.1645,0.317,0.0076,0.073,0.1507,0.1366,Everyday Essentials Loyalists
C04490,21-30,West,Gold,23,149,253402.45,1700.69,8,1,0.1267,0.225,0.0354,0.0457,0.0552,0.3369,0.0977,0.0774,Digital Shoppers (New)
C04491,41-50,South,Gold,19,134,295530.04,2205.45,8,8,0.0596,0.1044,0.064,0.0648,0.0551,0.3063,0.2516,0.0942,Digital Shoppers (New)
C04492,41-50,West,Classic,3,27,37983.7,1406.8,7,1,0.0459,0.1792,0.2508,0.1666,0.1032,0.2024,0.0,0.0519,Low-Engagement Occasional
C04493,51+,West,Platinum,45,18,24938.61,1385.48,8,268,0.1068,0.0934,0.0398,0.1842,0.0982,0.2157,0.0716,0.1903,Lapsed / Dormant
C04494,51+,East,Platinum,47,106,837573.09,7901.63,8,2,0.1108,0.0631,0.0252,0.0378,0.0412,0.158,0.48,0.084,Premium Travel & Dining Elite
C04495,31-40,North,Classic,53,148,171347.39,1157.75,8,1,0.1035,0.0407,0.203,0.2486,0.0761,0.1254,0.0912,0.1115,Everyday Essentials Loyalists
C04496,41-50,North,Classic,52,170,210600.42,1238.83,8,8,0.0409,0.0594,0.2385,0.3062,0.0278,0.0752,0.1683,0.0837,Everyday Essentials Loyalists
C04497,51+,North,Classic,17,119,209892.05,1763.8,8,8,0.0923,0.2155,0.0075,0.0263,0.1039,0.3784,0.0389,0.1371,Digital Shoppers (New)
C04498,21-30,North,Classic,3,123,213954.27,1739.47,8,1,0.0875,0.2108,0.0153,0.099,0.0575,0.3284,0.1448,0.0567,Digital Shoppers (New)
C04499,31-40,West,Gold,44,30,40927.49,1364.25,7,1,0.0951,0.1826,0.1171,0.1492,0.0609,0.1014,0.0,0.2937,Low-Engagement Occasional
C04500,51+,North,Gold,27,38,59302.45,1560.59,8,4,0.1001,0.1181,0.1552,0.0523,0.1228,0.2177,0.0219,0.212,Low-Engagement Occasional
C04501,21-30,East,Platinum,78,112,835364.01,7458.61,8,2,0.1738,0.1212,0.0665,0.0467,0.0581,0.1146,0.387,0.0321,Premium Travel & Dining Elite
C04502,51+,East,Gold,16,166,307461.21,1852.18,8,2,0.1088,0.2519,0.0306,0.0824,0.0556,0.3748,0.0399,0.0561,Digital Shoppers (New)
C04503,31-40,East,Gold,19,137,289389.74,2112.33,8,2,0.1904,0.2499,0.0358,0.0738,0.0882,0.1937,0.1145,0.0537,Digital Shoppers (New)
C04504,51+,North,Classic,9,142,258228.25,1818.51,8,0,0.1506,0.1877,0.0244,0.0555,0.0588,0.3116,0.0733,0.1381,Digital Shoppers (New)
C04505,41-50,East,Platinum,74,110,919350.37,8357.73,8,0,0.1624,0.0844,0.0239,0.0526,0.0438,0.1362,0.481,0.0157,Premium Travel & Dining Elite
C04506,41-50,East,Gold,48,174,213090.3,1224.66,8,3,0.0698,0.044,0.2149,0.3041,0.012,0.1428,0.1329,0.0795,Everyday Essentials Loyalists
C04507,41-50,East,Classic,56,183,216581.89,1183.51,8,3,0.0725,0.0553,0.246,0.27,0.0329,0.054,0.1017,0.1677,Everyday Essentials Loyalists
C04508,21-30,North,Gold,43,175,195224.88,1115.57,8,4,0.0921,0.0379,0.1781,0.3068,0.0407,0.0426,0.112,0.1898,Everyday Essentials Loyalists
C04509,41-50,West,Classic,29,32,37237.8,1163.68,7,19,0.086,0.0,0.0724,0.186,0.0186,0.4016,0.0713,0.1642,Low-Engagement Occasional
C04510,51+,North,Platinum,47,171,192787.5,1127.41,8,0,0.0711,0.0616,0.1876,0.3488,0.065,0.1498,0.0369,0.0792,Everyday Essentials Loyalists
C04511,51+,East,Classic,28,150,285771.01,1905.14,8,0,0.1127,0.2048,0.0547,0.0383,0.0852,0.3369,0.1177,0.0496,Digital Shoppers (New)
C04512,51+,South,Classic,24,147,296867.98,2019.51,8,0,0.1306,0.1782,0.0132,0.074,0.0542,0.3573,0.1401,0.0523,Digital Shoppers (New)
C04513,41-50,North,Classic,49,31,41725.45,1345.98,8,202,0.1816,0.098,0.1118,0.1286,0.0112,0.184,0.2528,0.0319,Lapsed / Dormant
C04514,41-50,West,Gold,41,92,722552.66,7853.83,7,3,0.2194,0.0807,0.0,0.0525,0.0684,0.1435,0.4309,0.0046,Premium Travel & Dining Elite
C04515,31-40,North,Platinum,68,124,1110839.4,8958.38,8,11,0.1184,0.0618,0.0235,0.0706,0.016,0.1725,0.5039,0.0334,Premium Travel & Dining Elite
C04516,41-50,West,Platinum,27,158,169915.96,1075.42,8,0,0.115,0.0456,0.2055,0.26,0.0196,0.0865,0.027,0.2407,Everyday Essentials Loyalists
C04517,41-50,West,Gold,42,174,208027.39,1195.56,8,0,0.0754,0.0639,0.1717,0.2984,0.0501,0.0755,0.1463,0.1187,Everyday Essentials Loyalists
C04518,21-30,South,Gold,40,210,251470.34,1197.48,8,0,0.131,0.0926,0.2239,0.2091,0.0268,0.0753,0.1219,0.1193,Everyday Essentials Loyalists
C04519,21-30,South,Classic,15,25,34227.54,1369.1,8,6,0.1002,0.1291,0.0877,0.1397,0.0731,0.1694,0.0385,0.2624,Low-Engagement Occasional
C04520,41-50,North,Gold,45,154,166862.02,1083.52,8,0,0.0799,0.0346,0.207,0.3153,0.0192,0.1573,0.0883,0.0985,Everyday Essentials Loyalists
C04521,31-40,West,Platinum,81,103,875990.63,8504.76,8,4,0.1475,0.0538,0.0139,0.0956,0.0237,0.123,0.4739,0.0686,Premium Travel & Dining Elite
C04522,31-40,East,Classic,38,172,202395.02,1176.72,8,2,0.0826,0.0459,0.2145,0.3255,0.0417,0.0947,0.0361,0.159,Everyday Essentials Loyalists
C04523,21-30,North,Gold,37,34,43179.27,1269.98,8,2,0.094,0.0172,0.0812,0.2361,0.0637,0.1507,0.0298,0.3272,Low-Engagement Occasional
C04524,41-50,South,Classic,53,31,37788.59,1218.99,8,0,0.1065,0.1007,0.2009,0.1635,0.0927,0.1534,0.0428,0.1395,Low-Engagement Occasional
C04525,51+,North,Gold,38,40,69501.35,1737.53,8,15,0.1448,0.0441,0.0685,0.3093,0.0522,0.0914,0.0922,0.1974,Low-Engagement Occasional
C04526,41-50,East,Classic,7,137,276400.98,2017.53,8,1,0.0574,0.1632,0.0551,0.0691,0.0677,0.332,0.2017,0.0539,Digital Shoppers (New)
C04527,51+,South,Gold,32,25,41632.78,1665.31,8,2,0.0229,0.0928,0.1119,0.0879,0.1185,0.2385,0.1956,0.1319,Low-Engagement Occasional
C04528,51+,North,Classic,34,27,33193.18,1229.38,8,17,0.1319,0.1992,0.0696,0.1401,0.0689,0.0525,0.1261,0.2117,Low-Engagement Occasional
C04529,21-30,West,Classic,56,162,178251.08,1100.32,8,0,0.0504,0.0637,0.1894,0.3712,0.0587,0.0649,0.0306,0.1712,Everyday Essentials Loyalists
C04530,21-30,North,Classic,26,140,271212.71,1937.23,8,0,0.11,0.259,0.0483,0.0648,0.0729,0.31,0.0916,0.0435,Digital Shoppers (New)
C04531,21-30,South,Classic,3,24,37518.2,1563.26,7,34,0.0784,0.0885,0.0396,0.2193,0.1292,0.0,0.2288,0.2163,Low-Engagement Occasional
C04532,21-30,East,Classic,33,184,215241.03,1169.79,8,4,0.0815,0.0307,0.2121,0.2516,0.0694,0.0837,0.1485,0.1226,Everyday Essentials Loyalists
C04533,31-40,West,Gold,13,128,254908.01,1991.47,8,5,0.1053,0.2046,0.0394,0.0737,0.0761,0.2795,0.1636,0.0578,Digital Shoppers (New)
C04534,31-40,South,Classic,3,139,274460.06,1974.53,8,1,0.0706,0.2717,0.0399,0.0754,0.0757,0.3747,0.0355,0.0564,Digital Shoppers (New)
C04535,51+,West,Classic,3,113,219157.9,1939.45,8,0,0.1299,0.243,0.0736,0.0978,0.0896,0.2699,0.0727,0.0235,Digital Shoppers (New)
C04536,41-50,South,Gold,52,101,803763.75,7958.06,8,10,0.0814,0.0764,0.0159,0.064,0.0461,0.2228,0.4717,0.0217,Premium Travel & Dining Elite
C04537,31-40,West,Classic,29,37,47326.95,1279.11,8,18,0.1914,0.0784,0.0941,0.1391,0.0619,0.1723,0.1212,0.1417,Low-Engagement Occasional
C04538,51+,North,Classic,42,38,50099.52,1318.41,8,185,0.1123,0.0579,0.0646,0.1766,0.0791,0.1823,0.2882,0.039,Lapsed / Dormant
C04539,51+,West,Gold,32,172,190286.37,1106.32,8,3,0.1478,0.0671,0.1892,0.2679,0.0382,0.0685,0.0874,0.1338,Everyday Essentials Loyalists
C04540,41-50,North,Gold,42,174,202629.93,1164.54,8,2,0.1151,0.0443,0.228,0.2592,0.0385,0.0756,0.0995,0.1398,Everyday Essentials Loyalists
C04541,41-50,West,Platinum,63,84,655855.73,7807.81,7,5,0.0787,0.1233,0.0,0.0709,0.0085,0.2035,0.4748,0.0403,Premium Travel & Dining Elite
C04542,51+,West,Gold,55,105,814766.86,7759.68,8,1,0.2016,0.0823,0.0147,0.0772,0.0151,0.1774,0.3966,0.0351,Premium Travel & Dining Elite
C04543,41-50,South,Classic,61,24,25990.39,1082.93,7,233,0.1677,0.0597,0.0698,0.146,0.1456,0.2825,0.0,0.1287,Lapsed / Dormant
C04544,51+,South,Platinum,14,126,246691.62,1957.87,8,4,0.075,0.1557,0.036,0.0712,0.0823,0.3822,0.1595,0.0382,Digital Shoppers (New)
C04545,21-30,East,Classic,33,156,186882.94,1197.97,8,0,0.1454,0.0684,0.1423,0.3431,0.0077,0.0889,0.0617,0.1425,Everyday Essentials Loyalists
C04546,31-40,North,Platinum,30,163,175129.12,1074.41,8,0,0.1037,0.0526,0.1649,0.3605,0.0377,0.1181,0.0484,0.1141,Everyday Essentials Loyalists
C04547,31-40,East,Gold,45,41,50639.67,1235.11,8,132,0.0506,0.1311,0.1204,0.2111,0.2192,0.1802,0.01,0.0774,Low-Engagement Occasional
C04548,21-30,East,Classic,53,165,174576.87,1058.04,8,4,0.0831,0.0635,0.1771,0.4121,0.025,0.0746,0.0308,0.1338,Everyday Essentials Loyalists
C04549,21-30,South,Classic,21,31,52630.25,1697.75,8,10,0.0642,0.1476,0.0663,0.1329,0.0862,0.1039,0.0915,0.3074,Low-Engagement Occasional
C04550,21-30,North,Gold,47,199,224384.61,1127.56,8,0,0.1174,0.0482,0.1523,0.2391,0.0483,0.1093,0.0871,0.1984,Everyday Essentials Loyalists
C04551,31-40,West,Gold,60,120,894704.83,7455.87,8,2,0.2502,0.0975,0.0199,0.0305,0.0413,0.1511,0.3832,0.0264,Premium Travel & Dining Elite
C04552,21-30,North,Classic,49,18,18315.09,1017.5,7,8,0.0838,0.0401,0.2041,0.3699,0.1105,0.0747,0.0,0.1169,Low-Engagement Occasional
C04553,31-40,East,Gold,63,121,993125.17,8207.65,8,6,0.2265,0.0774,0.041,0.0426,0.0248,0.2225,0.351,0.0144,Premium Travel & Dining Elite
C04554,41-50,North,Classic,23,30,46213.25,1540.44,8,21,0.0304,0.0828,0.0197,0.2039,0.1018,0.2164,0.1778,0.1673,Low-Engagement Occasional
C04555,41-50,North,Gold,49,194,212225.19,1093.94,8,1,0.1201,0.0591,0.146,0.3258,0.0721,0.0855,0.0908,0.1006,Everyday Essentials Loyalists
C04556,41-50,North,Gold,37,39,51153.44,1311.63,8,10,0.1535,0.0617,0.025,0.1834,0.1989,0.1331,0.1419,0.1026,Low-Engagement Occasional
C04557,21-30,South,Platinum,26,41,57701.56,1407.36,8,5,0.0756,0.0946,0.166,0.1929,0.0477,0.1522,0.1195,0.1516,Low-Engagement Occasional
C04558,41-50,East,Classic,18,23,31231.8,1357.9,8,1,0.0496,0.0364,0.234,0.076,0.1065,0.1658,0.2222,0.1094,Low-Engagement Occasional
C04559,21-30,South,Platinum,65,106,861863.64,8130.79,8,2,0.1555,0.0491,0.0351,0.0472,0.0638,0.1563,0.4548,0.0381,Premium Travel & Dining Elite
C04560,31-40,East,Classic,30,37,61430.01,1660.27,8,2,0.0959,0.0165,0.0337,0.139,0.1397,0.223,0.1119,0.2404,Low-Engagement Occasional
C04561,31-40,East,Classic,32,15,16047.15,1069.81,8,279,0.1775,0.0572,0.038,0.2528,0.0627,0.0732,0.1154,0.2232,Lapsed / Dormant
C04562,51+,North,Classic,44,155,181666.73,1172.04,8,2,0.1052,0.057,0.1507,0.3092,0.0752,0.0538,0.1377,0.1111,Everyday Essentials Loyalists
C04563,51+,North,Gold,35,172,196648.46,1143.31,8,4,0.1223,0.0812,0.19,0.2457,0.0246,0.1071,0.082,0.1472,Everyday Essentials Loyalists
C04564,41-50,East,Classic,14,24,39279.85,1636.66,8,5,0.0968,0.1433,0.0234,0.078,0.0783,0.1474,0.24,0.193,Low-Engagement Occasional
C04565,41-50,East,Gold,38,162,165192.46,1019.71,8,0,0.1507,0.0795,0.18,0.3128,0.0238,0.0763,0.053,0.124,Everyday Essentials Loyalists
C04566,31-40,East,Classic,42,32,53345.54,1667.05,8,28,0.0626,0.0127,0.0239,0.4319,0.0867,0.0344,0.238,0.1099,Low-Engagement Occasional
C04567,41-50,North,Classic,42,29,39463.18,1360.8,8,12,0.0627,0.0475,0.0651,0.1817,0.0626,0.1684,0.1071,0.305,Low-Engagement Occasional
C04568,21-30,West,Platinum,69,106,900799.79,8498.11,8,5,0.1493,0.0918,0.0231,0.0254,0.0213,0.1251,0.5407,0.0233,Premium Travel & Dining Elite
C04569,31-40,North,Classic,16,117,222888.27,1905.03,8,0,0.0907,0.3028,0.0315,0.028,0.0269,0.4276,0.049,0.0436,Digital Shoppers (New)
C04570,51+,East,Classic,19,140,270578.44,1932.7,8,8,0.1228,0.1949,0.0459,0.0157,0.0984,0.3277,0.133,0.0615,Digital Shoppers (New)
C04571,51+,North,Classic,42,195,222927.33,1143.22,8,0,0.0869,0.043,0.2033,0.3221,0.0263,0.0952,0.1017,0.1214,Everyday Essentials Loyalists
C04572,31-40,East,Gold,36,31,43298.0,1396.71,7,230,0.2299,0.1347,0.1232,0.1443,0.0,0.16,0.145,0.0629,Lapsed / Dormant
C04573,21-30,South,Platinum,32,152,174707.6,1149.39,8,2,0.0815,0.043,0.2065,0.3233,0.0218,0.0894,0.1192,0.1153,Everyday Essentials Loyalists
C04574,21-30,West,Platinum,35,185,212235.82,1147.22,8,0,0.1175,0.0591,0.147,0.3761,0.0214,0.077,0.0315,0.1704,Everyday Essentials Loyalists
C04575,31-40,North,Classic,44,34,42906.78,1261.96,8,2,0.0286,0.1196,0.1754,0.2961,0.0575,0.1153,0.0829,0.1247,Low-Engagement Occasional
C04576,21-30,East,Gold,52,188,209697.01,1115.41,8,1,0.0584,0.0392,0.1909,0.3655,0.0384,0.0817,0.0533,0.1727,Everyday Essentials Loyalists
C04577,41-50,North,Classic,19,34,48820.1,1435.89,8,1,0.0991,0.1859,0.0706,0.1562,0.048,0.0743,0.1233,0.2426,Low-Engagement Occasional
C04578,21-30,East,Classic,60,125,990694.63,7925.56,8,0,0.1357,0.0828,0.019,0.0626,0.0195,0.1654,0.4749,0.0401,Premium Travel & Dining Elite
C04579,21-30,North,Platinum,9,137,274116.95,2000.85,8,0,0.0804,0.2158,0.0558,0.0251,0.0392,0.3189,0.1574,0.1074,Digital Shoppers (New)
C04580,31-40,North,Gold,58,96,777605.51,8100.06,8,7,0.1423,0.0581,0.0186,0.0604,0.0433,0.1836,0.4867,0.0069,Premium Travel & Dining Elite
C04581,41-50,West,Gold,24,34,49067.49,1443.16,8,11,0.1071,0.0776,0.0551,0.2076,0.0433,0.2564,0.1196,0.1335,Low-Engagement Occasional
C04582,31-40,North,Gold,44,33,52395.07,1587.73,8,13,0.1717,0.0546,0.1357,0.1932,0.0153,0.0997,0.1348,0.195,Low-Engagement Occasional
C04583,31-40,North,Gold,29,34,46593.67,1370.4,8,5,0.1293,0.0925,0.1604,0.1502,0.1525,0.0469,0.0459,0.2222,Low-Engagement Occasional
C04584,41-50,West,Classic,50,25,34551.5,1382.06,7,229,0.131,0.0676,0.0997,0.2735,0.0,0.1862,0.0955,0.1465,Lapsed / Dormant
C04585,41-50,West,Classic,32,26,37417.24,1439.12,8,2,0.0447,0.0577,0.1018,0.1956,0.0746,0.0803,0.1866,0.2587,Low-Engagement Occasional
C04586,31-40,West,Platinum,19,26,33634.58,1293.64,8,25,0.094,0.1135,0.0967,0.3098,0.1183,0.1585,0.0781,0.0311,Low-Engagement Occasional
C04587,41-50,South,Gold,15,130,228033.51,1754.1,8,3,0.165,0.1921,0.0361,0.0906,0.0619,0.29,0.1119,0.0524,Digital Shoppers (New)
C04588,31-40,South,Gold,58,20,30620.58,1531.03,8,259,0.0532,0.0596,0.1043,0.1468,0.1191,0.1015,0.3098,0.1056,Lapsed / Dormant
C04589,41-50,West,Classic,28,121,231290.35,1911.49,8,1,0.1107,0.2332,0.0328,0.0637,0.072,0.3398,0.0584,0.0894,Digital Shoppers (New)
C04590,31-40,North,Platinum,36,51,70822.86,1388.68,8,155,0.1857,0.0874,0.0765,0.1512,0.0749,0.1718,0.1737,0.0789,Lapsed / Dormant
C04591,51+,West,Classic,26,162,177559.97,1096.05,8,0,0.0981,0.0348,0.1551,0.3287,0.0487,0.0759,0.0423,0.2164,Everyday Essentials Loyalists
C04592,51+,North,Classic,14,120,230838.15,1923.65,8,0,0.1359,0.2043,0.0293,0.0381,0.0664,0.3069,0.0837,0.1354,Digital Shoppers (New)
C04593,41-50,West,Gold,41,26,45332.14,1743.54,7,3,0.0,0.0942,0.0304,0.2879,0.1232,0.3412,0.0748,0.0482,Low-Engagement Occasional
C04594,51+,East,Classic,45,175,208896.46,1193.69,8,0,0.1016,0.0591,0.1646,0.2813,0.0391,0.0962,0.093,0.165,Everyday Essentials Loyalists
C04595,21-30,South,Classic,48,175,186827.4,1067.59,8,0,0.1185,0.0659,0.1694,0.3516,0.0147,0.0832,0.0586,0.138,Everyday Essentials Loyalists
C04596,41-50,South,Classic,34,25,30511.97,1220.48,6,214,0.0719,0.0886,0.2653,0.3191,0.0,0.1359,0.0,0.1191,Lapsed / Dormant
C04597,21-30,North,Classic,36,173,205999.25,1190.75,8,0,0.0819,0.041,0.1831,0.3076,0.0643,0.1123,0.089,0.1209,Everyday Essentials Loyalists
C04598,31-40,South,Classic,20,180,204767.6,1137.6,8,0,0.112,0.0606,0.2479,0.2371,0.0142,0.1021,0.1275,0.0986,Everyday Essentials Loyalists
C04599,31-40,West,Classic,40,164,194032.83,1183.13,8,0,0.0888,0.0683,0.2084,0.2445,0.0523,0.0794,0.1033,0.1551,Everyday Essentials Loyalists
C04600,41-50,South,Gold,20,188,199566.47,1061.52,8,0,0.1373,0.0548,0.193,0.3362,0.0343,0.1039,0.0422,0.0983,Everyday Essentials Loyalists
C04601,41-50,South,Classic,27,121,246981.66,2041.17,8,0,0.14,0.3071,0.0318,0.0278,0.0269,0.3159,0.0826,0.0679,Digital Shoppers (New)
C04602,51+,North,Gold,63,32,44059.04,1376.85,8,225,0.18,0.1378,0.1104,0.0447,0.023,0.15,0.2546,0.0996,Lapsed / Dormant
C04603,31-40,East,Gold,49,40,48235.26,1205.88,8,162,0.15,0.0431,0.1303,0.1474,0.0595,0.2242,0.1069,0.1387,Lapsed / Dormant
C04604,51+,South,Classic,3,130,248791.45,1913.78,8,0,0.1588,0.1879,0.0339,0.0379,0.0422,0.3657,0.1413,0.0323,Digital Shoppers (New)
C04605,51+,North,Gold,33,38,59127.53,1555.99,8,35,0.1198,0.112,0.1523,0.0826,0.1138,0.0726,0.1037,0.2431,Low-Engagement Occasional
C04606,41-50,West,Gold,60,179,217591.01,1215.59,8,3,0.0696,0.023,0.1726,0.2614,0.0371,0.0594,0.1982,0.1788,Everyday Essentials Loyalists
C04607,21-30,South,Gold,34,27,37402.26,1385.27,8,19,0.013,0.047,0.0616,0.1797,0.0744,0.1894,0.2177,0.2171,Low-Engagement Occasional
C04608,31-40,South,Classic,53,167,187316.43,1121.66,8,0,0.0741,0.0836,0.142,0.3696,0.0197,0.0688,0.0765,0.1658,Everyday Essentials Loyalists
C04609,41-50,West,Gold,55,100,836510.95,8365.11,8,1,0.195,0.1409,0.0303,0.0573,0.047,0.1406,0.3335,0.0555,Premium Travel & Dining Elite
C04610,51+,South,Gold,39,34,37368.68,1099.08,8,208,0.0956,0.0834,0.1207,0.1935,0.0651,0.1555,0.0743,0.2118,Lapsed / Dormant
C04611,21-30,West,Classic,47,14,17361.86,1240.13,7,292,0.035,0.0,0.3222,0.0559,0.1051,0.1041,0.23,0.1477,Lapsed / Dormant
C04612,31-40,East,Classic,22,173,194733.46,1125.63,8,6,0.0987,0.0421,0.209,0.3507,0.0347,0.0755,0.0623,0.1269,Everyday Essentials Loyalists
C04613,31-40,East,Gold,52,28,41711.67,1489.7,7,45,0.1063,0.0834,0.142,0.219,0.1235,0.0,0.1724,0.1534,Low-Engagement Occasional
C04614,31-40,North,Classic,15,145,306890.6,2116.49,8,2,0.1181,0.3265,0.0393,0.0532,0.0626,0.2502,0.0793,0.0709,Digital Shoppers (New)
C04615,41-50,North,Gold,50,156,171873.07,1101.75,8,8,0.072,0.0763,0.1698,0.2854,0.0567,0.147,0.0546,0.1382,Everyday Essentials Loyalists
C04616,21-30,South,Classic,37,152,179855.84,1183.26,8,1,0.0917,0.0989,0.1637,0.2871,0.0274,0.1042,0.1217,0.1053,Everyday Essentials Loyalists
C04617,31-40,North,Gold,44,101,859962.62,8514.48,7,4,0.1807,0.0477,0.0,0.0546,0.0467,0.1635,0.4773,0.0296,Premium Travel & Dining Elite
C04618,41-50,North,Platinum,28,132,272465.5,2064.13,8,2,0.0938,0.1525,0.0506,0.0474,0.0405,0.3707,0.1753,0.0693,Digital Shoppers (New)
C04619,31-40,East,Classic,3,138,268096.08,1942.73,8,2,0.0955,0.3203,0.0347,0.0053,0.0309,0.3423,0.1458,0.0253,Digital Shoppers (New)
C04620,21-30,West,Gold,17,143,283236.22,1980.67,8,1,0.1372,0.2673,0.0417,0.0574,0.0659,0.3021,0.0947,0.0337,Digital Shoppers (New)
C04621,41-50,North,Classic,46,173,226031.87,1306.54,8,3,0.0623,0.0494,0.1555,0.3215,0.0451,0.1187,0.1239,0.1237,Everyday Essentials Loyalists
C04622,31-40,West,Gold,48,32,44012.37,1375.39,8,198,0.0474,0.1398,0.009,0.0616,0.0732,0.2579,0.2169,0.1941,Lapsed / Dormant
C04623,51+,West,Classic,6,136,276660.83,2034.27,8,0,0.1177,0.1683,0.0792,0.1152,0.0388,0.3629,0.0774,0.0405,Digital Shoppers (New)
C04624,41-50,West,Classic,46,39,46658.12,1196.36,7,214,0.0987,0.1473,0.0892,0.2358,0.0,0.2073,0.1164,0.1054,Lapsed / Dormant
C04625,51+,West,Platinum,50,104,960317.36,9233.82,8,9,0.1051,0.0756,0.0101,0.0641,0.037,0.1325,0.5363,0.0393,Premium Travel & Dining Elite
C04626,21-30,West,Classic,22,122,234367.1,1921.04,8,2,0.1874,0.17,0.0395,0.0285,0.053,0.2989,0.1786,0.0441,Digital Shoppers (New)
C04627,41-50,North,Platinum,35,30,39672.65,1322.42,7,2,0.0838,0.1119,0.039,0.2544,0.0782,0.0,0.1931,0.2395,Low-Engagement Occasional
C04628,31-40,South,Classic,41,165,193363.21,1171.9,8,0,0.1169,0.0282,0.2635,0.2631,0.0355,0.1245,0.0473,0.121,Everyday Essentials Loyalists
C04629,41-50,West,Classic,36,163,184704.66,1133.16,8,1,0.0743,0.0269,0.1799,0.3279,0.0786,0.0789,0.0659,0.1677,Everyday Essentials Loyalists
C04630,31-40,East,Platinum,63,157,174174.4,1109.39,8,0,0.0704,0.043,0.1693,0.2504,0.0337,0.1019,0.1236,0.2077,Everyday Essentials Loyalists
C04631,21-30,West,Gold,28,170,210307.21,1237.1,8,3,0.0912,0.0326,0.1881,0.3312,0.0275,0.0606,0.1192,0.1496,Everyday Essentials Loyalists
C04632,21-30,West,Platinum,3,143,268615.22,1878.43,8,0,0.1302,0.2245,0.0066,0.0742,0.0537,0.3517,0.108,0.0512,Digital Shoppers (New)
C04633,41-50,North,Classic,41,178,207069.01,1163.31,8,0,0.1607,0.0763,0.1634,0.2849,0.0266,0.0712,0.0364,0.1805,Everyday Essentials Loyalists
C04634,41-50,South,Classic,39,161,201687.58,1252.72,8,3,0.1385,0.0809,0.1432,0.3079,0.0353,0.0863,0.0996,0.1084,Everyday Essentials Loyalists
C04635,21-30,East,Platinum,24,133,260061.87,1955.35,8,7,0.1104,0.2029,0.0295,0.0828,0.0771,0.3545,0.0702,0.0726,Digital Shoppers (New)
C04636,41-50,North,Platinum,66,92,719686.5,7822.68,8,6,0.1749,0.0212,0.0222,0.0443,0.0347,0.1635,0.5305,0.0088,Premium Travel & Dining Elite
C04637,41-50,East,Classic,42,180,184770.43,1026.5,8,0,0.1132,0.0673,0.2233,0.2933,0.0295,0.1304,0.035,0.1078,Everyday Essentials Loyalists
C04638,31-40,West,Gold,35,38,50329.32,1324.46,8,33,0.11,0.1084,0.0942,0.1782,0.2012,0.0883,0.1174,0.1023,Low-Engagement Occasional
C04639,31-40,East,Gold,46,163,179766.9,1102.86,8,0,0.0849,0.0471,0.1916,0.3292,0.0349,0.1051,0.0966,0.1106,Everyday Essentials Loyalists
C04640,51+,North,Classic,63,180,215518.42,1197.32,8,2,0.0611,0.0444,0.2299,0.3219,0.0698,0.1028,0.0929,0.0772,Everyday Essentials Loyalists
C04641,41-50,West,Platinum,44,171,202085.01,1181.78,8,2,0.1239,0.0368,0.1279,0.3032,0.026,0.0916,0.1029,0.1878,Everyday Essentials Loyalists
C04642,41-50,North,Classic,53,111,936220.79,8434.42,8,9,0.152,0.0692,0.0056,0.058,0.037,0.186,0.4253,0.067,Premium Travel & Dining Elite
C04643,41-50,West,Platinum,15,131,243630.03,1859.77,8,6,0.1319,0.2581,0.0518,0.0764,0.0869,0.2852,0.0946,0.015,Digital Shoppers (New)
C04644,41-50,North,Gold,33,104,901888.51,8672.0,8,3,0.0548,0.0722,0.0406,0.091,0.0205,0.1006,0.6053,0.0151,Premium Travel & Dining Elite
C04645,21-30,West,Gold,41,161,176007.77,1093.22,8,2,0.0503,0.1052,0.23,0.3028,0.0345,0.0899,0.0413,0.146,Everyday Essentials Loyalists
C04646,51+,South,Gold,58,30,45023.84,1500.79,8,247,0.0946,0.0748,0.0794,0.2132,0.0488,0.1587,0.1792,0.1513,Lapsed / Dormant
C04647,31-40,South,Gold,54,11,11527.99,1048.0,6,290,0.2743,0.2703,0.0176,0.1354,0.0,0.0798,0.2225,0.0,Lapsed / Dormant
C04648,41-50,South,Classic,44,173,197911.37,1144.0,8,1,0.0936,0.0462,0.2261,0.3618,0.0116,0.0799,0.1107,0.07,Everyday Essentials Loyalists
C04649,51+,North,Classic,48,177,184375.97,1041.67,8,0,0.0991,0.0471,0.1849,0.2619,0.0363,0.088,0.0904,0.1924,Everyday Essentials Loyalists
C04650,41-50,South,Platinum,25,108,213523.58,1977.07,8,2,0.0842,0.1909,0.0169,0.0442,0.0488,0.2981,0.3153,0.0017,Digital Shoppers (New)
C04651,31-40,West,Classic,44,41,50554.38,1233.03,8,1,0.1454,0.1179,0.0625,0.1846,0.0862,0.0736,0.0757,0.2542,Low-Engagement Occasional
C04652,21-30,West,Gold,34,30,48910.17,1630.34,8,5,0.0168,0.1758,0.124,0.1131,0.0539,0.1478,0.1915,0.177,Low-Engagement Occasional
C04653,31-40,North,Platinum,56,106,933257.22,8804.31,8,0,0.1563,0.0326,0.0396,0.0552,0.0333,0.1305,0.5165,0.0359,Premium Travel & Dining Elite
C04654,41-50,East,Platinum,36,109,828419.27,7600.18,8,0,0.1737,0.0639,0.01,0.0945,0.0217,0.1001,0.5204,0.0157,Premium Travel & Dining Elite
C04655,21-30,West,Classic,51,173,182463.95,1054.7,8,0,0.0705,0.0367,0.2386,0.3429,0.0444,0.0917,0.082,0.0932,Everyday Essentials Loyalists
C04656,21-30,West,Gold,53,43,49925.7,1161.06,8,162,0.0849,0.1316,0.1537,0.1695,0.0132,0.1405,0.1471,0.1597,Lapsed / Dormant
C04657,51+,South,Gold,49,25,32293.07,1291.72,8,238,0.0115,0.0617,0.0808,0.2153,0.0969,0.2056,0.0968,0.2313,Lapsed / Dormant
C04658,31-40,North,Classic,53,107,779294.35,7283.12,8,7,0.1848,0.1015,0.0112,0.0252,0.0584,0.1413,0.4438,0.0339,Premium Travel & Dining Elite
C04659,31-40,West,Classic,23,153,277112.07,1811.19,8,2,0.0861,0.2438,0.0434,0.0811,0.033,0.2941,0.1884,0.0301,Digital Shoppers (New)
C04660,31-40,South,Gold,39,165,180372.79,1093.17,8,2,0.0891,0.0716,0.168,0.2951,0.027,0.0807,0.0576,0.2108,Everyday Essentials Loyalists
C04661,41-50,South,Classic,29,25,36651.21,1466.05,7,42,0.0271,0.0,0.1635,0.3137,0.0828,0.1335,0.1542,0.1251,Low-Engagement Occasional
C04662,31-40,West,Gold,47,18,23042.13,1280.12,5,267,0.2211,0.0,0.2381,0.1361,0.1165,0.2882,0.0,0.0,Lapsed / Dormant
C04663,41-50,North,Classic,18,126,248059.53,1968.73,8,1,0.0707,0.2054,0.039,0.092,0.0547,0.326,0.1537,0.0585,Digital Shoppers (New)
C04664,31-40,West,Platinum,48,96,724398.77,7545.82,8,0,0.2346,0.0857,0.0338,0.0769,0.0644,0.1256,0.36,0.0189,Premium Travel & Dining Elite
C04665,21-30,North,Classic,19,148,287987.03,1945.86,8,0,0.1236,0.2121,0.0317,0.0562,0.0906,0.2971,0.1423,0.0464,Digital Shoppers (New)
C04666,31-40,West,Classic,34,175,196380.12,1122.17,8,1,0.0914,0.0754,0.1875,0.3636,0.0147,0.0764,0.0787,0.1123,Everyday Essentials Loyalists
C04667,21-30,West,Gold,23,24,32686.48,1361.94,6,17,0.1149,0.0,0.0493,0.1882,0.0,0.1677,0.232,0.248,Low-Engagement Occasional
C04668,41-50,West,Gold,50,191,209240.52,1095.5,8,2,0.118,0.045,0.1724,0.28,0.0452,0.0808,0.1182,0.1403,Everyday Essentials Loyalists
C04669,21-30,West,Gold,38,18,26744.52,1485.81,6,283,0.071,0.0192,0.0445,0.4021,0.0,0.0,0.3418,0.1214,Lapsed / Dormant
C04670,21-30,West,Classic,50,178,192528.37,1081.62,8,1,0.1103,0.0644,0.1403,0.3706,0.0259,0.1296,0.074,0.0848,Everyday Essentials Loyalists
C04671,31-40,North,Classic,43,139,149569.12,1076.04,8,2,0.1415,0.078,0.1944,0.2399,0.037,0.1192,0.0732,0.1167,Everyday Essentials Loyalists
C04672,21-30,West,Classic,25,179,200632.48,1120.85,8,0,0.0821,0.0637,0.1595,0.3249,0.0528,0.1159,0.0654,0.1357,Everyday Essentials Loyalists
C04673,31-40,West,Classic,73,100,727087.33,7270.87,8,3,0.1626,0.1236,0.0102,0.0626,0.0236,0.1807,0.4139,0.0228,Premium Travel & Dining Elite
C04674,31-40,South,Classic,45,150,181389.69,1209.26,8,2,0.0912,0.0775,0.174,0.281,0.0299,0.1035,0.0584,0.1846,Everyday Essentials Loyalists
C04675,51+,South,Classic,33,33,45982.01,1393.39,8,7,0.1416,0.11,0.1202,0.1175,0.1044,0.108,0.174,0.1243,Low-Engagement Occasional
C04676,21-30,North,Classic,52,164,189213.72,1153.74,8,0,0.1159,0.0501,0.2235,0.2726,0.0233,0.091,0.0764,0.1473,Everyday Essentials Loyalists
C04677,31-40,East,Platinum,74,128,1145101.22,8946.1,8,1,0.1626,0.0929,0.0099,0.0973,0.033,0.1362,0.426,0.0421,Premium Travel & Dining Elite
C04678,41-50,West,Gold,62,96,913021.6,9510.64,8,2,0.1468,0.048,0.0085,0.0417,0.0507,0.1308,0.5019,0.0715,Premium Travel & Dining Elite
C04679,21-30,South,Platinum,66,117,931544.08,7961.92,8,3,0.126,0.136,0.02,0.0566,0.0318,0.1209,0.4997,0.0089,Premium Travel & Dining Elite
C04680,41-50,South,Platinum,51,38,48326.15,1271.74,8,204,0.185,0.02,0.1981,0.1864,0.0124,0.2042,0.1071,0.0868,Lapsed / Dormant
C04681,51+,East,Gold,44,24,30349.44,1264.56,7,225,0.2503,0.0568,0.0652,0.1874,0.0627,0.0758,0.0,0.3018,Lapsed / Dormant
C04682,41-50,North,Platinum,44,95,818370.79,8614.43,8,2,0.0736,0.0912,0.0355,0.0776,0.0267,0.1747,0.503,0.0177,Premium Travel & Dining Elite
C04683,51+,West,Classic,32,26,40389.85,1553.46,8,3,0.0633,0.1155,0.0619,0.0702,0.3117,0.1659,0.1238,0.0877,Low-Engagement Occasional
C04684,41-50,North,Gold,43,27,33721.89,1248.96,8,18,0.1864,0.1485,0.1828,0.1582,0.022,0.1075,0.0839,0.1107,Low-Engagement Occasional
C04685,31-40,North,Platinum,53,23,34255.73,1489.38,7,181,0.0402,0.012,0.0388,0.2784,0.0,0.2512,0.36,0.0194,Lapsed / Dormant
C04686,51+,North,Classic,31,162,191009.34,1179.07,8,2,0.0764,0.0693,0.2756,0.2512,0.0261,0.0931,0.079,0.1294,Everyday Essentials Loyalists
C04687,21-30,West,Classic,52,204,235524.66,1154.53,8,3,0.131,0.039,0.1841,0.3285,0.0144,0.0583,0.1139,0.1308,Everyday Essentials Loyalists
C04688,31-40,West,Gold,10,144,279840.68,1943.34,8,2,0.1125,0.264,0.0589,0.0398,0.0862,0.2741,0.125,0.0395,Digital Shoppers (New)
C04689,41-50,North,Gold,9,33,58360.24,1768.49,6,10,0.075,0.0,0.088,0.1733,0.0,0.1324,0.3272,0.2041,Low-Engagement Occasional
C04690,51+,North,Gold,40,38,46048.56,1211.8,8,16,0.0635,0.0827,0.2022,0.2405,0.1258,0.0404,0.0762,0.1686,Low-Engagement Occasional
C04691,51+,South,Classic,4,144,282204.41,1959.75,8,1,0.1147,0.2304,0.0237,0.0349,0.0276,0.3576,0.1331,0.0779,Digital Shoppers (New)
C04692,21-30,North,Gold,59,164,176534.84,1076.43,8,0,0.081,0.0532,0.1972,0.2709,0.0401,0.0984,0.1245,0.1347,Everyday Essentials Loyalists
C04693,41-50,West,Classic,41,27,47588.32,1762.53,8,0,0.1493,0.044,0.0387,0.2384,0.1001,0.1036,0.1641,0.1619,Low-Engagement Occasional
C04694,21-30,North,Gold,27,29,40761.09,1405.55,8,2,0.0875,0.0342,0.1131,0.1963,0.0316,0.1027,0.1573,0.2774,Low-Engagement Occasional
C04695,41-50,South,Classic,46,160,206262.6,1289.14,8,4,0.105,0.056,0.2054,0.2797,0.0569,0.0618,0.0928,0.1424,Everyday Essentials Loyalists
C04696,41-50,South,Platinum,54,38,42915.86,1129.36,8,7,0.0825,0.1093,0.1994,0.2757,0.0389,0.1549,0.0966,0.0429,Low-Engagement Occasional
C04697,21-30,South,Classic,52,162,188997.72,1166.65,8,0,0.0835,0.0606,0.2275,0.3667,0.0403,0.0476,0.0827,0.0912,Everyday Essentials Loyalists
C04698,41-50,South,Gold,16,115,218678.67,1901.55,8,1,0.1082,0.2545,0.0421,0.0608,0.0535,0.3209,0.0888,0.0712,Digital Shoppers (New)
C04699,31-40,North,Gold,42,150,258064.77,1720.43,8,1,0.1049,0.1921,0.0523,0.0682,0.0242,0.3298,0.1898,0.0385,Digital Shoppers (New)
C04700,31-40,North,Classic,31,34,46279.13,1361.15,8,0,0.0317,0.1452,0.0198,0.1591,0.1617,0.1863,0.0975,0.1987,Low-Engagement Occasional
C04701,51+,North,Classic,53,41,49639.53,1210.72,8,157,0.2008,0.0986,0.0448,0.1033,0.02,0.1709,0.1508,0.2108,Lapsed / Dormant
C04702,41-50,North,Gold,4,147,276625.05,1881.8,8,1,0.068,0.1534,0.0534,0.0263,0.0751,0.4095,0.1791,0.0352,Digital Shoppers (New)
C04703,31-40,West,Classic,25,218,246259.96,1129.63,8,0,0.0911,0.0949,0.2093,0.2958,0.0248,0.04,0.0883,0.1558,Everyday Essentials Loyalists
C04704,21-30,North,Gold,39,191,221652.91,1160.49,8,0,0.1072,0.0504,0.2452,0.2553,0.0467,0.0839,0.0766,0.1347,Everyday Essentials Loyalists
C04705,21-30,South,Classic,60,120,1106703.79,9222.53,8,1,0.1302,0.0815,0.0291,0.0358,0.0121,0.1836,0.5035,0.0242,Premium Travel & Dining Elite
C04706,21-30,North,Gold,45,164,159761.52,974.16,8,1,0.0998,0.0288,0.1732,0.3388,0.0419,0.0669,0.0783,0.1723,Everyday Essentials Loyalists
C04707,31-40,West,Platinum,45,109,1010576.74,9271.35,8,16,0.1802,0.0729,0.0223,0.0406,0.0358,0.1721,0.4702,0.006,Premium Travel & Dining Elite
C04708,31-40,West,Gold,48,170,186266.01,1095.68,8,0,0.077,0.051,0.2334,0.3039,0.0267,0.0904,0.0883,0.1293,Everyday Essentials Loyalists
C04709,31-40,West,Gold,33,152,184091.3,1211.13,8,3,0.0734,0.0702,0.1926,0.2162,0.0429,0.0564,0.1983,0.1501,Everyday Essentials Loyalists
C04710,41-50,East,Classic,48,185,216963.35,1172.77,8,0,0.1195,0.0326,0.1964,0.3581,0.0283,0.1167,0.0341,0.1143,Everyday Essentials Loyalists
C04711,21-30,West,Gold,39,33,60395.68,1830.17,8,2,0.1825,0.029,0.0404,0.2215,0.0902,0.1838,0.0453,0.2073,Low-Engagement Occasional
C04712,41-50,South,Gold,38,161,207846.35,1290.97,8,1,0.0762,0.0603,0.2059,0.2854,0.0556,0.1664,0.0558,0.0941,Everyday Essentials Loyalists
C04713,51+,West,Classic,4,142,280671.37,1976.56,8,1,0.0789,0.2338,0.0392,0.0785,0.0575,0.3561,0.1308,0.0254,Digital Shoppers (New)
C04714,21-30,West,Gold,63,40,46656.43,1166.41,8,196,0.1269,0.0674,0.0894,0.165,0.021,0.3122,0.1553,0.0628,Lapsed / Dormant
C04715,41-50,North,Platinum,22,126,252317.77,2002.52,8,3,0.1656,0.1627,0.0147,0.0994,0.045,0.2702,0.197,0.0453,Digital Shoppers (New)
C04716,21-30,South,Classic,43,198,233642.35,1180.01,8,4,0.1265,0.0837,0.1534,0.2689,0.034,0.1255,0.0854,0.1225,Everyday Essentials Loyalists
C04717,31-40,North,Platinum,56,176,195684.45,1111.84,8,2,0.0802,0.0429,0.2816,0.2457,0.0476,0.0983,0.0564,0.1473,Everyday Essentials Loyalists
C04718,41-50,North,Classic,14,143,285347.73,1995.44,8,4,0.1344,0.1383,0.0352,0.0386,0.0409,0.412,0.1515,0.0491,Digital Shoppers (New)
C04719,21-30,West,Classic,7,153,298476.17,1950.82,8,3,0.1096,0.1621,0.0312,0.0412,0.0792,0.4829,0.0713,0.0224,Digital Shoppers (New)
C04720,31-40,North,Gold,31,162,182666.81,1127.57,8,0,0.0967,0.0462,0.1811,0.2349,0.066,0.116,0.0842,0.1749,Everyday Essentials Loyalists
C04721,51+,West,Classic,12,141,263581.85,1869.37,8,2,0.0888,0.1872,0.0297,0.0435,0.102,0.3464,0.0999,0.1025,Digital Shoppers (New)
C04722,21-30,West,Gold,21,155,282461.9,1822.33,8,0,0.0693,0.1927,0.0355,0.0587,0.0881,0.3621,0.1374,0.0561,Digital Shoppers (New)
C04723,41-50,South,Classic,55,155,177684.15,1146.35,8,0,0.1134,0.0669,0.1676,0.2698,0.0385,0.113,0.1155,0.1153,Everyday Essentials Loyalists
C04724,41-50,South,Classic,14,157,285089.78,1815.86,8,1,0.1014,0.1925,0.0272,0.0365,0.092,0.4023,0.1114,0.0367,Digital Shoppers (New)
C04725,21-30,East,Gold,72,113,872489.04,7721.14,8,9,0.1468,0.1214,0.0071,0.0578,0.0635,0.165,0.4267,0.0116,Premium Travel & Dining Elite
C04726,41-50,West,Classic,39,155,175974.09,1135.32,8,6,0.0962,0.059,0.2869,0.2807,0.0287,0.057,0.0685,0.123,Everyday Essentials Loyalists
C04727,31-40,North,Classic,22,27,38015.46,1407.98,7,0,0.1467,0.2569,0.0623,0.1596,0.0893,0.2134,0.0,0.0719,Low-Engagement Occasional
C04728,21-30,North,Platinum,28,171,186726.56,1091.97,8,3,0.108,0.0575,0.197,0.2586,0.0437,0.1064,0.0798,0.1491,Everyday Essentials Loyalists
C04729,51+,East,Classic,8,114,188741.12,1655.62,8,0,0.1529,0.302,0.0099,0.0383,0.0629,0.3337,0.0531,0.0472,Digital Shoppers (New)
C04730,31-40,West,Gold,29,194,197686.1,1019.0,8,0,0.0375,0.0745,0.2698,0.3073,0.0299,0.0673,0.035,0.1788,Everyday Essentials Loyalists
C04731,41-50,North,Classic,62,188,226151.28,1202.93,8,3,0.0882,0.0516,0.1574,0.3411,0.0522,0.0822,0.1664,0.061,Everyday Essentials Loyalists
C04732,21-30,South,Classic,52,32,48964.46,1530.14,8,213,0.128,0.1411,0.0378,0.2604,0.1214,0.0762,0.0985,0.1365,Lapsed / Dormant
C04733,21-30,West,Gold,41,177,204691.24,1156.45,8,0,0.1054,0.0371,0.1754,0.4091,0.0462,0.091,0.0153,0.1205,Everyday Essentials Loyalists
C04734,41-50,North,Gold,59,178,197362.5,1108.78,8,0,0.0916,0.059,0.2019,0.3326,0.0367,0.0761,0.044,0.1581,Everyday Essentials Loyalists
C04735,41-50,North,Classic,34,43,51276.03,1192.47,8,162,0.2187,0.0408,0.1941,0.1425,0.0747,0.2368,0.0258,0.0666,Lapsed / Dormant
C04736,31-40,East,Classic,28,35,49781.69,1422.33,7,7,0.1633,0.0639,0.0534,0.1476,0.2158,0.147,0.0,0.2091,Low-Engagement Occasional
C04737,41-50,North,Classic,49,45,69542.84,1545.4,8,4,0.0869,0.0834,0.1891,0.1277,0.0575,0.2091,0.0677,0.1787,Low-Engagement Occasional
C04738,31-40,North,Platinum,58,105,914398.93,8708.56,8,4,0.1695,0.0725,0.0157,0.0706,0.0179,0.1316,0.4968,0.0253,Premium Travel & Dining Elite
C04739,31-40,East,Gold,84,105,857942.82,8170.88,8,5,0.1513,0.0446,0.0228,0.0848,0.0414,0.0862,0.5335,0.0355,Premium Travel & Dining Elite
C04740,41-50,East,Gold,21,160,315481.26,1971.76,8,0,0.1619,0.2573,0.0088,0.0311,0.035,0.3648,0.1087,0.0325,Digital Shoppers (New)
C04741,41-50,South,Classic,55,198,229415.99,1158.67,8,2,0.0932,0.0319,0.2507,0.309,0.0384,0.0932,0.059,0.1245,Everyday Essentials Loyalists
C04742,31-40,South,Gold,55,189,216649.07,1146.29,8,0,0.0848,0.0407,0.2234,0.2822,0.0303,0.0589,0.0889,0.1906,Everyday Essentials Loyalists
C04743,41-50,East,Classic,30,31,50191.72,1619.09,7,13,0.0837,0.1751,0.0,0.1478,0.0319,0.1417,0.2639,0.1558,Low-Engagement Occasional
C04744,31-40,East,Classic,37,179,199452.25,1114.26,8,0,0.1076,0.0663,0.172,0.257,0.0231,0.0858,0.1241,0.1639,Everyday Essentials Loyalists
C04745,51+,West,Platinum,58,117,934681.63,7988.73,8,1,0.1617,0.0582,0.0059,0.0709,0.0502,0.117,0.4792,0.0569,Premium Travel & Dining Elite
C04746,41-50,West,Gold,50,104,868166.11,8347.75,8,0,0.17,0.0803,0.0516,0.0146,0.0827,0.1736,0.3743,0.0529,Premium Travel & Dining Elite
C04747,31-40,East,Gold,13,135,266095.44,1971.08,8,2,0.1331,0.265,0.032,0.0604,0.0604,0.2731,0.1198,0.0562,Digital Shoppers (New)
C04748,31-40,West,Gold,13,121,227508.15,1880.23,8,1,0.0829,0.2778,0.0329,0.0366,0.0298,0.3201,0.14,0.08,Digital Shoppers (New)
C04749,51+,West,Gold,64,33,38239.75,1158.78,8,193,0.0756,0.0325,0.1234,0.2292,0.012,0.2138,0.1208,0.1928,Lapsed / Dormant
C04750,51+,North,Platinum,65,104,867448.37,8340.85,8,2,0.2224,0.0683,0.0302,0.0682,0.024,0.201,0.377,0.0089,Premium Travel & Dining Elite
C04751,21-30,West,Gold,65,174,189880.54,1091.27,8,0,0.096,0.064,0.1777,0.3141,0.0415,0.0624,0.1281,0.1161,Everyday Essentials Loyalists
C04752,31-40,West,Classic,3,145,269602.19,1859.33,8,3,0.1208,0.1891,0.0403,0.0208,0.0695,0.4409,0.0722,0.0464,Digital Shoppers (New)
C04753,31-40,South,Classic,29,167,183926.08,1101.35,8,2,0.1245,0.0235,0.1723,0.3023,0.0468,0.1384,0.0481,0.1441,Everyday Essentials Loyalists
C04754,51+,North,Classic,10,154,305826.59,1985.89,8,3,0.119,0.2027,0.0297,0.0963,0.0385,0.3298,0.1168,0.0672,Digital Shoppers (New)
C04755,51+,East,Classic,62,28,37789.58,1349.63,8,217,0.057,0.0331,0.1129,0.2816,0.0133,0.1924,0.1813,0.1283,Lapsed / Dormant
C04756,41-50,South,Classic,12,128,262978.13,2054.52,8,0,0.138,0.2197,0.0222,0.0851,0.0445,0.2801,0.1554,0.0549,Digital Shoppers (New)
C04757,31-40,West,Platinum,27,173,202022.62,1167.76,8,3,0.1016,0.0684,0.1946,0.3201,0.0252,0.078,0.0484,0.1637,Everyday Essentials Loyalists
C04758,51+,South,Classic,45,28,48344.76,1726.6,7,215,0.0855,0.0886,0.0914,0.1051,0.0,0.3357,0.2482,0.0454,Lapsed / Dormant
C04759,21-30,North,Classic,48,98,739041.29,7541.24,8,0,0.1435,0.0962,0.05,0.0352,0.0692,0.1666,0.4358,0.0035,Premium Travel & Dining Elite
C04760,31-40,North,Gold,34,29,53482.31,1844.22,8,236,0.0266,0.1606,0.3557,0.074,0.0182,0.0201,0.2346,0.1102,Lapsed / Dormant
C04761,31-40,West,Gold,33,136,242060.62,1779.86,8,2,0.1595,0.2559,0.0148,0.0643,0.0295,0.3523,0.0779,0.0458,Digital Shoppers (New)
C04762,31-40,North,Classic,10,137,282008.72,2058.46,8,0,0.0861,0.2998,0.0192,0.0456,0.0468,0.2972,0.1506,0.0546,Digital Shoppers (New)
C04763,31-40,West,Classic,49,22,25208.51,1145.84,8,271,0.1363,0.1893,0.1558,0.1696,0.0919,0.0576,0.1586,0.0408,Lapsed / Dormant
C04764,21-30,North,Classic,13,153,326270.52,2132.49,8,0,0.0885,0.1745,0.0716,0.0917,0.0451,0.2829,0.2069,0.0389,Digital Shoppers (New)
C04765,21-30,South,Classic,39,176,197997.89,1124.99,8,5,0.1105,0.0705,0.1748,0.3135,0.0261,0.0892,0.1245,0.0909,Everyday Essentials Loyalists
C04766,41-50,South,Gold,33,184,201224.93,1093.61,8,0,0.1371,0.0767,0.2693,0.287,0.0371,0.0416,0.0564,0.0947,Everyday Essentials Loyalists
C04767,21-30,North,Classic,10,126,243610.23,1933.41,8,1,0.1247,0.1693,0.0503,0.051,0.0888,0.3012,0.1492,0.0654,Digital Shoppers (New)
C04768,31-40,East,Classic,17,130,254899.77,1960.77,8,2,0.1399,0.2722,0.0255,0.0556,0.0474,0.1952,0.1698,0.0945,Digital Shoppers (New)
C04769,21-30,East,Gold,56,174,208225.79,1196.7,8,2,0.1108,0.055,0.2266,0.2577,0.032,0.0774,0.0891,0.1514,Everyday Essentials Loyalists
C04770,31-40,North,Platinum,39,30,37978.61,1265.95,8,0,0.0395,0.1309,0.1424,0.125,0.0933,0.0482,0.1588,0.262,Low-Engagement Occasional
C04771,31-40,South,Gold,3,123,241202.46,1961.0,8,6,0.1118,0.2393,0.0314,0.0374,0.0305,0.3405,0.1179,0.091,Digital Shoppers (New)
C04772,41-50,West,Classic,51,147,149397.65,1016.31,8,3,0.0864,0.0564,0.1528,0.4127,0.0216,0.1132,0.0505,0.1064,Everyday Essentials Loyalists
C04773,31-40,West,Gold,64,112,916396.91,8182.12,8,3,0.1429,0.0462,0.044,0.0557,0.0266,0.1628,0.4867,0.0351,Premium Travel & Dining Elite
C04774,31-40,South,Classic,7,149,286075.22,1919.97,8,0,0.1001,0.2109,0.0511,0.0438,0.0739,0.3587,0.1091,0.0524,Digital Shoppers (New)
C04775,41-50,West,Platinum,61,104,880633.74,8467.63,8,7,0.1602,0.0386,0.0178,0.0539,0.0454,0.1765,0.4755,0.0321,Premium Travel & Dining Elite
C04776,21-30,North,Gold,65,117,884326.38,7558.35,8,0,0.1584,0.0662,0.019,0.1115,0.0902,0.1175,0.3967,0.0404,Premium Travel & Dining Elite
C04777,41-50,North,Platinum,42,161,191622.05,1190.2,8,0,0.0882,0.0723,0.2285,0.3227,0.0191,0.136,0.0573,0.0758,Everyday Essentials Loyalists
C04778,21-30,East,Classic,64,119,914297.41,7683.17,8,3,0.169,0.0543,0.0098,0.0401,0.032,0.1417,0.5151,0.0381,Premium Travel & Dining Elite
C04779,51+,East,Classic,33,180,199071.08,1105.95,8,0,0.1479,0.0616,0.1441,0.2554,0.0349,0.138,0.0737,0.1445,Everyday Essentials Loyalists
C04780,21-30,West,Classic,33,140,272627.82,1947.34,8,1,0.0662,0.2444,0.0646,0.0964,0.0428,0.3426,0.0731,0.0697,Digital Shoppers (New)
C04781,31-40,North,Gold,22,168,194653.31,1158.65,8,0,0.1022,0.0661,0.1696,0.2835,0.0372,0.0616,0.0841,0.1955,Everyday Essentials Loyalists
C04782,41-50,South,Platinum,53,41,60790.24,1482.69,8,159,0.1751,0.0655,0.1522,0.1882,0.0339,0.1973,0.1256,0.0623,Lapsed / Dormant
C04783,31-40,East,Platinum,51,25,41925.67,1677.03,8,256,0.0598,0.0329,0.0215,0.1985,0.1964,0.0807,0.3439,0.0663,Lapsed / Dormant
C04784,41-50,North,Classic,20,129,249773.86,1936.23,8,0,0.0949,0.2896,0.0286,0.0474,0.0475,0.3036,0.0994,0.0891,Digital Shoppers (New)
C04785,21-30,South,Gold,40,53,64062.52,1208.73,8,139,0.1013,0.1685,0.032,0.2659,0.0316,0.1012,0.1454,0.1542,Low-Engagement Occasional
C04786,31-40,East,Classic,59,36,51436.66,1428.8,8,225,0.0599,0.1033,0.1156,0.3354,0.0505,0.0638,0.1371,0.1343,Lapsed / Dormant
C04787,51+,North,Gold,40,164,183000.13,1115.85,8,1,0.1445,0.0458,0.2113,0.312,0.0601,0.0891,0.0318,0.1054,Everyday Essentials Loyalists
C04788,51+,South,Classic,18,27,45129.27,1671.45,8,12,0.1482,0.0595,0.1262,0.3244,0.0231,0.106,0.076,0.1367,Low-Engagement Occasional
C04789,31-40,North,Platinum,49,107,875032.68,8177.88,8,4,0.1524,0.0894,0.0494,0.0305,0.0649,0.2075,0.394,0.0118,Premium Travel & Dining Elite
C04790,31-40,West,Platinum,31,37,45759.34,1236.74,8,0,0.1747,0.0383,0.1185,0.2057,0.0291,0.1528,0.1632,0.1177,Low-Engagement Occasional
C04791,41-50,North,Classic,3,130,264898.99,2037.68,8,0,0.1063,0.205,0.0341,0.0338,0.0477,0.3463,0.1818,0.045,Digital Shoppers (New)
C04792,41-50,North,Platinum,78,88,706387.75,8027.13,8,2,0.1067,0.0868,0.0363,0.1135,0.0478,0.1279,0.4565,0.0244,Premium Travel & Dining Elite
C04793,51+,North,Gold,52,167,199960.6,1197.37,8,0,0.0701,0.0327,0.2627,0.3258,0.0245,0.0895,0.0954,0.0993,Everyday Essentials Loyalists
C04794,41-50,North,Classic,66,35,55979.84,1599.42,8,191,0.1427,0.0596,0.1077,0.0446,0.1083,0.0998,0.3339,0.1035,Lapsed / Dormant
C04795,31-40,North,Gold,59,181,218969.94,1209.78,8,3,0.0594,0.0821,0.1431,0.4016,0.0228,0.0659,0.0664,0.1587,Everyday Essentials Loyalists
C04796,41-50,East,Classic,38,171,207845.15,1215.47,8,0,0.0702,0.0777,0.1076,0.3133,0.0545,0.1071,0.1291,0.1404,Everyday Essentials Loyalists
C04797,31-40,North,Classic,33,160,193933.81,1212.09,8,0,0.0977,0.091,0.1732,0.2972,0.0691,0.0617,0.0801,0.1301,Everyday Essentials Loyalists
C04798,21-30,North,Platinum,3,137,245520.7,1792.12,8,0,0.0817,0.2287,0.0345,0.0365,0.0578,0.4597,0.0658,0.0353,Digital Shoppers (New)
C04799,41-50,North,Gold,25,28,36131.72,1290.42,7,3,0.1198,0.0555,0.0654,0.3776,0.0235,0.0605,0.0,0.2977,Low-Engagement Occasional
C04800,41-50,South,Platinum,47,34,44377.34,1305.22,8,2,0.0154,0.1158,0.0461,0.2004,0.0678,0.2999,0.0346,0.22,Low-Engagement Occasional
C04801,21-30,North,Platinum,33,163,209451.75,1284.98,8,0,0.0961,0.0738,0.2244,0.3153,0.032,0.1072,0.0752,0.076,Everyday Essentials Loyalists
C04802,41-50,East,Platinum,39,169,193797.86,1146.73,8,1,0.077,0.1006,0.1993,0.2568,0.0297,0.092,0.1001,0.1446,Everyday Essentials Loyalists
C04803,31-40,East,Gold,54,114,989006.25,8675.49,8,3,0.1792,0.0516,0.0126,0.0538,0.0083,0.1748,0.5139,0.0058,Premium Travel & Dining Elite
C04804,21-30,West,Platinum,17,144,253986.68,1763.8,8,1,0.0785,0.2652,0.0687,0.1059,0.0843,0.252,0.0607,0.0847,Digital Shoppers (New)
C04805,41-50,North,Classic,42,31,37731.93,1217.16,7,23,0.1067,0.0454,0.1299,0.2489,0.0804,0.1508,0.0,0.2378,Low-Engagement Occasional
C04806,41-50,West,Classic,14,40,62044.91,1551.12,8,1,0.0551,0.0687,0.0456,0.2083,0.2532,0.1149,0.0695,0.1847,Low-Engagement Occasional
C04807,31-40,East,Platinum,28,177,174108.9,983.67,8,2,0.0912,0.056,0.1593,0.2893,0.0396,0.0512,0.0946,0.2188,Everyday Essentials Loyalists
C04808,21-30,North,Classic,28,133,272954.94,2052.29,8,4,0.124,0.1747,0.0935,0.0142,0.0536,0.2482,0.2344,0.0574,Digital Shoppers (New)
C04809,31-40,South,Platinum,49,195,219067.5,1123.42,8,3,0.0924,0.0184,0.2096,0.3344,0.0591,0.0555,0.1252,0.1053,Everyday Essentials Loyalists
C04810,21-30,West,Gold,11,139,259845.52,1869.39,8,0,0.1242,0.1923,0.0354,0.0449,0.0615,0.3494,0.126,0.0664,Digital Shoppers (New)
C04811,51+,South,Classic,31,136,256262.67,1884.28,8,1,0.1157,0.2092,0.032,0.0107,0.0874,0.2437,0.2393,0.062,Digital Shoppers (New)
C04812,31-40,South,Classic,16,38,68444.39,1801.17,8,27,0.0138,0.0298,0.2072,0.0868,0.1564,0.147,0.2194,0.1396,Low-Engagement Occasional
C04813,51+,East,Platinum,23,163,320493.23,1966.22,8,3,0.0724,0.2304,0.0525,0.097,0.0627,0.3668,0.0767,0.0414,Digital Shoppers (New)
C04814,21-30,North,Classic,47,48,61111.49,1273.16,8,163,0.1349,0.085,0.0743,0.2925,0.0869,0.1739,0.081,0.0715,Lapsed / Dormant
C04815,21-30,West,Classic,48,196,219838.76,1121.63,8,2,0.0817,0.0614,0.187,0.326,0.0418,0.1291,0.0437,0.1294,Everyday Essentials Loyalists
C04816,31-40,North,Platinum,36,102,763116.02,7481.53,8,0,0.1437,0.0637,0.0128,0.0689,0.0833,0.1125,0.4897,0.0255,Premium Travel & Dining Elite
C04817,41-50,North,Classic,39,182,211522.99,1162.21,8,1,0.1122,0.0279,0.1948,0.3239,0.0168,0.0973,0.0585,0.1687,Everyday Essentials Loyalists
C04818,51+,North,Classic,21,141,311210.62,2207.17,8,2,0.0822,0.2539,0.0532,0.0458,0.0537,0.3396,0.0986,0.073,Digital Shoppers (New)
C04819,31-40,South,Classic,13,123,243705.54,1981.35,8,0,0.1299,0.1229,0.0254,0.0627,0.0311,0.3455,0.2613,0.0213,Digital Shoppers (New)
C04820,31-40,West,Classic,26,131,272502.42,2080.17,8,3,0.1124,0.2069,0.0095,0.0697,0.0468,0.2992,0.2291,0.0262,Digital Shoppers (New)
C04821,21-30,West,Classic,42,32,46099.48,1440.61,8,14,0.153,0.0952,0.0585,0.2143,0.152,0.0854,0.1112,0.1305,Low-Engagement Occasional
C04822,31-40,West,Classic,32,172,202824.15,1179.21,8,0,0.0965,0.0581,0.1453,0.2745,0.0398,0.1009,0.0928,0.1921,Everyday Essentials Loyalists
C04823,31-40,South,Gold,38,33,44746.9,1355.97,8,4,0.0839,0.0646,0.0823,0.1899,0.0589,0.1935,0.1854,0.1414,Low-Engagement Occasional
C04824,51+,South,Platinum,20,40,51042.29,1276.06,8,8,0.0944,0.1062,0.1718,0.1115,0.0462,0.2555,0.1021,0.1124,Low-Engagement Occasional
C04825,31-40,South,Gold,42,175,196558.89,1123.19,8,1,0.1047,0.0474,0.1239,0.3805,0.0364,0.1382,0.0455,0.1234,Everyday Essentials Loyalists
C04826,41-50,North,Platinum,48,180,201742.09,1120.79,8,4,0.1176,0.0606,0.184,0.3257,0.0309,0.1043,0.0592,0.1178,Everyday Essentials Loyalists
C04827,41-50,West,Platinum,33,166,184697.92,1112.64,8,1,0.083,0.0291,0.2523,0.3464,0.0224,0.086,0.0667,0.1141,Everyday Essentials Loyalists
C04828,21-30,South,Classic,49,190,202155.16,1063.97,8,1,0.0888,0.0326,0.1944,0.4011,0.0703,0.0698,0.0194,0.1237,Everyday Essentials Loyalists
C04829,31-40,South,Classic,24,31,51066.31,1647.3,8,13,0.0547,0.0624,0.0864,0.2016,0.0371,0.2192,0.2795,0.0591,Low-Engagement Occasional
C04830,51+,South,Gold,42,27,39122.03,1448.96,8,219,0.0297,0.0175,0.0417,0.1242,0.0233,0.2914,0.2029,0.2693,Lapsed / Dormant
C04831,31-40,West,Gold,21,139,274793.8,1976.93,8,1,0.1197,0.3126,0.0228,0.0453,0.0251,0.3252,0.1157,0.0335,Digital Shoppers (New)
C04832,31-40,North,Classic,33,158,182073.35,1152.36,8,7,0.0983,0.0539,0.1737,0.2928,0.0317,0.1136,0.0887,0.1473,Everyday Essentials Loyalists
C04833,51+,West,Gold,21,27,43162.9,1598.63,8,28,0.0241,0.1147,0.0818,0.2601,0.0444,0.1609,0.0852,0.2288,Low-Engagement Occasional
C04834,21-30,West,Classic,40,37,41310.53,1116.5,7,6,0.0658,0.1375,0.0297,0.2523,0.1219,0.2426,0.0,0.1502,Low-Engagement Occasional
C04835,51+,West,Classic,43,160,184712.59,1154.45,8,10,0.0952,0.0298,0.1803,0.3225,0.0272,0.1161,0.0926,0.1363,Everyday Essentials Loyalists
C04836,31-40,North,Classic,15,38,67245.06,1769.61,7,3,0.0,0.0444,0.0731,0.2388,0.0554,0.2635,0.0566,0.2682,Low-Engagement Occasional
C04837,31-40,North,Platinum,68,104,740952.25,7124.54,8,0,0.0991,0.1235,0.0252,0.0791,0.0618,0.1829,0.4085,0.0198,Premium Travel & Dining Elite
C04838,31-40,South,Platinum,55,102,861795.11,8448.97,8,0,0.1386,0.0736,0.0291,0.0453,0.0528,0.1216,0.4988,0.0401,Premium Travel & Dining Elite
C04839,31-40,West,Gold,45,97,745676.85,7687.39,7,9,0.1884,0.0994,0.0,0.0522,0.0304,0.1607,0.4253,0.0436,Premium Travel & Dining Elite
C04840,21-30,West,Platinum,16,161,177733.33,1103.93,8,6,0.0742,0.1077,0.2157,0.2515,0.0405,0.1337,0.0735,0.1031,Everyday Essentials Loyalists
C04841,21-30,East,Gold,57,61,87870.3,1440.5,7,137,0.1466,0.0,0.0788,0.1482,0.0179,0.2021,0.3471,0.0593,Lapsed / Dormant
C04842,31-40,North,Gold,33,163,219018.1,1343.67,8,5,0.1429,0.0283,0.1636,0.2923,0.0232,0.0862,0.1739,0.0898,Everyday Essentials Loyalists
C04843,31-40,North,Classic,29,170,181112.03,1065.36,8,3,0.1091,0.0361,0.1713,0.3039,0.0533,0.0927,0.0877,0.1459,Everyday Essentials Loyalists
C04844,41-50,East,Classic,48,191,207889.16,1088.42,8,0,0.0536,0.0511,0.2203,0.2618,0.0784,0.1008,0.08,0.154,Everyday Essentials Loyalists
C04845,21-30,North,Classic,50,156,154431.75,989.95,8,3,0.0908,0.0485,0.2361,0.37,0.0317,0.051,0.0223,0.1496,Everyday Essentials Loyalists
C04846,21-30,East,Classic,34,164,177178.88,1080.36,8,1,0.0665,0.0436,0.2699,0.341,0.0382,0.1185,0.0347,0.0876,Everyday Essentials Loyalists
C04847,21-30,West,Platinum,69,96,821914.67,8561.61,8,11,0.1614,0.0713,0.016,0.0578,0.062,0.1804,0.4261,0.025,Premium Travel & Dining Elite
C04848,31-40,South,Classic,34,136,242621.1,1783.98,8,0,0.1261,0.2843,0.0375,0.0456,0.0434,0.3229,0.079,0.0612,Digital Shoppers (New)
C04849,21-30,South,Gold,73,92,796555.08,8658.21,8,12,0.1088,0.0919,0.0082,0.1097,0.0291,0.1316,0.4692,0.0515,Premium Travel & Dining Elite
C04850,21-30,North,Gold,41,26,37012.29,1423.55,8,11,0.0455,0.0498,0.1192,0.2141,0.0481,0.1216,0.1533,0.2485,Low-Engagement Occasional
C04851,31-40,North,Classic,45,179,210027.0,1173.34,8,0,0.0847,0.0628,0.1879,0.251,0.0268,0.1197,0.1019,0.1652,Everyday Essentials Loyalists
C04852,41-50,East,Gold,25,31,45665.39,1473.08,8,2,0.1102,0.0274,0.012,0.1415,0.0327,0.0509,0.3177,0.3075,Low-Engagement Occasional
C04853,41-50,South,Classic,29,28,38107.83,1360.99,6,4,0.0678,0.1262,0.0,0.2815,0.1332,0.0997,0.0,0.2915,Low-Engagement Occasional
C04854,31-40,North,Platinum,64,100,893160.26,8931.6,8,2,0.0597,0.0733,0.0036,0.0546,0.0468,0.1801,0.5598,0.0221,Premium Travel & Dining Elite
C04855,51+,North,Platinum,47,106,850219.84,8020.94,7,1,0.1656,0.0466,0.004,0.0968,0.0527,0.195,0.4394,0.0,Premium Travel & Dining Elite
C04856,41-50,North,Classic,40,20,29424.48,1471.22,5,258,0.0862,0.0,0.2094,0.3,0.0,0.2286,0.0,0.1757,Lapsed / Dormant
C04857,41-50,East,Classic,3,133,277953.7,2089.88,8,0,0.048,0.2313,0.0099,0.0504,0.0693,0.345,0.1722,0.0738,Digital Shoppers (New)
C04858,21-30,East,Gold,16,132,260970.59,1977.05,8,4,0.104,0.2249,0.0271,0.0247,0.0541,0.321,0.1714,0.0729,Digital Shoppers (New)
C04859,21-30,South,Gold,60,91,744907.45,8185.8,8,0,0.1127,0.0536,0.0617,0.0437,0.0443,0.0634,0.5854,0.0352,Premium Travel & Dining Elite
C04860,31-40,South,Classic,35,166,171619.46,1033.85,8,2,0.0656,0.0316,0.2186,0.2855,0.06,0.1159,0.0581,0.1646,Everyday Essentials Loyalists
C04861,21-30,North,Gold,22,140,261112.93,1865.09,8,2,0.1486,0.2169,0.0226,0.0508,0.0977,0.3212,0.1068,0.0355,Digital Shoppers (New)
C04862,41-50,South,Classic,37,20,23504.62,1175.23,7,224,0.1458,0.0,0.2533,0.1415,0.0869,0.2018,0.0761,0.0945,Lapsed / Dormant
C04863,31-40,North,Classic,35,173,185748.98,1073.69,8,1,0.0815,0.0662,0.151,0.3008,0.043,0.0677,0.0621,0.2277,Everyday Essentials Loyalists
C04864,21-30,West,Classic,37,26,31328.34,1204.94,8,1,0.0155,0.0567,0.126,0.2476,0.0826,0.1886,0.1919,0.0911,Low-Engagement Occasional
C04865,21-30,North,Classic,39,30,45938.07,1531.27,8,12,0.1306,0.0795,0.1945,0.0981,0.2272,0.0321,0.0664,0.1716,Low-Engagement Occasional
C04866,21-30,South,Platinum,52,112,945112.18,8438.5,8,0,0.1302,0.1283,0.0154,0.0683,0.0508,0.158,0.4076,0.0415,Premium Travel & Dining Elite
C04867,31-40,North,Classic,44,189,219927.54,1163.64,8,0,0.1482,0.0219,0.1917,0.2531,0.0542,0.1512,0.04,0.1395,Everyday Essentials Loyalists
C04868,21-30,West,Classic,34,171,185371.62,1084.04,8,1,0.0856,0.067,0.1294,0.3594,0.0257,0.0632,0.0954,0.1744,Everyday Essentials Loyalists
C04869,31-40,North,Gold,12,138,258877.73,1875.93,8,3,0.0766,0.1893,0.0353,0.0817,0.0456,0.3014,0.1668,0.1033,Digital Shoppers (New)
C04870,31-40,West,Platinum,15,128,241255.27,1884.81,8,2,0.0965,0.183,0.0395,0.0745,0.0679,0.3885,0.1136,0.0365,Digital Shoppers (New)
C04871,31-40,North,Classic,47,150,178166.34,1187.78,8,2,0.0961,0.0679,0.2395,0.3074,0.0361,0.0785,0.0449,0.1296,Everyday Essentials Loyalists
C04872,51+,West,Classic,45,172,180208.28,1047.72,8,0,0.109,0.0363,0.1993,0.261,0.0542,0.0931,0.1016,0.1455,Everyday Essentials Loyalists
C04873,51+,East,Gold,32,30,40574.19,1352.47,7,15,0.1255,0.072,0.1372,0.2696,0.0578,0.1303,0.0,0.2076,Low-Engagement Occasional
C04874,31-40,North,Platinum,3,131,269529.95,2057.48,8,3,0.1428,0.2279,0.0237,0.0618,0.0693,0.3472,0.0938,0.0335,Digital Shoppers (New)
C04875,31-40,North,Gold,17,159,287632.47,1809.01,8,0,0.1235,0.2196,0.0327,0.0888,0.0569,0.2973,0.1019,0.0792,Digital Shoppers (New)
C04876,41-50,South,Platinum,19,142,271888.42,1914.71,8,0,0.088,0.2114,0.0399,0.1518,0.0825,0.311,0.0841,0.0312,Digital Shoppers (New)
C04877,51+,West,Gold,48,182,197304.94,1084.09,8,2,0.1266,0.0611,0.1926,0.2637,0.0595,0.0605,0.044,0.192,Everyday Essentials Loyalists
C04878,31-40,West,Classic,22,42,61964.2,1475.34,8,6,0.078,0.02,0.1183,0.3326,0.0476,0.1536,0.0778,0.1721,Low-Engagement Occasional
C04879,21-30,North,Gold,51,156,167615.92,1074.46,8,0,0.0745,0.0814,0.1797,0.3505,0.0219,0.0889,0.0426,0.1605,Everyday Essentials Loyalists
C04880,41-50,South,Classic,28,175,218722.04,1249.84,8,0,0.0986,0.1256,0.1708,0.3144,0.0208,0.0727,0.1038,0.0932,Everyday Essentials Loyalists
C04881,21-30,North,Classic,37,169,178611.82,1056.87,8,0,0.1153,0.0259,0.2317,0.3093,0.0146,0.0964,0.06,0.1467,Everyday Essentials Loyalists
C04882,41-50,North,Classic,11,144,294110.37,2042.43,8,3,0.0954,0.2492,0.0382,0.0466,0.0468,0.3293,0.1155,0.0789,Digital Shoppers (New)
C04883,21-30,East,Classic,3,128,254594.4,1989.02,8,2,0.0639,0.1671,0.0094,0.0441,0.058,0.4622,0.0838,0.1116,Digital Shoppers (New)
C04884,21-30,South,Gold,39,207,245825.82,1187.56,8,2,0.0797,0.051,0.1158,0.2592,0.0828,0.1766,0.0906,0.1443,Everyday Essentials Loyalists
C04885,41-50,North,Classic,32,32,50475.97,1577.37,8,32,0.0584,0.1255,0.232,0.2072,0.1908,0.0902,0.0199,0.076,Low-Engagement Occasional
C04886,41-50,West,Classic,11,37,43104.01,1164.97,7,2,0.214,0.0171,0.1767,0.1815,0.0381,0.1351,0.0,0.2374,Low-Engagement Occasional
C04887,31-40,West,Platinum,56,109,857566.58,7867.58,8,1,0.2365,0.0727,0.0374,0.1044,0.0261,0.1437,0.3124,0.0667,Premium Travel & Dining Elite
C04888,41-50,West,Classic,12,31,43081.06,1389.71,8,1,0.1359,0.1265,0.1245,0.1369,0.0792,0.1969,0.0952,0.1049,Low-Engagement Occasional
C04889,51+,North,Classic,62,169,219781.98,1300.49,8,2,0.1088,0.055,0.2347,0.2403,0.0243,0.0753,0.1643,0.0975,Everyday Essentials Loyalists
C04890,31-40,West,Classic,50,12,18501.22,1541.77,6,269,0.0969,0.0,0.0,0.1644,0.1408,0.1953,0.3455,0.0571,Lapsed / Dormant
C04891,51+,East,Gold,43,172,203469.46,1182.96,8,1,0.1072,0.0667,0.1475,0.2921,0.0485,0.1172,0.1061,0.1148,Everyday Essentials Loyalists
C04892,31-40,South,Gold,44,178,214152.06,1203.1,8,0,0.0973,0.0337,0.1688,0.3159,0.0828,0.068,0.0772,0.1563,Everyday Essentials Loyalists
C04893,21-30,North,Classic,20,151,283786.24,1879.38,8,0,0.1741,0.2184,0.0215,0.0277,0.0427,0.3013,0.1396,0.0747,Digital Shoppers (New)
C04894,41-50,West,Gold,51,184,211429.76,1149.07,8,0,0.0861,0.0727,0.2014,0.2623,0.0325,0.1132,0.108,0.1239,Everyday Essentials Loyalists
C04895,31-40,South,Platinum,14,38,49174.82,1294.07,8,5,0.0541,0.0781,0.1817,0.2485,0.0438,0.1481,0.1376,0.108,Low-Engagement Occasional
C04896,51+,West,Classic,27,144,290149.0,2014.92,8,0,0.0841,0.2061,0.0269,0.0671,0.0263,0.3083,0.1623,0.1188,Digital Shoppers (New)
C04897,21-30,East,Classic,54,162,175379.21,1082.59,8,1,0.0923,0.0699,0.1619,0.3082,0.0358,0.1334,0.046,0.1525,Everyday Essentials Loyalists
C04898,21-30,West,Gold,13,157,283106.2,1803.22,8,0,0.0892,0.2218,0.005,0.0519,0.0861,0.3621,0.1506,0.0334,Digital Shoppers (New)
C04899,21-30,East,Gold,46,51,58031.43,1137.87,8,172,0.0514,0.075,0.0795,0.1606,0.0873,0.2169,0.1421,0.1873,Lapsed / Dormant
C04900,41-50,West,Classic,3,37,42472.8,1147.91,7,26,0.1742,0.0373,0.085,0.13,0.1192,0.165,0.0,0.2894,Low-Engagement Occasional
C04901,41-50,North,Classic,3,154,325009.84,2110.45,8,0,0.0944,0.247,0.0446,0.0413,0.0228,0.3491,0.1773,0.0235,Digital Shoppers (New)
C04902,31-40,North,Classic,47,198,212573.36,1073.6,8,0,0.0923,0.033,0.2001,0.2954,0.046,0.1061,0.0949,0.1323,Everyday Essentials Loyalists
C04903,21-30,West,Classic,54,174,188307.24,1082.23,8,0,0.1083,0.0528,0.143,0.3259,0.0437,0.1075,0.0441,0.1748,Everyday Essentials Loyalists
C04904,31-40,South,Gold,55,23,29698.59,1291.24,7,249,0.1426,0.2999,0.0594,0.1929,0.0,0.1769,0.0995,0.0289,Lapsed / Dormant
C04905,31-40,East,Classic,29,23,30147.17,1310.75,8,18,0.0703,0.1229,0.0367,0.1289,0.1638,0.0514,0.2461,0.1798,Low-Engagement Occasional
C04906,41-50,West,Classic,33,134,253869.89,1894.55,8,2,0.1258,0.1571,0.0631,0.0576,0.0773,0.3339,0.1217,0.0634,Digital Shoppers (New)
C04907,41-50,South,Classic,58,32,54982.42,1718.2,8,238,0.1455,0.008,0.0693,0.0982,0.0193,0.1581,0.2887,0.213,Lapsed / Dormant
C04908,21-30,West,Gold,56,105,823570.5,7843.53,8,1,0.2433,0.1222,0.0393,0.043,0.0261,0.1247,0.3855,0.016,Premium Travel & Dining Elite
C04909,31-40,South,Gold,51,36,45220.28,1256.12,8,16,0.1494,0.141,0.1023,0.0816,0.0661,0.1477,0.0971,0.2147,Low-Engagement Occasional
C04910,41-50,West,Gold,31,176,196123.81,1114.34,8,1,0.0593,0.0468,0.1679,0.3828,0.0399,0.0972,0.0694,0.1368,Everyday Essentials Loyalists
C04911,31-40,North,Gold,45,104,855340.33,8224.43,8,4,0.1378,0.0374,0.0209,0.0755,0.0329,0.2267,0.4547,0.0141,Premium Travel & Dining Elite
C04912,31-40,East,Platinum,9,131,243708.06,1860.37,8,4,0.1051,0.1956,0.0289,0.127,0.062,0.3482,0.0674,0.0658,Digital Shoppers (New)
C04913,41-50,West,Classic,34,171,186721.34,1091.94,8,0,0.0671,0.0674,0.2239,0.313,0.0245,0.1259,0.092,0.0861,Everyday Essentials Loyalists
C04914,31-40,North,Classic,44,33,39888.83,1208.75,8,137,0.0659,0.0497,0.2008,0.0766,0.0325,0.1764,0.2296,0.1684,Lapsed / Dormant
C04915,21-30,South,Platinum,49,176,212692.07,1208.48,8,3,0.1055,0.0623,0.2203,0.2573,0.0477,0.0892,0.1453,0.0724,Everyday Essentials Loyalists
C04916,21-30,South,Classic,29,40,54818.35,1370.46,8,1,0.0471,0.1574,0.1284,0.0462,0.0795,0.171,0.1085,0.262,Low-Engagement Occasional
C04917,41-50,East,Classic,29,38,42125.14,1108.56,7,10,0.0366,0.1147,0.1867,0.0619,0.0885,0.202,0.0,0.3096,Low-Engagement Occasional
C04918,21-30,South,Classic,30,30,37088.97,1236.3,7,9,0.2704,0.0297,0.0322,0.1857,0.0699,0.1838,0.0,0.2284,Low-Engagement Occasional
C04919,41-50,North,Gold,24,42,54159.17,1289.5,8,166,0.151,0.0543,0.067,0.2966,0.0218,0.2061,0.0873,0.1161,Lapsed / Dormant
C04920,31-40,West,Platinum,26,174,213229.55,1225.46,8,0,0.0872,0.095,0.1659,0.3631,0.026,0.0654,0.0625,0.1348,Everyday Essentials Loyalists
C04921,31-40,North,Gold,38,153,176440.06,1153.2,8,0,0.1882,0.0321,0.1802,0.2515,0.0697,0.1158,0.0656,0.0968,Everyday Essentials Loyalists
C04922,41-50,South,Gold,33,142,171947.48,1210.9,8,9,0.0597,0.083,0.2215,0.27,0.0493,0.065,0.0826,0.1689,Everyday Essentials Loyalists
C04923,31-40,East,Classic,39,173,183697.6,1061.84,8,0,0.0936,0.0646,0.1644,0.3407,0.0109,0.1166,0.0826,0.1267,Everyday Essentials Loyalists
C04924,21-30,North,Gold,62,22,25910.43,1177.75,6,262,0.0484,0.1691,0.0,0.1682,0.1135,0.2805,0.0,0.2202,Lapsed / Dormant
C04925,21-30,North,Gold,13,144,289856.42,2012.89,8,0,0.1262,0.2567,0.0174,0.0594,0.0583,0.3533,0.0575,0.0713,Digital Shoppers (New)
C04926,41-50,West,Classic,28,177,208152.45,1176.0,8,6,0.1513,0.0381,0.1444,0.2808,0.0447,0.0885,0.074,0.1782,Everyday Essentials Loyalists
C04927,31-40,East,Gold,34,135,153545.02,1137.37,8,2,0.0565,0.0673,0.1644,0.3728,0.0411,0.1172,0.0803,0.1004,Everyday Essentials Loyalists
C04928,41-50,North,Gold,31,134,236396.58,1764.15,8,4,0.136,0.165,0.0588,0.0823,0.0967,0.318,0.1216,0.0216,Digital Shoppers (New)
C04929,31-40,West,Classic,45,28,41695.2,1489.11,8,30,0.0279,0.1647,0.0528,0.0937,0.1678,0.0439,0.1755,0.2737,Low-Engagement Occasional
C04930,31-40,South,Classic,47,153,161010.83,1052.36,8,5,0.0555,0.0401,0.1972,0.3801,0.0397,0.0703,0.0743,0.1428,Everyday Essentials Loyalists
C04931,31-40,North,Gold,14,36,51961.71,1443.38,8,0,0.0371,0.1037,0.0814,0.2339,0.1336,0.0834,0.0479,0.279,Low-Engagement Occasional
C04932,21-30,East,Classic,17,131,232467.68,1774.56,8,1,0.0931,0.1626,0.0426,0.0514,0.0823,0.4669,0.0472,0.0539,Digital Shoppers (New)
C04933,41-50,South,Classic,33,32,48137.03,1504.28,6,4,0.1376,0.0,0.0,0.1365,0.2273,0.1014,0.0209,0.3764,Low-Engagement Occasional
C04934,21-30,North,Platinum,42,149,170264.86,1142.72,8,7,0.0606,0.0317,0.2473,0.238,0.012,0.1085,0.1214,0.1804,Everyday Essentials Loyalists
C04935,51+,West,Platinum,8,120,227412.97,1895.11,8,0,0.1143,0.3591,0.0185,0.0328,0.0446,0.3611,0.0298,0.0398,Digital Shoppers (New)
C04936,21-30,North,Classic,38,166,202209.28,1218.13,8,0,0.0828,0.0716,0.1616,0.3097,0.0404,0.1103,0.0731,0.1506,Everyday Essentials Loyalists
C04937,31-40,North,Gold,35,182,205098.95,1126.92,8,2,0.0963,0.0519,0.1701,0.2822,0.0778,0.0933,0.0867,0.1417,Everyday Essentials Loyalists
C04938,21-30,North,Classic,18,37,53937.15,1457.76,8,0,0.1386,0.1952,0.0442,0.1869,0.1455,0.0918,0.1392,0.0586,Low-Engagement Occasional
C04939,41-50,West,Platinum,27,120,256945.09,2141.21,8,0,0.1471,0.1753,0.0659,0.0632,0.0594,0.3324,0.1124,0.0443,Digital Shoppers (New)
C04940,21-30,West,Gold,50,155,186247.53,1201.6,8,1,0.1308,0.0374,0.1489,0.3192,0.0981,0.0688,0.0797,0.1172,Everyday Essentials Loyalists
C04941,31-40,West,Classic,27,32,47061.18,1470.66,8,9,0.1061,0.237,0.094,0.1133,0.0448,0.1365,0.0791,0.1892,Low-Engagement Occasional
C04942,51+,North,Classic,63,97,797283.08,8219.41,8,3,0.1123,0.0785,0.0185,0.0718,0.0366,0.1146,0.549,0.0186,Premium Travel & Dining Elite
C04943,41-50,West,Platinum,17,132,234276.78,1774.82,8,1,0.1245,0.2207,0.0407,0.1083,0.0435,0.3436,0.0842,0.0345,Digital Shoppers (New)
C04944,21-30,East,Gold,71,35,53731.17,1535.18,8,219,0.0887,0.0822,0.1407,0.2347,0.0811,0.0929,0.2062,0.0735,Lapsed / Dormant
C04945,41-50,South,Classic,22,133,274413.9,2063.26,8,10,0.0936,0.2427,0.0587,0.0515,0.0729,0.337,0.1064,0.0371,Digital Shoppers (New)
C04946,31-40,North,Classic,38,21,39217.52,1867.5,8,4,0.0652,0.1271,0.1482,0.0187,0.0531,0.2245,0.1938,0.1695,Low-Engagement Occasional
C04947,21-30,West,Gold,14,121,210086.32,1736.25,8,3,0.0905,0.2151,0.0446,0.0627,0.067,0.3537,0.0958,0.0707,Digital Shoppers (New)
C04948,31-40,North,Gold,25,24,25195.95,1049.83,7,19,0.0649,0.1117,0.0501,0.352,0.1699,0.0516,0.0,0.1997,Low-Engagement Occasional
C04949,41-50,East,Classic,27,137,261224.37,1906.75,8,8,0.1565,0.1688,0.0923,0.0371,0.0418,0.3558,0.0969,0.0509,Digital Shoppers (New)
C04950,31-40,South,Gold,36,21,30069.66,1431.89,8,18,0.4038,0.026,0.023,0.1826,0.1634,0.0322,0.1086,0.0605,Low-Engagement Occasional
C04951,41-50,North,Gold,33,161,195818.18,1216.26,8,0,0.0885,0.1038,0.2322,0.2128,0.0247,0.0757,0.1345,0.1279,Everyday Essentials Loyalists
C04952,41-50,West,Gold,34,24,36409.37,1517.06,8,5,0.0795,0.0301,0.0485,0.2606,0.0409,0.2577,0.1817,0.1011,Low-Engagement Occasional
C04953,31-40,West,Gold,50,164,190429.09,1161.15,8,6,0.1166,0.0727,0.1395,0.3237,0.0284,0.1002,0.069,0.1498,Everyday Essentials Loyalists
C04954,31-40,South,Classic,27,30,40094.23,1336.47,8,195,0.0748,0.1877,0.0993,0.1576,0.076,0.2805,0.0566,0.0675,Lapsed / Dormant
C04955,41-50,East,Gold,32,167,210673.77,1261.52,8,2,0.0987,0.0569,0.1508,0.3247,0.0223,0.0931,0.122,0.1314,Everyday Essentials Loyalists
C04956,31-40,South,Classic,45,169,197370.83,1167.87,8,1,0.0795,0.0554,0.1551,0.2167,0.051,0.1407,0.1934,0.1081,Everyday Essentials Loyalists
C04957,21-30,West,Gold,10,23,27608.2,1200.36,6,15,0.0738,0.2241,0.0,0.1186,0.1676,0.1486,0.0,0.2674,Low-Engagement Occasional
C04958,31-40,North,Gold,24,177,190556.88,1076.59,8,0,0.0535,0.0497,0.1617,0.2228,0.0255,0.1488,0.1489,0.1891,Everyday Essentials Loyalists
C04959,51+,South,Classic,39,170,179631.88,1056.66,8,0,0.1029,0.0648,0.2403,0.2392,0.0324,0.1208,0.0769,0.1227,Everyday Essentials Loyalists
C04960,31-40,South,Classic,34,30,33180.27,1106.01,7,0,0.1478,0.0453,0.1343,0.1496,0.0976,0.0896,0.0,0.3357,Low-Engagement Occasional
C04961,21-30,South,Gold,47,168,197089.51,1173.15,8,2,0.114,0.0579,0.2097,0.2457,0.05,0.1157,0.1148,0.0922,Everyday Essentials Loyalists
C04962,21-30,South,Platinum,57,153,168851.18,1103.6,8,1,0.1229,0.0761,0.139,0.2878,0.0321,0.1046,0.0379,0.1995,Everyday Essentials Loyalists
C04963,21-30,North,Classic,14,137,270869.38,1977.15,8,0,0.1317,0.1577,0.0163,0.064,0.0677,0.365,0.1531,0.0446,Digital Shoppers (New)
C04964,51+,West,Classic,38,167,203818.26,1220.47,8,0,0.1026,0.0471,0.155,0.2602,0.0236,0.1304,0.1537,0.1275,Everyday Essentials Loyalists
C04965,31-40,North,Classic,28,165,169901.75,1029.71,8,0,0.1237,0.0661,0.1897,0.3337,0.0263,0.0598,0.0522,0.1485,Everyday Essentials Loyalists
C04966,41-50,North,Gold,56,118,938748.31,7955.49,8,7,0.2306,0.052,0.024,0.0678,0.0694,0.1056,0.4195,0.031,Premium Travel & Dining Elite
C04967,41-50,South,Gold,49,161,185486.68,1152.09,8,0,0.0966,0.077,0.1855,0.2816,0.0217,0.1578,0.0723,0.1076,Everyday Essentials Loyalists
C04968,31-40,East,Classic,49,174,213922.15,1229.44,8,0,0.1304,0.04,0.1789,0.3024,0.0578,0.0775,0.0876,0.1253,Everyday Essentials Loyalists
C04969,41-50,North,Platinum,62,95,712391.8,7498.86,8,1,0.2417,0.0517,0.0117,0.0806,0.0877,0.1822,0.3223,0.022,Premium Travel & Dining Elite
C04970,51+,South,Gold,19,130,252768.95,1944.38,8,9,0.1673,0.2036,0.06,0.0446,0.0601,0.2902,0.0727,0.1016,Digital Shoppers (New)
C04971,41-50,West,Classic,26,133,243157.39,1828.25,8,1,0.123,0.2611,0.0185,0.0661,0.0686,0.3078,0.1146,0.0404,Digital Shoppers (New)
C04972,41-50,North,Platinum,60,92,873163.5,9490.91,8,0,0.141,0.0743,0.0246,0.0153,0.0312,0.147,0.5524,0.0142,Premium Travel & Dining Elite
C04973,31-40,West,Gold,55,174,193126.72,1109.92,8,0,0.0638,0.0831,0.2004,0.3214,0.0373,0.0918,0.0892,0.1131,Everyday Essentials Loyalists
C04974,41-50,South,Gold,40,13,19979.5,1536.88,6,278,0.3167,0.0,0.1132,0.0,0.0458,0.1936,0.1388,0.1921,Lapsed / Dormant
C04975,21-30,East,Classic,13,119,235120.68,1975.8,8,3,0.0778,0.2541,0.0221,0.0489,0.0505,0.3553,0.1483,0.0431,Digital Shoppers (New)
C04976,41-50,North,Classic,37,159,180890.98,1137.68,8,0,0.0932,0.0593,0.2053,0.3108,0.0408,0.0923,0.0825,0.1158,Everyday Essentials Loyalists
C04977,31-40,West,Classic,21,132,229994.67,1742.38,8,1,0.1051,0.2383,0.0152,0.0243,0.019,0.3994,0.1244,0.0743,Digital Shoppers (New)
C04978,31-40,West,Gold,31,169,195956.29,1159.5,8,6,0.0721,0.0649,0.1371,0.3367,0.0201,0.1208,0.1043,0.1439,Everyday Essentials Loyalists
C04979,51+,North,Gold,26,23,32754.08,1424.09,8,18,0.0345,0.2099,0.0385,0.3577,0.0641,0.0926,0.1055,0.097,Low-Engagement Occasional
C04980,41-50,North,Classic,29,18,15637.5,868.75,7,295,0.0554,0.2243,0.1314,0.1661,0.1272,0.2532,0.0,0.0426,Lapsed / Dormant
C04981,21-30,North,Classic,53,51,66582.48,1305.54,8,135,0.1055,0.0796,0.0953,0.1435,0.0799,0.125,0.1216,0.2496,Lapsed / Dormant
C04982,41-50,North,Classic,54,151,203930.88,1350.54,8,8,0.0497,0.0448,0.1969,0.2928,0.0214,0.0821,0.1864,0.1258,Everyday Essentials Loyalists
C04983,51+,West,Gold,51,175,187899.09,1073.71,8,3,0.106,0.0557,0.1687,0.3768,0.0463,0.1074,0.0172,0.1219,Everyday Essentials Loyalists
C04984,41-50,East,Gold,50,162,191030.4,1179.2,8,0,0.0419,0.0736,0.2607,0.3183,0.02,0.0777,0.0458,0.162,Everyday Essentials Loyalists
C04985,51+,East,Gold,50,169,189318.67,1120.23,8,7,0.1124,0.0815,0.2024,0.2926,0.0558,0.0769,0.0257,0.1528,Everyday Essentials Loyalists
C04986,41-50,West,Classic,48,158,188844.8,1195.22,8,4,0.1213,0.053,0.1544,0.2559,0.0397,0.0441,0.1864,0.145,Everyday Essentials Loyalists
C04987,51+,West,Classic,20,119,235650.02,1980.25,8,0,0.1361,0.1915,0.0432,0.0114,0.0464,0.36,0.1234,0.0881,Digital Shoppers (New)
C04988,31-40,West,Classic,48,184,207521.64,1127.83,8,1,0.0935,0.0504,0.1803,0.359,0.0389,0.1306,0.0378,0.1094,Everyday Essentials Loyalists
C04989,31-40,South,Gold,41,33,34081.5,1032.77,8,236,0.1048,0.0262,0.0948,0.3519,0.1499,0.0915,0.1244,0.0565,Lapsed / Dormant
C04990,41-50,South,Platinum,57,130,1070651.92,8235.78,8,0,0.1928,0.0557,0.0082,0.0413,0.0391,0.1643,0.4585,0.0401,Premium Travel & Dining Elite
C04991,51+,North,Gold,60,96,708968.77,7385.09,8,11,0.1273,0.0706,0.0452,0.0543,0.0587,0.1776,0.4221,0.0443,Premium Travel & Dining Elite
C04992,21-30,South,Gold,26,31,42107.66,1358.31,7,11,0.0,0.0092,0.1119,0.2811,0.0971,0.2984,0.1128,0.0895,Low-Engagement Occasional
C04993,21-30,South,Classic,14,30,48034.75,1601.16,8,0,0.016,0.1377,0.0651,0.273,0.0621,0.1541,0.1157,0.1764,Low-Engagement Occasional
C04994,31-40,North,Classic,29,182,211161.74,1160.23,8,8,0.0914,0.0446,0.2071,0.3136,0.0633,0.0554,0.0907,0.1338,Everyday Essentials Loyalists
C04995,41-50,South,Gold,16,114,231461.79,2030.37,8,5,0.0642,0.2389,0.0248,0.0702,0.0536,0.3774,0.1263,0.0447,Digital Shoppers (New)
C04996,51+,South,Gold,51,165,195959.0,1187.63,8,1,0.0509,0.0394,0.184,0.3582,0.0369,0.1101,0.1006,0.1198,Everyday Essentials Loyalists
C04997,31-40,South,Gold,42,159,181904.79,1144.06,8,1,0.0746,0.0759,0.216,0.2773,0.0369,0.1018,0.1091,0.1084,Everyday Essentials Loyalists
C04998,21-30,North,Classic,41,138,281667.94,2041.07,8,0,0.0711,0.2338,0.0256,0.0694,0.0463,0.3369,0.0916,0.1254,Digital Shoppers (New)
C04999,31-40,South,Gold,32,173,192074.03,1110.25,8,1,0.053,0.06,0.202,0.3193,0.0585,0.0849,0.1136,0.1087,Everyday Essentials Loyalists
C05000,51+,South,Gold,18,112,238451.58,2129.03,8,1,0.0482,0.2476,0.0114,0.0708,0.092,0.2638,0.2145,0.0517,Digital Shoppers (New)
